group_id,C0,C1,C2,seed,c1_minus_c0,c2_minus_c1
01::000004220001,1.0,1.0,1.0,3407,0.0,0.0
01::000004250001,1.0,1.0,1.0,3407,0.0,0.0
01::000004430001,1.0,1.0,1.0,3407,0.0,0.0
01::000004490001,1.0,1.0,1.0,3407,0.0,0.0
01::000004580001,1.0,1.0,1.0,3407,0.0,0.0
01::000004680001,1.0,1.0,1.0,3407,0.0,0.0
01::000006069598,1.0,1.0,1.0,3407,0.0,0.0
01::000006389597,1.0,1.0,1.0,3407,0.0,0.0
01::000006940001,1.0,1.0,1.0,3407,0.0,0.0
01::000007020001,1.0,1.0,1.0,3407,0.0,0.0
01::000007140001,1.0,1.0,1.0,3407,0.0,0.0
01::000007190001,1.0,1.0,1.0,3407,0.0,0.0
01::000007240001,1.0,1.0,1.0,3407,0.0,0.0
01::000007450001,1.0,1.0,1.0,3407,0.0,0.0
01::000010309598,1.0,1.0,1.0,3407,0.0,0.0
01::000011280001,1.0,1.0,1.0,3407,0.0,0.0
01::000013650001,1.0,1.0,1.0,3407,0.0,0.0
01::000015009597,0.2,0.4,0.8,3407,0.2,0.4
01::000016229598,1.0,1.0,1.0,3407,0.0,0.0
01::000017830001,1.0,1.0,1.0,3407,0.0,0.0
01::000018049597,0.0,0.0,0.0,3407,0.0,0.0
01::000019399597,0.0,0.0,0.0,3407,0.0,0.0
01::000019460001,1.0,1.0,1.0,3407,0.0,0.0
01::000021940001,1.0,1.0,1.0,3407,0.0,0.0
01::000022110001,1.0,1.0,1.0,3407,0.0,0.0
01::000022140001,1.0,1.0,1.0,3407,0.0,0.0
01::000023080001,1.0,1.0,1.0,3407,0.0,0.0
01::000023170001,1.0,1.0,1.0,3407,0.0,0.0
01::000023460001,1.0,1.0,1.0,3407,0.0,0.0
01::000023540001,1.0,1.0,1.0,3407,0.0,0.0
01::000023550001,1.0,1.0,1.0,3407,0.0,0.0
01::000023790001,1.0,1.0,1.0,3407,0.0,0.0
01::000024089596,1.0,1.0,1.0,3407,0.0,0.0
01::000024629596,1.0,1.0,1.0,3407,0.0,0.0
01::000026040001,1.0,1.0,1.0,3407,0.0,0.0
01::000026060001,1.0,1.0,1.0,3407,0.0,0.0
01::000026770001,0.5,0.5,1.0,3407,0.0,0.5
01::000027090001,1.0,1.0,0.8,3407,0.0,-0.19999999999999996
01::000027150001,1.0,1.0,1.0,3407,0.0,0.0
01::000027270001,1.0,1.0,1.0,3407,0.0,0.0
01::000036659598,1.0,1.0,1.0,3407,0.0,0.0
01::000049189596,1.0,0.0,1.0,3407,-1.0,1.0
01::000060649598,1.0,1.0,1.0,3407,0.0,0.0
01::000069349598,1.0,0.8064516129032258,1.0,3407,-0.19354838709677424,0.19354838709677424
01::000076939598,1.0,1.0,1.0,3407,0.0,0.0
01::000078379598,1.0,1.0,1.0,3407,0.0,0.0
01::000081289598,1.0,1.0,1.0,3407,0.0,0.0
01::000081569598,1.0,1.0,1.0,3407,0.0,0.0
01::000091699598,1.0,1.0,1.0,3407,0.0,0.0
01::000093829598,1.0,1.0,1.0,3407,0.0,0.0
01::000099029598,1.0,1.0,1.0,3407,0.0,0.0
01::000100979598,1.0,1.0,1.0,3407,0.0,0.0
01::000103059598,1.0,1.0,1.0,3407,0.0,0.0
01::000107559598,1.0,1.0,1.0,3407,0.0,0.0
01::000107669598,1.0,1.0,1.0,3407,0.0,0.0
01::000128789598,1.0,1.0,1.0,3407,0.0,0.0
01::000137839598,1.0,1.0,1.0,3407,0.0,0.0
01::000141599598,1.0,1.0,1.0,3407,0.0,0.0
01::000146689598,1.0,1.0,1.0,3407,0.0,0.0
01::000148389598,1.0,1.0,1.0,3407,0.0,0.0
01::000156749598,1.0,1.0,1.0,3407,0.0,0.0
01::000159109598,1.0,1.0,1.0,3407,0.0,0.0
01::000166779598,1.0,1.0,1.0,3407,0.0,0.0
01::002626000101,1.0,1.0,1.0,3407,0.0,0.0
01::003379535208,1.0,1.0,1.0,3407,0.0,0.0
01::003384205218,1.0,1.0,1.0,3407,0.0,0.0
01::003387745222,1.0,1.0,1.0,3407,0.0,0.0
01::003387765222,1.0,1.0,1.0,3407,0.0,0.0
01::003391715225,1.0,1.0,1.0,3407,0.0,0.0
01::003391755225,1.0,1.0,1.0,3407,0.0,0.0
01::003398295232,1.0,1.0,1.0,3407,0.0,0.0
01::003398395232,1.0,1.0,1.0,3407,0.0,0.0
01::003398825232,1.0,1.0,1.0,3407,0.0,0.0
01::003399365233,1.0,1.0,1.0,3407,0.0,0.0
01::003405415240,1.0,1.0,1.0,3407,0.0,0.0
01::003405815240,1.0,1.0,1.0,3407,0.0,0.0
01::003416895270,1.0,1.0,1.0,3407,0.0,0.0
01::003417075270,1.0,1.0,1.0,3407,0.0,0.0
01::003419365275,1.0,1.0,1.0,3407,0.0,0.0
01::003419375275,1.0,1.0,1.0,3407,0.0,0.0
01::003419715275,1.0,1.0,1.0,3407,0.0,0.0
01::003421335277,1.0,1.0,1.0,3407,0.0,0.0
01::003421375277,1.0,1.0,1.0,3407,0.0,0.0
01::003422035277,1.0,1.0,1.0,3407,0.0,0.0
01::003425455286,1.0,1.0,1.0,3407,0.0,0.0
01::003425595286,1.0,1.0,1.0,3407,0.0,0.0
01::003425675286,1.0,1.0,1.0,3407,0.0,0.0
01::003425725286,1.0,1.0,1.0,3407,0.0,0.0
01::003425975286,1.0,1.0,1.0,3407,0.0,0.0
01::003426085286,1.0,1.0,1.0,3407,0.0,0.0
01::003426215286,1.0,1.0,1.0,3407,0.0,0.0
01::003426255286,1.0,1.0,1.0,3407,0.0,0.0
01::003426265286,1.0,1.0,1.0,3407,0.0,0.0
01::003426385286,1.0,1.0,1.0,3407,0.0,0.0
01::003426465286,1.0,1.0,1.0,3407,0.0,0.0
01::003430375290,1.0,1.0,1.0,3407,0.0,0.0
01::003430415290,1.0,1.0,1.0,3407,0.0,0.0
01::003430545290,1.0,1.0,1.0,3407,0.0,0.0
01::003433465293,1.0,1.0,1.0,3407,0.0,0.0
01::003433605293,1.0,1.0,1.0,3407,0.0,0.0
01::003433745293,1.0,1.0,1.0,3407,0.0,0.0
01::003433935293,1.0,1.0,1.0,3407,0.0,0.0
01::003434035293,1.0,1.0,1.0,3407,0.0,0.0
01::003434295293,1.0,1.0,1.0,3407,0.0,0.0
01::003434415293,1.0,1.0,1.0,3407,0.0,0.0
01::003436795295,1.0,1.0,1.0,3407,0.0,0.0
01::003446215305,1.0,1.0,1.0,3407,0.0,0.0
01::003446265305,1.0,1.0,0.6666666666666666,3407,0.0,-0.33333333333333337
01::003446555306,1.0,1.0,1.0,3407,0.0,0.0
01::003446715305,1.0,1.0,1.0,3407,0.0,0.0
01::003446945306,1.0,1.0,1.0,3407,0.0,0.0
01::003447115306,1.0,1.0,1.0,3407,0.0,0.0
01::003447235306,1.0,1.0,1.0,3407,0.0,0.0
01::003447285306,1.0,1.0,1.0,3407,0.0,0.0
01::003447475306,0.5,1.0,1.0,3407,0.5,0.0
01::003447605305,1.0,1.0,1.0,3407,0.0,0.0
01::003447715306,1.0,1.0,1.0,3407,0.0,0.0
01::003447775306,1.0,1.0,1.0,3407,0.0,0.0
01::003447965305,1.0,1.0,1.0,3407,0.0,0.0
01::003453695309,1.0,1.0,1.0,3407,0.0,0.0
01::003456125311,1.0,1.0,1.0,3407,0.0,0.0
01::003456205311,1.0,1.0,1.0,3407,0.0,0.0
01::003469375335,1.0,1.0,1.0,3407,0.0,0.0
01::003473785342,1.0,1.0,1.0,3407,0.0,0.0
01::003473915342,1.0,1.0,1.0,3407,0.0,0.0
01::003474115342,1.0,1.0,1.0,3407,0.0,0.0
01::003474445342,1.0,1.0,1.0,3407,0.0,0.0
01::003474575342,1.0,1.0,1.0,3407,0.0,0.0
01::003477485348,1.0,1.0,1.0,3407,0.0,0.0
01::003480435354,1.0,1.0,1.0,3407,0.0,0.0
01::003480575354,1.0,1.0,1.0,3407,0.0,0.0
01::003480805354,1.0,1.0,1.0,3407,0.0,0.0
01::003486355364,0.0,1.0,0.0,3407,1.0,-1.0
01::003490145366,1.0,1.0,1.0,3407,0.0,0.0
01::003490595366,1.0,1.0,1.0,3407,0.0,0.0
01::003490735366,1.0,1.0,1.0,3407,0.0,0.0
01::003490795366,1.0,1.0,1.0,3407,0.0,0.0
01::003490845366,1.0,1.0,1.0,3407,0.0,0.0
01::003493665369,1.0,1.0,1.0,3407,0.0,0.0
01::003494685372,1.0,1.0,1.0,3407,0.0,0.0
01::003496725374,1.0,1.0,1.0,3407,0.0,0.0
01::003496825374,1.0,1.0,1.0,3407,0.0,0.0
01::003496965374,1.0,1.0,1.0,3407,0.0,0.0
01::003497135374,1.0,1.0,1.0,3407,0.0,0.0
01::003497465374,1.0,1.0,1.0,3407,0.0,0.0
01::003497545374,1.0,1.0,1.0,3407,0.0,0.0
01::003497615374,1.0,1.0,1.0,3407,0.0,0.0
01::003497655374,1.0,1.0,1.0,3407,0.0,0.0
01::003497685374,1.0,1.0,1.0,3407,0.0,0.0
01::003497725374,1.0,1.0,1.0,3407,0.0,0.0
01::003497805374,1.0,1.0,1.0,3407,0.0,0.0
01::003497825374,1.0,1.0,1.0,3407,0.0,0.0
01::003500755378,1.0,1.0,1.0,3407,0.0,0.0
01::003500785378,1.0,1.0,1.0,3407,0.0,0.0
01::003500805378,1.0,1.0,1.0,3407,0.0,0.0
01::003500865378,1.0,1.0,1.0,3407,0.0,0.0
01::003500895378,1.0,1.0,1.0,3407,0.0,0.0
01::003500935378,1.0,1.0,1.0,3407,0.0,0.0
01::003500975378,1.0,1.0,1.0,3407,0.0,0.0
01::003501235378,1.0,1.0,1.0,3407,0.0,0.0
01::003501355378,1.0,1.0,1.0,3407,0.0,0.0
01::003501385378,1.0,1.0,1.0,3407,0.0,0.0
01::003501465378,1.0,1.0,1.0,3407,0.0,0.0
01::003501535378,1.0,1.0,1.0,3407,0.0,0.0
01::003503135380,1.0,1.0,1.0,3407,0.0,0.0
01::003506425386,1.0,1.0,1.0,3407,0.0,0.0
01::003506685386,1.0,1.0,1.0,3407,0.0,0.0
01::003510805403,1.0,1.0,1.0,3407,0.0,0.0
01::003515925415,1.0,1.0,1.0,3407,0.0,0.0
01::003515955414,1.0,1.0,1.0,3407,0.0,0.0
01::003516245415,1.0,1.0,1.0,3407,0.0,0.0
01::003516385414,1.0,1.0,1.0,3407,0.0,0.0
01::003516455415,1.0,0.8,1.0,3407,-0.19999999999999996,0.19999999999999996
01::003517405415,1.0,1.0,1.0,3407,0.0,0.0
01::003525465417,1.0,1.0,1.0,3407,0.0,0.0
01::003527245419,1.0,1.0,1.0,3407,0.0,0.0
01::003535125429,1.0,1.0,1.0,3407,0.0,0.0
01::003535135429,1.0,1.0,1.0,3407,0.0,0.0
01::003535445429,1.0,1.0,1.0,3407,0.0,0.0
01::003535535429,1.0,1.0,1.0,3407,0.0,0.0
01::003535705429,1.0,1.0,1.0,3407,0.0,0.0
01::003535715429,1.0,1.0,1.0,3407,0.0,0.0
01::003540715442,1.0,1.0,1.0,3407,0.0,0.0
01::003542735448,1.0,1.0,1.0,3407,0.0,0.0
01::003549895470,1.0,1.0,1.0,3407,0.0,0.0
01::003549925470,1.0,1.0,1.0,3407,0.0,0.0
01::003549935470,1.0,1.0,1.0,3407,0.0,0.0
01::003550205470,1.0,1.0,1.0,3407,0.0,0.0
01::003550235470,1.0,1.0,1.0,3407,0.0,0.0
01::003550315470,1.0,1.0,1.0,3407,0.0,0.0
01::003555485481,1.0,1.0,1.0,3407,0.0,0.0
01::003555595481,1.0,1.0,1.0,3407,0.0,0.0
01::003556565482,1.0,1.0,1.0,3407,0.0,0.0
01::003556985482,1.0,1.0,1.0,3407,0.0,0.0
01::003557015482,1.0,1.0,1.0,3407,0.0,0.0
01::003558785487,1.0,1.0,1.0,3407,0.0,0.0
01::003558825487,1.0,1.0,1.0,3407,0.0,0.0
01::003559005487,1.0,1.0,1.0,3407,0.0,0.0
01::003560335495,1.0,1.0,1.0,3407,0.0,0.0
01::003560605495,1.0,1.0,1.0,3407,0.0,0.0
01::003568165517,1.0,1.0,1.0,3407,0.0,0.0
01::003568525517,1.0,1.0,1.0,3407,0.0,0.0
01::003568615517,1.0,1.0,1.0,3407,0.0,0.0
01::003571495521,1.0,1.0,1.0,3407,0.0,0.0
01::003571605521,1.0,1.0,1.0,3407,0.0,0.0
01::003571675521,1.0,1.0,1.0,3407,0.0,0.0
01::003571825521,1.0,1.0,1.0,3407,0.0,0.0
01::003575855532,1.0,1.0,1.0,3407,0.0,0.0
01::003576935534,1.0,1.0,1.0,3407,0.0,0.0
01::003586435569,1.0,1.0,1.0,3407,0.0,0.0
01::003586575569,1.0,1.0,1.0,3407,0.0,0.0
01::003586615569,1.0,1.0,1.0,3407,0.0,0.0
01::003586775569,1.0,1.0,1.0,3407,0.0,0.0
01::003586895569,1.0,1.0,1.0,3407,0.0,0.0
01::003587185569,1.0,1.0,1.0,3407,0.0,0.0
01::003587195569,1.0,1.0,1.0,3407,0.0,0.0
01::003589425583,1.0,1.0,1.0,3407,0.0,0.0
01::003591165585,1.0,1.0,1.0,3407,0.0,0.0
01::003591345585,1.0,1.0,1.0,3407,0.0,0.0
01::003599995598,1.0,1.0,1.0,3407,0.0,0.0
01::003600135598,1.0,1.0,1.0,3407,0.0,0.0
01::003604665610,1.0,1.0,1.0,3407,0.0,0.0
01::003607285612,1.0,1.0,1.0,3407,0.0,0.0
01::003614845628,1.0,1.0,1.0,3407,0.0,0.0
01::003614965628,1.0,1.0,1.0,3407,0.0,0.0
01::003615045628,1.0,1.0,1.0,3407,0.0,0.0
01::003616365630,1.0,1.0,1.0,3407,0.0,0.0
01::003616625630,1.0,1.0,1.0,3407,0.0,0.0
01::003621045640,1.0,1.0,1.0,3407,0.0,0.0
01::003621235640,1.0,1.0,1.0,3407,0.0,0.0
01::003629535658,1.0,1.0,1.0,3407,0.0,0.0
01::003629545658,1.0,1.0,1.0,3407,0.0,0.0
01::003633815671,1.0,1.0,1.0,3407,0.0,0.0
01::003641985707,1.0,1.0,1.0,3407,0.0,0.0
01::003642435707,1.0,1.0,1.0,3407,0.0,0.0
01::003645185716,1.0,1.0,1.0,3407,0.0,0.0
01::003645215716,1.0,1.0,1.0,3407,0.0,0.0
01::003645895716,1.0,1.0,1.0,3407,0.0,0.0
01::003646185716,1.0,1.0,1.0,3407,0.0,0.0
01::003646225716,1.0,1.0,1.0,3407,0.0,0.0
01::003646295718,1.0,1.0,1.0,3407,0.0,0.0
01::003657335751,1.0,1.0,1.0,3407,0.0,0.0
01::003657355751,1.0,1.0,1.0,3407,0.0,0.0
01::003657915752,1.0,1.0,1.0,3407,0.0,0.0
01::003657965752,1.0,1.0,1.0,3407,0.0,0.0
01::003658205752,1.0,1.0,1.0,3407,0.0,0.0
01::003658315752,1.0,1.0,1.0,3407,0.0,0.0
01::003658475752,1.0,1.0,1.0,3407,0.0,0.0
01::003658655752,1.0,1.0,1.0,3407,0.0,0.0
01::003658685754,1.0,1.0,1.0,3407,0.0,0.0
01::003658715752,1.0,1.0,1.0,3407,0.0,0.0
01::003658845754,1.0,1.0,1.0,3407,0.0,0.0
01::003661745760,1.0,1.0,1.0,3407,0.0,0.0
01::003661765760,1.0,1.0,1.0,3407,0.0,0.0
01::003665095766,1.0,1.0,1.0,3407,0.0,0.0
01::003665255765,1.0,1.0,1.0,3407,0.0,0.0
01::003665325765,1.0,1.0,1.0,3407,0.0,0.0
01::003666015765,1.0,1.0,1.0,3407,0.0,0.0
01::003666415765,1.0,1.0,1.0,3407,0.0,0.0
01::003680015782,1.0,1.0,1.0,3407,0.0,0.0
01::003689515794,1.0,1.0,1.0,3407,0.0,0.0
01::003689805794,1.0,1.0,1.0,3407,0.0,0.0
01::003689815794,1.0,1.0,1.0,3407,0.0,0.0
01::003689945794,1.0,1.0,1.0,3407,0.0,0.0
01::003690395794,1.0,1.0,1.0,3407,0.0,0.0
01::003693835805,1.0,1.0,1.0,3407,0.0,0.0
01::003694235805,1.0,1.0,1.0,3407,0.0,0.0
01::003695735806,1.0,1.0,1.0,3407,0.0,0.0
01::003698535825,1.0,1.0,1.0,3407,0.0,0.0
01::003698775825,1.0,1.0,1.0,3407,0.0,0.0
01::003701015833,1.0,1.0,1.0,3407,0.0,0.0
01::003701445833,1.0,1.0,1.0,3407,0.0,0.0
01::003701575834,1.0,1.0,1.0,3407,0.0,0.0
01::003701745833,1.0,1.0,1.0,3407,0.0,0.0
01::003702105833,1.0,1.0,1.0,3407,0.0,0.0
01::003707245844,1.0,1.0,1.0,3407,0.0,0.0
01::003713525850,1.0,1.0,1.0,3407,0.0,0.0
01::003715165857,1.0,1.0,1.0,3407,0.0,0.0
01::003715315857,1.0,1.0,1.0,3407,0.0,0.0
01::003715455857,1.0,1.0,1.0,3407,0.0,0.0
01::003715555857,1.0,1.0,1.0,3407,0.0,0.0
01::003717235859,1.0,1.0,1.0,3407,0.0,0.0
01::003717475859,1.0,1.0,1.0,3407,0.0,0.0
01::003730665880,1.0,1.0,1.0,3407,0.0,0.0
01::003735535894,1.0,1.0,1.0,3407,0.0,0.0
01::003735585894,1.0,1.0,1.0,3407,0.0,0.0
01::003735795894,1.0,1.0,1.0,3407,0.0,0.0
01::003735925894,1.0,1.0,1.0,3407,0.0,0.0
01::003737175897,1.0,1.0,1.0,3407,0.0,0.0
01::003737325897,1.0,1.0,1.0,3407,0.0,0.0
01::003738595907,1.0,1.0,1.0,3407,0.0,0.0
01::003743415926,1.0,1.0,1.0,3407,0.0,0.0
01::003743445926,0.5,1.0,1.0,3407,0.5,0.0
01::003744905931,1.0,1.0,1.0,3407,0.0,0.0
01::003747535940,1.0,1.0,1.0,3407,0.0,0.0
01::003751665959,1.0,1.0,1.0,3407,0.0,0.0
01::003751725959,1.0,1.0,1.0,3407,0.0,0.0
01::003756185976,1.0,1.0,1.0,3407,0.0,0.0
01::003756235977,1.0,1.0,1.0,3407,0.0,0.0
01::003762595989,1.0,1.0,1.0,3407,0.0,0.0
01::003770846009,1.0,1.0,1.0,3407,0.0,0.0
01::003772096012,0.0,0.0,0.0,3407,0.0,0.0
01::003776146025,1.0,1.0,1.0,3407,0.0,0.0
01::003776196026,1.0,1.0,1.0,3407,0.0,0.0
01::003779026033,1.0,1.0,1.0,3407,0.0,0.0
01::003780506038,1.0,1.0,1.0,3407,0.0,0.0
01::003780566038,1.0,1.0,1.0,3407,0.0,0.0
01::003780946038,1.0,1.0,1.0,3407,0.0,0.0
01::003782176043,1.0,1.0,1.0,3407,0.0,0.0
01::003782186043,1.0,1.0,1.0,3407,0.0,0.0
01::003788896066,1.0,1.0,1.0,3407,0.0,0.0
01::003789096066,1.0,1.0,1.0,3407,0.0,0.0
01::003789576070,1.0,1.0,1.0,3407,0.0,0.0
01::003789746070,1.0,1.0,1.0,3407,0.0,0.0
01::003791346075,1.0,1.0,1.0,3407,0.0,0.0
01::003791596076,1.0,1.0,1.0,3407,0.0,0.0
01::003791866075,1.0,1.0,1.0,3407,0.0,0.0
01::003796626085,1.0,1.0,1.0,3407,0.0,0.0
01::003796776085,1.0,1.0,1.0,3407,0.0,0.0
01::003798166092,1.0,0.0,0.0,3407,-1.0,0.0
01::003801126102,1.0,1.0,1.0,3407,0.0,0.0
01::003801156101,1.0,1.0,1.0,3407,0.0,0.0
01::003802526103,1.0,1.0,1.0,3407,0.0,0.0
01::003804846105,1.0,1.0,1.0,3407,0.0,0.0
01::003804876105,1.0,1.0,1.0,3407,0.0,0.0
01::003805686105,1.0,1.0,1.0,3407,0.0,0.0
01::003807056110,1.0,1.0,1.0,3407,0.0,0.0
01::003813316120,1.0,1.0,1.0,3407,0.0,0.0
01::003813616123,1.0,1.0,1.0,3407,0.0,0.0
01::003814196124,1.0,1.0,1.0,3407,0.0,0.0
01::003814436124,1.0,1.0,1.0,3407,0.0,0.0
01::003814446124,1.0,1.0,1.0,3407,0.0,0.0
01::003814766124,1.0,1.0,1.0,3407,0.0,0.0
01::003814796124,1.0,1.0,1.0,3407,0.0,0.0
01::003815136124,1.0,1.0,1.0,3407,0.0,0.0
01::003815256124,1.0,1.0,1.0,3407,0.0,0.0
01::003816976126,1.0,1.0,1.0,3407,0.0,0.0
01::003817046126,1.0,1.0,1.0,3407,0.0,0.0
01::003817406126,1.0,1.0,1.0,3407,0.0,0.0
01::003817416126,1.0,1.0,1.0,3407,0.0,0.0
01::003819526127,1.0,1.0,1.0,3407,0.0,0.0
01::003819896127,1.0,1.0,1.0,3407,0.0,0.0
01::003825756156,1.0,1.0,1.0,3407,0.0,0.0
01::003826716156,1.0,1.0,1.0,3407,0.0,0.0
01::003826836157,1.0,1.0,1.0,3407,0.0,0.0
01::003832456168,1.0,1.0,1.0,3407,0.0,0.0
01::003833216168,1.0,1.0,1.0,3407,0.0,0.0
01::003836876177,1.0,1.0,1.0,3407,0.0,0.0
01::003837156178,1.0,1.0,1.0,3407,0.0,0.0
01::003837386178,1.0,1.0,1.0,3407,0.0,0.0
01::003838206180,1.0,1.0,1.0,3407,0.0,0.0
01::003838396180,1.0,1.0,1.0,3407,0.0,0.0
01::003838486180,1.0,1.0,1.0,3407,0.0,0.0
01::003838516180,1.0,1.0,1.0,3407,0.0,0.0
01::003839036184,1.0,1.0,1.0,3407,0.0,0.0
01::003840716187,1.0,1.0,1.0,3407,0.0,0.0
01::003843386191,1.0,1.0,1.0,3407,0.0,0.0
01::003843476191,1.0,1.0,1.0,3407,0.0,0.0
01::003843576191,1.0,1.0,1.0,3407,0.0,0.0
01::003843616191,1.0,1.0,1.0,3407,0.0,0.0
01::003848846201,1.0,1.0,1.0,3407,0.0,0.0
01::003849026201,1.0,1.0,1.0,3407,0.0,0.0
01::003850276208,1.0,1.0,1.0,3407,0.0,0.0
01::003856796226,1.0,1.0,1.0,3407,0.0,0.0
01::003871206248,1.0,1.0,1.0,3407,0.0,0.0
01::003871876248,0.0,1.0,1.0,3407,1.0,0.0
01::003874706255,1.0,1.0,1.0,3407,0.0,0.0
01::003883166287,1.0,1.0,1.0,3407,0.0,0.0
01::003883606287,1.0,1.0,1.0,3407,0.0,0.0
01::003886316294,1.0,1.0,1.0,3407,0.0,0.0
01::003888756299,1.0,1.0,1.0,3407,0.0,0.0
01::003891556306,1.0,1.0,1.0,3407,0.0,0.0
01::003891696306,1.0,1.0,1.0,3407,0.0,0.0
01::003892026306,1.0,1.0,1.0,3407,0.0,0.0
01::003892086306,1.0,1.0,1.0,3407,0.0,0.0
01::003892226306,1.0,1.0,1.0,3407,0.0,0.0
01::003895996309,1.0,1.0,1.0,3407,0.0,0.0
01::003896266309,1.0,1.0,1.0,3407,0.0,0.0
01::003908796342,1.0,1.0,1.0,3407,0.0,0.0
01::003909786343,1.0,1.0,1.0,3407,0.0,0.0
01::003910376343,1.0,1.0,1.0,3407,0.0,0.0
01::003910536343,1.0,1.0,1.0,3407,0.0,0.0
01::003911226343,1.0,1.0,1.0,3407,0.0,0.0
01::003915986353,1.0,1.0,1.0,3407,0.0,0.0
01::003916126353,1.0,1.0,1.0,3407,0.0,0.0
01::003917766356,1.0,1.0,1.0,3407,0.0,0.0
01::003919196360,1.0,1.0,1.0,3407,0.0,0.0
01::003921476366,1.0,1.0,1.0,3407,0.0,0.0
01::003925576379,1.0,1.0,1.0,3407,0.0,0.0
01::003925806379,1.0,1.0,1.0,3407,0.0,0.0
01::003929846388,1.0,1.0,1.0,3407,0.0,0.0
01::003933736405,0.0,1.0,1.0,3407,1.0,0.0
01::003935156408,1.0,1.0,1.0,3407,0.0,0.0
01::003935196408,1.0,1.0,1.0,3407,0.0,0.0
01::003935246408,1.0,1.0,1.0,3407,0.0,0.0
01::003935666408,1.0,1.0,1.0,3407,0.0,0.0
01::003937266412,1.0,1.0,1.0,3407,0.0,0.0
01::003937276412,1.0,1.0,1.0,3407,0.0,0.0
01::003937306411,1.0,1.0,1.0,3407,0.0,0.0
01::003943416429,1.0,1.0,1.0,3407,0.0,0.0
01::003943506429,1.0,1.0,1.0,3407,0.0,0.0
01::003943566429,1.0,1.0,1.0,3407,0.0,0.0
01::003943586429,1.0,1.0,1.0,3407,0.0,0.0
01::003943826429,1.0,1.0,1.0,3407,0.0,0.0
01::003943946429,1.0,1.0,1.0,3407,0.0,0.0
01::003944066429,1.0,1.0,1.0,3407,0.0,0.0
01::003944166429,1.0,1.0,1.0,3407,0.0,0.0
01::003946496435,1.0,1.0,1.0,3407,0.0,0.0
01::003946596435,1.0,1.0,1.0,3407,0.0,0.0
01::003947166436,1.0,1.0,1.0,3407,0.0,0.0
01::003948346438,1.0,1.0,1.0,3407,0.0,0.0
01::003948396438,1.0,1.0,1.0,3407,0.0,0.0
01::003949476445,1.0,0.0,1.0,3407,-1.0,1.0
01::003952226450,1.0,1.0,1.0,3407,0.0,0.0
01::003955756462,1.0,1.0,1.0,3407,0.0,0.0
01::003955766462,1.0,1.0,1.0,3407,0.0,0.0
01::003961116475,0.8,1.0,1.0,3407,0.19999999999999996,0.0
01::003961386475,1.0,1.0,1.0,3407,0.0,0.0
01::003961566475,1.0,1.0,1.0,3407,0.0,0.0
01::003976716512,1.0,1.0,1.0,3407,0.0,0.0
01::003977136512,1.0,1.0,1.0,3407,0.0,0.0
01::004086136713,1.0,1.0,1.0,3407,0.0,0.0
01::004089516717,1.0,1.0,1.0,3407,0.0,0.0
01::004089536717,1.0,1.0,1.0,3407,0.0,0.0
01::004093116723,1.0,1.0,1.0,3407,0.0,0.0
01::004093286723,0.0,0.0,1.0,3407,0.0,1.0
01::004094566724,1.0,1.0,1.0,3407,0.0,0.0
01::004094966724,1.0,1.0,1.0,3407,0.0,0.0
01::004095656724,1.0,1.0,1.0,3407,0.0,0.0
01::004095986724,1.0,1.0,1.0,3407,0.0,0.0
01::004096496724,1.0,1.0,1.0,3407,0.0,0.0
01::004099076725,1.0,1.0,1.0,3407,0.0,0.0
01::004099526726,1.0,1.0,1.0,3407,0.0,0.0
01::004100006725,1.0,1.0,1.0,3407,0.0,0.0
01::004100626726,1.0,1.0,1.0,3407,0.0,0.0
01::004101286725,1.0,1.0,1.0,3407,0.0,0.0
01::004105516731,1.0,1.0,1.0,3407,0.0,0.0
01::004106226731,1.0,1.0,1.0,3407,0.0,0.0
01::004116306748,1.0,1.0,1.0,3407,0.0,0.0
01::004116876748,1.0,1.0,1.0,3407,0.0,0.0
01::004121576751,1.0,1.0,1.0,3407,0.0,0.0
01::004121616751,1.0,1.0,1.0,3407,0.0,0.0
01::004121796751,1.0,1.0,1.0,3407,0.0,0.0
01::004122016751,1.0,1.0,1.0,3407,0.0,0.0
01::004126006756,1.0,1.0,1.0,3407,0.0,0.0
01::004126126756,1.0,1.0,1.0,3407,0.0,0.0
01::004126176756,1.0,1.0,1.0,3407,0.0,0.0
01::004126256756,1.0,1.0,1.0,3407,0.0,0.0
01::004126676756,1.0,1.0,1.0,3407,0.0,0.0
01::004126956756,1.0,1.0,1.0,3407,0.0,0.0
01::004127196756,1.0,1.0,1.0,3407,0.0,0.0
01::004127356756,1.0,1.0,1.0,3407,0.0,0.0
01::004133526771,1.0,1.0,1.0,3407,0.0,0.0
01::004133606772,1.0,1.0,1.0,3407,0.0,0.0
01::004133846771,1.0,1.0,1.0,3407,0.0,0.0
01::004133876771,1.0,1.0,1.0,3407,0.0,0.0
01::004133936771,1.0,1.0,1.0,3407,0.0,0.0
01::004134116771,1.0,1.0,1.0,3407,0.0,0.0
01::004135906775,1.0,1.0,1.0,3407,0.0,0.0
01::004135996775,1.0,1.0,1.0,3407,0.0,0.0
01::004136156774,1.0,1.0,1.0,3407,0.0,0.0
01::004138246778,1.0,1.0,1.0,3407,0.0,0.0
01::004138546778,1.0,1.0,1.0,3407,0.0,0.0
01::004156606808,1.0,1.0,1.0,3407,0.0,0.0
01::004156866808,1.0,1.0,1.0,3407,0.0,0.0
01::004156966808,1.0,1.0,1.0,3407,0.0,0.0
01::004161176811,0.0,0.0,0.0,3407,0.0,0.0
01::004161506811,1.0,1.0,1.0,3407,0.0,0.0
01::004165336815,1.0,1.0,1.0,3407,0.0,0.0
01::004169096823,1.0,1.0,1.0,3407,0.0,0.0
01::004172616828,1.0,1.0,1.0,3407,0.0,0.0
01::004173256828,1.0,1.0,1.0,3407,0.0,0.0
01::004176266832,1.0,1.0,1.0,3407,0.0,0.0
01::004176546832,1.0,1.0,1.0,3407,0.0,0.0
01::004176556832,1.0,1.0,1.0,3407,0.0,0.0
01::004176586832,1.0,1.0,1.0,3407,0.0,0.0
01::004178886835,1.0,1.0,1.0,3407,0.0,0.0
01::004185526842,1.0,1.0,1.0,3407,0.0,0.0
01::004186326842,1.0,1.0,1.0,3407,0.0,0.0
01::004192626854,1.0,1.0,1.0,3407,0.0,0.0
01::004192716854,1.0,1.0,1.0,3407,0.0,0.0
01::004193166854,1.0,1.0,1.0,3407,0.0,0.0
01::004194546858,1.0,1.0,1.0,3407,0.0,0.0
01::004195816859,1.0,1.0,1.0,3407,0.0,0.0
01::004196766862,1.0,1.0,1.0,3407,0.0,0.0
01::004200646866,1.0,1.0,1.0,3407,0.0,0.0
01::004200826866,1.0,1.0,1.0,3407,0.0,0.0
01::004204756877,1.0,1.0,1.0,3407,0.0,0.0
01::004204786877,1.0,1.0,1.0,3407,0.0,0.0
01::004209476885,1.0,1.0,1.0,3407,0.0,0.0
01::004210626888,1.0,1.0,1.0,3407,0.0,0.0
01::004211066888,1.0,1.0,1.0,3407,0.0,0.0
01::004216686893,1.0,1.0,1.0,3407,0.0,0.0
01::004221136904,1.0,1.0,1.0,3407,0.0,0.0
01::004221616904,1.0,1.0,1.0,3407,0.0,0.0
01::004227116913,1.0,1.0,1.0,3407,0.0,0.0
01::004227536913,1.0,1.0,1.0,3407,0.0,0.0
01::004228196913,0.0,0.0,0.0,3407,0.0,0.0
01::004230646916,1.0,1.0,1.0,3407,0.0,0.0
01::004230986916,1.0,1.0,1.0,3407,0.0,0.0
01::004235566929,1.0,1.0,1.0,3407,0.0,0.0
01::004236286931,1.0,1.0,1.0,3407,0.0,0.0
01::004236476931,1.0,1.0,1.0,3407,0.0,0.0
01::004247156949,1.0,1.0,1.0,3407,0.0,0.0
01::004258236957,1.0,1.0,1.0,3407,0.0,0.0
01::004259746960,1.0,1.0,1.0,3407,0.0,0.0
01::004260836960,1.0,1.0,1.0,3407,0.0,0.0
01::004264436965,1.0,1.0,1.0,3407,0.0,0.0
01::004265536967,1.0,1.0,1.0,3407,0.0,0.0
01::004265816971,1.0,1.0,1.0,3407,0.0,0.0
01::004265936971,1.0,1.0,1.0,3407,0.0,0.0
01::004274926976,1.0,1.0,1.0,3407,0.0,0.0
01::004277026978,1.0,1.0,1.0,3407,0.0,0.0
01::004286367003,1.0,1.0,1.0,3407,0.0,0.0
01::004287117004,1.0,1.0,1.0,3407,0.0,0.0
01::004298617027,1.0,1.0,1.0,3407,0.0,0.0
01::004300147030,1.0,1.0,1.0,3407,0.0,0.0
01::004300207030,1.0,1.0,1.0,3407,0.0,0.0
01::004300667031,1.0,1.0,1.0,3407,0.0,0.0
01::004305957033,1.0,1.0,1.0,3407,0.0,0.0
01::004306757033,1.0,1.0,1.0,3407,0.0,0.0
01::004310577035,1.0,1.0,1.0,3407,0.0,0.0
01::004313207038,1.0,1.0,1.0,3407,0.0,0.0
01::004313577038,1.0,1.0,1.0,3407,0.0,0.0
01::004328047042,1.0,1.0,1.0,3407,0.0,0.0
01::004328427042,1.0,1.0,1.0,3407,0.0,0.0
01::004328997042,0.0,1.0,0.0,3407,1.0,-1.0
01::004329257042,1.0,1.0,1.0,3407,0.0,0.0
01::004329757042,1.0,1.0,1.0,3407,0.0,0.0
01::004334087049,1.0,1.0,1.0,3407,0.0,0.0
01::004334427049,1.0,1.0,1.0,3407,0.0,0.0
01::004342807065,1.0,1.0,1.0,3407,0.0,0.0
01::004342907065,1.0,1.0,1.0,3407,0.0,0.0
01::004346967076,1.0,1.0,1.0,3407,0.0,0.0
01::004347407076,1.0,1.0,1.0,3407,0.0,0.0
01::004347867078,1.0,1.0,1.0,3407,0.0,0.0
01::004349027078,1.0,1.0,1.0,3407,0.0,0.0
01::004349057078,1.0,1.0,1.0,3407,0.0,0.0
01::004353907082,1.0,1.0,1.0,3407,0.0,0.0
01::004355117091,1.0,1.0,1.0,3407,0.0,0.0
01::004358727102,1.0,1.0,1.0,3407,0.0,0.0
01::004358957102,1.0,1.0,1.0,3407,0.0,0.0
01::004360367105,1.0,1.0,1.0,3407,0.0,0.0
01::004360997106,1.0,1.0,1.0,3407,0.0,0.0
01::004361387106,1.0,1.0,1.0,3407,0.0,0.0
01::004368107107,1.0,1.0,1.0,3407,0.0,0.0
01::004368327107,1.0,1.0,1.0,3407,0.0,0.0
01::004368487107,1.0,1.0,1.0,3407,0.0,0.0
01::004370847107,1.0,1.0,1.0,3407,0.0,0.0
01::004373607108,1.0,1.0,1.0,3407,0.0,0.0
01::004379777113,1.0,1.0,1.0,3407,0.0,0.0
01::004379947113,1.0,1.0,1.0,3407,0.0,0.0
01::004402717136,1.0,1.0,1.0,3407,0.0,0.0
01::004409307147,1.0,1.0,1.0,3407,0.0,0.0
01::004409887148,1.0,1.0,1.0,3407,0.0,0.0
01::004414267149,1.0,1.0,1.0,3407,0.0,0.0
01::004414407149,1.0,1.0,1.0,3407,0.0,0.0
01::004421467170,1.0,1.0,1.0,3407,0.0,0.0
01::004421607170,1.0,1.0,1.0,3407,0.0,0.0
01::004426247184,1.0,1.0,1.0,3407,0.0,0.0
01::004426267184,1.0,1.0,1.0,3407,0.0,0.0
01::004427477186,1.0,1.0,1.0,3407,0.0,0.0
01::004428507188,1.0,1.0,1.0,3407,0.0,0.0
01::004429477189,0.0,0.0,0.0,3407,0.0,0.0
01::004429487188,1.0,1.0,1.0,3407,0.0,0.0
01::004430017189,1.0,1.0,1.0,3407,0.0,0.0
01::004436047192,1.0,1.0,1.0,3407,0.0,0.0
01::004436387192,1.0,1.0,1.0,3407,0.0,0.0
01::004448127199,1.0,1.0,1.0,3407,0.0,0.0
01::004461117244,1.0,1.0,1.0,3407,0.0,0.0
01::004461577244,1.0,1.0,1.0,3407,0.0,0.0
01::004461947244,1.0,1.0,1.0,3407,0.0,0.0
01::004462007244,1.0,1.0,1.0,3407,0.0,0.0
01::004465317252,1.0,1.0,1.0,3407,0.0,0.0
01::004465377252,1.0,1.0,1.0,3407,0.0,0.0
01::004474927254,1.0,1.0,1.0,3407,0.0,0.0
01::004475337254,1.0,1.0,1.0,3407,0.0,0.0
01::004475587254,1.0,1.0,1.0,3407,0.0,0.0
01::004495087267,1.0,1.0,1.0,3407,0.0,0.0
01::004496697272,1.0,1.0,1.0,3407,0.0,0.0
01::004497057273,0.0,0.0,1.0,3407,0.0,1.0
01::004497247273,1.0,1.0,1.0,3407,0.0,0.0
01::004497707273,1.0,1.0,1.0,3407,0.0,0.0
01::004501807285,1.0,1.0,1.0,3407,0.0,0.0
01::004502957286,1.0,1.0,1.0,3407,0.0,0.0
01::004506097288,1.0,1.0,1.0,3407,0.0,0.0
01::004511907302,1.0,1.0,1.0,3407,0.0,0.0
01::004511957302,1.0,1.0,1.0,3407,0.0,0.0
01::004521227324,1.0,1.0,1.0,3407,0.0,0.0
01::004524167333,1.0,1.0,1.0,3407,0.0,0.0
01::004533797351,0.0,1.0,1.0,3407,1.0,0.0
01::004539697360,1.0,1.0,1.0,3407,0.0,0.0
01::004539927360,1.0,1.0,1.0,3407,0.0,0.0
01::004540147360,1.0,1.0,1.0,3407,0.0,0.0
01::004543497366,1.0,1.0,1.0,3407,0.0,0.0
01::004543587366,1.0,1.0,1.0,3407,0.0,0.0
01::004544117366,1.0,1.0,1.0,3407,0.0,0.0
01::004544337366,1.0,1.0,1.0,3407,0.0,0.0
01::004544347366,1.0,1.0,1.0,3407,0.0,0.0
01::004544387366,1.0,1.0,1.0,3407,0.0,0.0
01::004548397375,1.0,1.0,1.0,3407,0.0,0.0
01::004548897375,1.0,1.0,1.0,3407,0.0,0.0
01::004548967375,1.0,1.0,1.0,3407,0.0,0.0
01::004550587377,1.0,1.0,1.0,3407,0.0,0.0
01::004550937377,1.0,1.0,1.0,3407,0.0,0.0
01::004551007377,1.0,1.0,1.0,3407,0.0,0.0
01::004551137377,1.0,1.0,1.0,3407,0.0,0.0
01::004551437377,1.0,1.0,1.0,3407,0.0,0.0
01::004556287381,1.0,1.0,1.0,3407,0.0,0.0
01::004556377381,1.0,1.0,1.0,3407,0.0,0.0
01::004568127401,1.0,1.0,1.0,3407,0.0,0.0
01::004568167401,1.0,1.0,1.0,3407,0.0,0.0
01::004568537401,1.0,1.0,1.0,3407,0.0,0.0
01::004568747401,1.0,1.0,1.0,3407,0.0,0.0
01::004571737407,1.0,1.0,1.0,3407,0.0,0.0
01::004571757407,1.0,1.0,1.0,3407,0.0,0.0
01::004573387411,1.0,1.0,1.0,3407,0.0,0.0
01::004577627417,1.0,1.0,1.0,3407,0.0,0.0
01::004577747417,1.0,1.0,1.0,3407,0.0,0.0
01::004578097417,1.0,1.0,1.0,3407,0.0,0.0
01::004590757446,1.0,1.0,1.0,3407,0.0,0.0
01::004594677451,1.0,1.0,1.0,3407,0.0,0.0
01::004598847455,1.0,1.0,1.0,3407,0.0,0.0
01::004600137455,1.0,1.0,1.0,3407,0.0,0.0
01::004600307455,1.0,1.0,1.0,3407,0.0,0.0
01::004653753557,0.0,0.0,0.0,3407,0.0,0.0
01::004664743562,1.0,1.0,1.0,3407,0.0,0.0
01::004706803564,0.0,0.0,0.0,3407,0.0,0.0
01::377488602201,0.0,1.0,1.0,3407,1.0,0.0
01::380939611401,1.0,1.0,1.0,3407,0.0,0.0
01::394214642001,1.0,1.0,1.0,3407,0.0,0.0
01::411603674801,1.0,1.0,1.0,3407,0.0,0.0
01::420934688501,1.0,1.0,1.0,3407,0.0,0.0
01::422661691301,1.0,1.0,1.0,3407,0.0,0.0
01::447532725401,1.0,1.0,1.0,3407,0.0,0.0
01::450284728601,1.0,1.0,1.0,3407,0.0,0.0
02::000013120001,1.0,1.0,1.0,3407,0.0,0.0
02::000013250001,1.0,1.0,1.0,3407,0.0,0.0
02::000018929596,0.8,1.0,1.0,3407,0.19999999999999996,0.0
02::000019870001,1.0,1.0,1.0,3407,0.0,0.0
02::000027390001,1.0,1.0,1.0,3407,0.0,0.0
02::000034530001,1.0,1.0,1.0,3407,0.0,0.0
02::000043109596,1.0,1.0,1.0,3407,0.0,0.0
02::000055239596,1.0,1.0,1.0,3407,0.0,0.0
02::000059259596,1.0,1.0,1.0,3407,0.0,0.0
02::000061619596,1.0,1.0,1.0,3407,0.0,0.0
02::000064269596,1.0,1.0,1.0,3407,0.0,0.0
02::000069169596,1.0,1.0,1.0,3407,0.0,0.0
02::002600000102,1.0,1.0,1.0,3407,0.0,0.0
02::003381185211,1.0,1.0,1.0,3407,0.0,0.0
02::003381365211,1.0,1.0,1.0,3407,0.0,0.0
02::003381605211,1.0,1.0,1.0,3407,0.0,0.0
02::003384345218,1.0,1.0,1.0,3407,0.0,0.0
02::003388265223,1.0,1.0,1.0,3407,0.0,0.0
02::003398015232,1.0,1.0,1.0,3407,0.0,0.0
02::003398995232,1.0,1.0,1.0,3407,0.0,0.0
02::003399855232,1.0,1.0,1.0,3407,0.0,0.0
02::003405245240,1.0,1.0,1.0,3407,0.0,0.0
02::003428285288,1.0,1.0,1.0,3407,0.0,0.0
02::003431105291,1.0,1.0,1.0,3407,0.0,0.0
02::003432315292,1.0,1.0,1.0,3407,0.0,0.0
02::003446275305,1.0,1.0,1.0,3407,0.0,0.0
02::003447195305,1.0,1.0,1.0,3407,0.0,0.0
02::003461875325,1.0,1.0,1.0,3407,0.0,0.0
02::003470685337,1.0,1.0,1.0,3407,0.0,0.0
02::003473495342,1.0,1.0,1.0,3407,0.0,0.0
02::003474165342,1.0,1.0,1.0,3407,0.0,0.0
02::003487015364,1.0,1.0,1.0,3407,0.0,0.0
02::003487265364,1.0,1.0,1.0,3407,0.0,0.0
02::003505355383,1.0,1.0,1.0,3407,0.0,0.0
02::003524135417,1.0,1.0,1.0,3407,0.0,0.0
02::003537155434,1.0,1.0,1.0,3407,0.0,0.0
02::003537235434,1.0,1.0,1.0,3407,0.0,0.0
02::003537485434,1.0,1.0,1.0,3407,0.0,0.0
02::003541965448,1.0,1.0,1.0,3407,0.0,0.0
02::003549085463,1.0,1.0,1.0,3407,0.0,0.0
02::003561125496,1.0,1.0,1.0,3407,0.0,0.0
02::003577705534,1.0,1.0,1.0,3407,0.0,0.0
02::003581745544,1.0,1.0,1.0,3407,0.0,0.0
02::003581755544,1.0,1.0,1.0,3407,0.0,0.0
02::003582015544,1.0,1.0,1.0,3407,0.0,0.0
02::003582325544,1.0,1.0,1.0,3407,0.0,0.0
02::003586825569,1.0,1.0,1.0,3407,0.0,0.0
02::003586865569,1.0,1.0,1.0,3407,0.0,0.0
02::003613045623,1.0,1.0,1.0,3407,0.0,0.0
02::003617865632,1.0,1.0,1.0,3407,0.0,0.0
02::003641825707,1.0,1.0,1.0,3407,0.0,0.0
02::003641905707,1.0,1.0,1.0,3407,0.0,0.0
02::003642275707,1.0,1.0,1.0,3407,0.0,0.0
02::003651335728,1.0,1.0,1.0,3407,0.0,0.0
02::003651355728,1.0,1.0,1.0,3407,0.0,0.0
02::003651475728,1.0,1.0,1.0,3407,0.0,0.0
02::003651905728,1.0,1.0,1.0,3407,0.0,0.0
02::003658705754,1.0,1.0,1.0,3407,0.0,0.0
02::003674065773,1.0,1.0,1.0,3407,0.0,0.0
02::003675165773,1.0,1.0,1.0,3407,0.0,0.0
02::003681355782,1.0,1.0,1.0,3407,0.0,0.0
02::003705565838,1.0,1.0,1.0,3407,0.0,0.0
02::003708755845,1.0,1.0,1.0,3407,0.0,0.0
02::003709355845,1.0,1.0,1.0,3407,0.0,0.0
02::003714475855,1.0,1.0,1.0,3407,0.0,0.0
02::003714515855,1.0,1.0,1.0,3407,0.0,0.0
02::003714625855,1.0,1.0,1.0,3407,0.0,0.0
02::003714935855,1.0,1.0,1.0,3407,0.0,0.0
02::003722125870,1.0,1.0,1.0,3407,0.0,0.0
02::003723355870,1.0,1.0,1.0,3407,0.0,0.0
02::003726315873,1.0,1.0,1.0,3407,0.0,0.0
02::003726375873,1.0,1.0,1.0,3407,0.0,0.0
02::003732075882,1.0,1.0,1.0,3407,0.0,0.0
02::003732085882,1.0,1.0,1.0,3407,0.0,0.0
02::003739015908,1.0,1.0,1.0,3407,0.0,0.0
02::003739215908,1.0,1.0,1.0,3407,0.0,0.0
02::003755405976,1.0,1.0,1.0,3407,0.0,0.0
02::003755525976,1.0,1.0,1.0,3407,0.0,0.0
02::003755965976,1.0,1.0,1.0,3407,0.0,0.0
02::003771946012,1.0,1.0,1.0,3407,0.0,0.0
02::003772556012,1.0,1.0,1.0,3407,0.0,0.0
02::003774836022,1.0,1.0,1.0,3407,0.0,0.0
02::003775016022,1.0,1.0,1.0,3407,0.0,0.0
02::003775036022,1.0,1.0,1.0,3407,0.0,0.0
02::003775716025,1.0,1.0,1.0,3407,0.0,0.0
02::003784356052,1.0,1.0,1.0,3407,0.0,0.0
02::003784986052,1.0,1.0,1.0,3407,0.0,0.0
02::003788936066,1.0,1.0,1.0,3407,0.0,0.0
02::003790756075,1.0,1.0,1.0,3407,0.0,0.0
02::003790776075,1.0,1.0,1.0,3407,0.0,0.0
02::003791166075,1.0,1.0,1.0,3407,0.0,0.0
02::003798426092,1.0,1.0,1.0,3407,0.0,0.0
02::003826026157,1.0,1.0,1.0,3407,0.0,0.0
02::003826566157,1.0,1.0,1.0,3407,0.0,0.0
02::003839266184,1.0,1.0,1.0,3407,0.0,0.0
02::003845016197,0.5,0.5,1.0,3407,0.0,0.5
02::003845266197,1.0,1.0,1.0,3407,0.0,0.0
02::003865236237,1.0,1.0,1.0,3407,0.0,0.0
02::003878636276,1.0,1.0,1.0,3407,0.0,0.0
02::003888866300,0.5,0.0,0.5,3407,-0.5,0.5
02::003894716309,1.0,1.0,1.0,3407,0.0,0.0
02::003898916320,1.0,1.0,1.0,3407,0.0,0.0
02::003917586356,1.0,1.0,1.0,3407,0.0,0.0
02::003917886356,1.0,1.0,1.0,3407,0.0,0.0
02::003920966366,1.0,1.0,1.0,3407,0.0,0.0
02::003921076366,1.0,1.0,1.0,3407,0.0,0.0
02::003926206379,1.0,1.0,1.0,3407,0.0,0.0
02::003962096475,1.0,1.0,1.0,3407,0.0,0.0
02::003966416489,1.0,1.0,1.0,3407,0.0,0.0
02::003968816494,1.0,1.0,1.0,3407,0.0,0.0
02::004079506696,1.0,1.0,1.0,3407,0.0,0.0
02::004093926723,1.0,1.0,1.0,3407,0.0,0.0
02::004094686723,1.0,1.0,1.0,3407,0.0,0.0
02::004094856723,1.0,1.0,1.0,3407,0.0,0.0
02::004110576741,1.0,1.0,1.0,3407,0.0,0.0
02::004147306796,1.0,1.0,1.0,3407,0.0,0.0
02::004148136796,1.0,1.0,1.0,3407,0.0,0.0
02::004148576796,1.0,1.0,1.0,3407,0.0,0.0
02::004160246812,1.0,1.0,1.0,3407,0.0,0.0
02::004161236811,1.0,1.0,1.0,3407,0.0,0.0
02::004161386811,1.0,1.0,1.0,3407,0.0,0.0
02::004169016823,1.0,1.0,1.0,3407,0.0,0.0
02::004199186865,1.0,1.0,1.0,3407,0.0,0.0
02::004200916866,1.0,1.0,1.0,3407,0.0,0.0
02::004210866888,1.0,1.0,1.0,3407,0.0,0.0
02::004213296890,1.0,1.0,1.0,3407,0.0,0.0
02::004216676893,1.0,1.0,1.0,3407,0.0,0.0
02::004216776893,1.0,1.0,1.0,3407,0.0,0.0
02::004226996913,1.0,1.0,1.0,3407,0.0,0.0
02::004227516914,1.0,1.0,1.0,3407,0.0,0.0
02::004264766967,1.0,1.0,1.0,3407,0.0,0.0
02::004270506972,1.0,1.0,1.0,3407,0.0,0.0
02::004270826972,1.0,1.0,1.0,3407,0.0,0.0
02::004273916975,1.0,1.0,1.0,3407,0.0,0.0
02::004286627004,1.0,1.0,1.0,3407,0.0,0.0
02::004288527004,1.0,1.0,1.0,3407,0.0,0.0
02::004310087035,1.0,1.0,1.0,3407,0.0,0.0
02::004328367042,1.0,1.0,1.0,3407,0.0,0.0
02::004338897060,1.0,1.0,1.0,3407,0.0,0.0
02::004339117060,1.0,1.0,1.0,3407,0.0,0.0
02::004339377060,1.0,1.0,1.0,3407,0.0,0.0
02::004342067064,1.0,1.0,1.0,3407,0.0,0.0
02::004342077064,1.0,1.0,1.0,3407,0.0,0.0
02::004347247078,1.0,1.0,1.0,3407,0.0,0.0
02::004355017091,1.0,1.0,1.0,3407,0.0,0.0
02::004355267091,1.0,1.0,1.0,3407,0.0,0.0
02::004360647105,1.0,1.0,1.0,3407,0.0,0.0
02::004396327125,1.0,1.0,1.0,3407,0.0,0.0
02::004409487147,1.0,1.0,1.0,3407,0.0,0.0
02::004410427147,1.0,1.0,1.0,3407,0.0,0.0
02::004413987149,1.0,1.0,1.0,3407,0.0,0.0
02::004414967150,1.0,1.0,1.0,3407,0.0,0.0
02::004415457150,1.0,1.0,1.0,3407,0.0,0.0
02::004427077186,1.0,1.0,1.0,3407,0.0,0.0
02::004427747186,1.0,1.0,1.0,3407,0.0,0.0
02::004430617189,1.0,1.0,1.0,3407,0.0,0.0
02::004431807191,1.0,1.0,1.0,3407,0.0,0.0
02::004431827191,1.0,1.0,1.0,3407,0.0,0.0
02::004432697191,1.0,1.0,1.0,3407,0.0,0.0
02::004433077191,1.0,1.0,1.0,3407,0.0,0.0
02::004433307191,1.0,1.0,1.0,3407,0.0,0.0
02::004433427191,1.0,1.0,1.0,3407,0.0,0.0
02::004441467194,1.0,1.0,1.0,3407,0.0,0.0
02::004442137196,1.0,1.0,1.0,3407,0.0,0.0
02::004461497245,1.0,1.0,1.0,3407,0.0,0.0
02::004503337286,1.0,1.0,1.0,3407,0.0,0.0
02::004518947323,1.0,1.0,1.0,3407,0.0,0.0
02::004519067323,1.0,1.0,1.0,3407,0.0,0.0
02::004519867323,1.0,1.0,1.0,3407,0.0,0.0
02::004527367339,1.0,1.0,1.0,3407,0.0,0.0
02::004547817374,1.0,1.0,1.0,3407,0.0,0.0
02::004547857374,1.0,1.0,1.0,3407,0.0,0.0
02::004548017374,1.0,1.0,1.0,3407,0.0,0.0
02::004548117374,1.0,1.0,1.0,3407,0.0,0.0
02::004557667383,1.0,1.0,1.0,3407,0.0,0.0
02::004560057386,1.0,1.0,1.0,3407,0.0,0.0
02::004563517390,1.0,1.0,1.0,3407,0.0,0.0
02::004571937407,1.0,1.0,1.0,3407,0.0,0.0
02::004574567412,1.0,1.0,1.0,3407,0.0,0.0
02::004583737425,1.0,1.0,1.0,3407,0.0,0.0
02::004592387447,1.0,1.0,1.0,3407,0.0,0.0
02::004661693561,1.0,1.0,1.0,3407,0.0,0.0
02::004662723561,1.0,1.0,1.0,3407,0.0,0.0
03::000000679596,1.0,1.0,1.0,3407,0.0,0.0
03::000005729596,1.0,1.0,1.0,3407,0.0,0.0
03::000008979596,1.0,1.0,1.0,3407,0.0,0.0
03::000012909596,1.0,1.0,1.0,3407,0.0,0.0
03::000013320001,1.0,1.0,1.0,3407,0.0,0.0
03::000013440001,0.9285714285714286,0.9285714285714286,0.9285714285714286,3407,0.0,0.0
03::000013450001,1.0,1.0,1.0,3407,0.0,0.0
03::000019920001,1.0,1.0,1.0,3407,0.0,0.0
03::000020230001,1.0,1.0,1.0,3407,0.0,0.0
03::000025529596,1.0,1.0,1.0,3407,0.0,0.0
03::000027319596,1.0,1.0,1.0,3407,0.0,0.0
03::000027520001,1.0,1.0,1.0,3407,0.0,0.0
03::000033249596,1.0,1.0,1.0,3407,0.0,0.0
03::000033570001,1.0,1.0,1.0,3407,0.0,0.0
03::000034050001,1.0,1.0,1.0,3407,0.0,0.0
03::000034189596,1.0,1.0,1.0,3407,0.0,0.0
03::000034699596,1.0,1.0,1.0,3407,0.0,0.0
03::000036049596,1.0,1.0,1.0,3407,0.0,0.0
03::000039109596,1.0,1.0,1.0,3407,0.0,0.0
03::000049539596,1.0,1.0,1.0,3407,0.0,0.0
03::000054849596,1.0,1.0,1.0,3407,0.0,0.0
03::000063989596,1.0,1.0,1.0,3407,0.0,0.0
03::000067919596,1.0,1.0,0.5,3407,0.0,-0.5
03::000071219596,0.0,0.0,0.0,3407,0.0,0.0
03::002603000103,1.0,1.0,1.0,3407,0.0,0.0
03::002605000103,1.0,1.0,1.0,3407,0.0,0.0
03::003431225291,1.0,1.0,1.0,3407,0.0,0.0
03::003432605292,1.0,1.0,1.0,3407,0.0,0.0
03::003445635304,1.0,1.0,1.0,3407,0.0,0.0
03::003446765305,1.0,1.0,1.0,3407,0.0,0.0
03::003447095305,1.0,1.0,1.0,3407,0.0,0.0
03::003448005305,1.0,1.0,1.0,3407,0.0,0.0
03::003448015305,1.0,1.0,1.0,3407,0.0,0.0
03::003473715342,1.0,1.0,1.0,3407,0.0,0.0
03::003515305414,1.0,1.0,0.9230769230769232,3407,0.0,-0.07692307692307676
03::003515495414,1.0,1.0,1.0,3407,0.0,0.0
03::003524085417,1.0,1.0,1.0,3407,0.0,0.0
03::003541895448,1.0,1.0,1.0,3407,0.0,0.0
03::003542565448,1.0,1.0,1.0,3407,0.0,0.0
03::003542605448,1.0,1.0,1.0,3407,0.0,0.0
03::003563085500,1.0,1.0,1.0,3407,0.0,0.0
03::003577165534,1.0,1.0,1.0,3407,0.0,0.0
03::003596675595,1.0,1.0,1.0,3407,0.0,0.0
03::003608575615,1.0,1.0,1.0,3407,0.0,0.0
03::003608715615,1.0,1.0,1.0,3407,0.0,0.0
03::003608855615,1.0,1.0,1.0,3407,0.0,0.0
03::003620475639,1.0,1.0,1.0,3407,0.0,0.0
03::003641845707,1.0,1.0,1.0,3407,0.0,0.0
03::003646005716,1.0,1.0,1.0,3407,0.0,0.0
03::003646215716,1.0,1.0,1.0,3407,0.0,0.0
03::003651715728,1.0,1.0,1.0,3407,0.0,0.0
03::003666515765,1.0,1.0,1.0,3407,0.0,0.0
03::003679515782,1.0,1.0,1.0,3407,0.0,0.0
03::003699865827,1.0,1.0,1.0,3407,0.0,0.0
03::003705855838,1.0,1.0,1.0,3407,0.0,0.0
03::003706065838,1.0,1.0,1.0,3407,0.0,0.0
03::003706295838,1.0,1.0,1.0,3407,0.0,0.0
03::003708255845,1.0,1.0,1.0,3407,0.0,0.0
03::003708705845,1.0,1.0,1.0,3407,0.0,0.0
03::003708935845,1.0,1.0,1.0,3407,0.0,0.0
03::003708965845,1.0,1.0,1.0,3407,0.0,0.0
03::003726075873,1.0,1.0,1.0,3407,0.0,0.0
03::003776086025,1.0,1.0,1.0,3407,0.0,0.0
03::003776166025,1.0,1.0,1.0,3407,0.0,0.0
03::003776356025,1.0,1.0,1.0,3407,0.0,0.0
03::003784336052,1.0,1.0,1.0,3407,0.0,0.0
03::003805376105,1.0,1.0,1.0,3407,0.0,0.0
03::003805666105,1.0,1.0,1.0,3407,0.0,0.0
03::003809426114,1.0,1.0,1.0,3407,0.0,0.0
03::003825926157,1.0,1.0,1.0,3407,0.0,0.0
03::003826986157,1.0,1.0,1.0,3407,0.0,0.0
03::003827106157,1.0,1.0,1.0,3407,0.0,0.0
03::003827676157,1.0,1.0,1.0,3407,0.0,0.0
03::003839446184,1.0,1.0,1.0,3407,0.0,0.0
03::003839566184,1.0,1.0,1.0,3407,0.0,0.0
03::003839956184,1.0,1.0,1.0,3407,0.0,0.0
03::003871376248,1.0,1.0,1.0,3407,0.0,0.0
03::003876406270,1.0,1.0,1.0,3407,0.0,0.0
03::003888396299,1.0,1.0,1.0,3407,0.0,0.0
03::003888886299,1.0,1.0,1.0,3407,0.0,0.0
03::003894936309,1.0,1.0,1.0,3407,0.0,0.0
03::003920886366,1.0,1.0,1.0,3407,0.0,0.0
03::003921046366,1.0,1.0,1.0,3407,0.0,0.0
03::003925706379,1.0,1.0,1.0,3407,0.0,0.0
03::003926356379,1.0,1.0,1.0,3407,0.0,0.0
03::003926416379,1.0,1.0,1.0,3407,0.0,0.0
03::003926446379,1.0,1.0,1.0,3407,0.0,0.0
03::004133946772,0.0,0.0,0.0,3407,0.0,0.0
03::004146536796,1.0,1.0,1.0,3407,0.0,0.0
03::004154746805,1.0,1.0,1.0,3407,0.0,0.0
03::004154976805,1.0,1.0,1.0,3407,0.0,0.0
03::004160136811,1.0,1.0,1.0,3407,0.0,0.0
03::004160166811,1.0,1.0,1.0,3407,0.0,0.0
03::004160706812,1.0,1.0,1.0,3407,0.0,0.0
03::004160756812,1.0,1.0,1.0,3407,0.0,0.0
03::004200316867,1.0,1.0,1.0,3407,0.0,0.0
03::004200726867,1.0,1.0,1.0,3407,0.0,0.0
03::004201166867,1.0,1.0,1.0,3407,0.0,0.0
03::004211276888,1.0,1.0,1.0,3407,0.0,0.0
03::004213886890,1.0,1.0,1.0,3407,0.0,0.0
03::004214456890,1.0,1.0,1.0,3407,0.0,0.0
03::004214626890,1.0,1.0,1.0,3407,0.0,0.0
03::004214646890,1.0,1.0,1.0,3407,0.0,0.0
03::004214666890,1.0,1.0,1.0,3407,0.0,0.0
03::004222496906,1.0,1.0,1.0,3407,0.0,0.0
03::004222826906,1.0,1.0,1.0,3407,0.0,0.0
03::004222886906,1.0,1.0,1.0,3407,0.0,0.0
03::004223036906,1.0,1.0,1.0,3407,0.0,0.0
03::004265196967,1.0,1.0,1.0,3407,0.0,0.0
03::004266866970,1.0,1.0,1.0,3407,0.0,0.0
03::004269716972,1.0,1.0,1.0,3407,0.0,0.0
03::004270216972,1.0,1.0,1.0,3407,0.0,0.0
03::004270486972,1.0,1.0,1.0,3407,0.0,0.0
03::004272406975,1.0,1.0,1.0,3407,0.0,0.0
03::004272446975,1.0,1.0,1.0,3407,0.0,0.0
03::004273416975,1.0,1.0,1.0,3407,0.0,0.0
03::004282466990,1.0,1.0,1.0,3407,0.0,0.0
03::004282516990,1.0,1.0,1.0,3407,0.0,0.0
03::004286927004,1.0,1.0,1.0,3407,0.0,0.0
03::004288087004,1.0,1.0,1.0,3407,0.0,0.0
03::004288267004,1.0,1.0,1.0,3407,0.0,0.0
03::004313747038,1.0,1.0,1.0,3407,0.0,0.0
03::004314347038,1.0,1.0,1.0,3407,0.0,0.0
03::004341767064,1.0,1.0,1.0,3407,0.0,0.0
03::004341967064,1.0,1.0,1.0,3407,0.0,0.0
03::004342677064,1.0,1.0,1.0,3407,0.0,0.0
03::004360257105,1.0,1.0,1.0,3407,0.0,0.0
03::004381687116,1.0,1.0,1.0,3407,0.0,0.0
03::004388677119,1.0,1.0,1.0,3407,0.0,0.0
03::004409617147,1.0,1.0,1.0,3407,0.0,0.0
03::004410077147,1.0,1.0,1.0,3407,0.0,0.0
03::004429517189,1.0,1.0,1.0,3407,0.0,0.0
03::004429557189,1.0,1.0,1.0,3407,0.0,0.0
03::004436797192,1.0,1.0,1.0,3407,0.0,0.0
03::004440317195,1.0,1.0,1.0,3407,0.0,0.0
03::004444127197,1.0,1.0,1.0,3407,0.0,0.0
03::004472017254,1.0,1.0,1.0,3407,0.0,0.0
03::004474997254,1.0,1.0,1.0,3407,0.0,0.0
03::004480727258,1.0,1.0,1.0,3407,0.0,0.0
03::004490877262,0.0,1.0,0.0,3407,1.0,-1.0
03::004517957321,1.0,1.0,1.0,3407,0.0,0.0
03::004520997324,1.0,1.0,1.0,3407,0.0,0.0
03::004523957333,1.0,1.0,1.0,3407,0.0,0.0
03::004524087333,1.0,1.0,1.0,3407,0.0,0.0
03::004526487339,1.0,1.0,1.0,3407,0.0,0.0
03::004527457339,1.0,1.0,1.0,3407,0.0,0.0
03::004537317356,1.0,1.0,1.0,3407,0.0,0.0
03::004543897366,1.0,1.0,1.0,3407,0.0,0.0
03::004544157366,1.0,1.0,1.0,3407,0.0,0.0
03::004557137383,1.0,1.0,1.0,3407,0.0,0.0
03::004557497383,1.0,1.0,1.0,3407,0.0,0.0
03::004557687383,1.0,1.0,1.0,3407,0.0,0.0
03::004558037383,1.0,1.0,1.0,3407,0.0,0.0
03::004559447386,1.0,1.0,1.0,3407,0.0,0.0
03::004563527390,1.0,1.0,1.0,3407,0.0,0.0
03::004563597390,1.0,1.0,1.0,3407,0.0,0.0
03::004563917390,1.0,1.0,1.0,3407,0.0,0.0
03::004591567447,1.0,1.0,1.0,3407,0.0,0.0
03::004599037455,1.0,1.0,1.0,3407,0.0,0.0
03::004599547454,1.0,1.0,1.0,3407,0.0,0.0
03::004601127455,1.0,1.0,1.0,3407,0.0,0.0
03::004656483558,1.0,1.0,1.0,3407,0.0,0.0
03::004657813558,1.0,1.0,1.0,3407,0.0,0.0
03::004658283558,1.0,1.0,1.0,3407,0.0,0.0
03::004661863561,1.0,1.0,1.0,3407,0.0,0.0
03::004664303562,1.0,1.0,1.0,3407,0.0,0.0
03::004718853566,1.0,1.0,1.0,3407,0.0,0.0
03::388928629903,1.0,1.0,1.0,3407,0.0,0.0
03::421423689003,1.0,0.5,0.5,3407,-0.5,0.0
03::422383690603,1.0,1.0,1.0,3407,0.0,0.0
03::423260691803,1.0,1.0,1.0,3407,0.0,0.0
03::443685719203,1.0,0.5,0.5,3407,-0.5,0.0
03::443757719203,1.0,1.0,1.0,3407,0.0,0.0
03::450284728603,1.0,1.0,1.0,3407,0.0,0.0
03::453570735603,1.0,1.0,1.0,3407,0.0,0.0
03::454043736003,1.0,1.0,1.0,3407,0.0,0.0
04::000000619599,1.0,1.0,1.0,3407,0.0,0.0
04::000001969599,1.0,1.0,1.0,3407,0.0,0.0
04::000003979599,1.0,1.0,1.0,3407,0.0,0.0
04::000004859599,1.0,1.0,1.0,3407,0.0,0.0
04::000005509599,1.0,1.0,1.0,3407,0.0,0.0
04::000007669599,1.0,1.0,1.0,3407,0.0,0.0
04::000007929599,1.0,1.0,1.0,3407,0.0,0.0
04::000014389599,1.0,1.0,1.0,3407,0.0,0.0
04::000014509599,1.0,1.0,1.0,3407,0.0,0.0
04::000014759599,1.0,1.0,1.0,3407,0.0,0.0
04::000015359599,1.0,1.0,1.0,3407,0.0,0.0
04::000016949599,1.0,1.0,1.0,3407,0.0,0.0
04::000017139599,1.0,1.0,1.0,3407,0.0,0.0
04::000018519599,1.0,1.0,1.0,3407,0.0,0.0
04::000018939599,1.0,1.0,1.0,3407,0.0,0.0
04::000021119599,1.0,1.0,1.0,3407,0.0,0.0
04::000031270001,1.0,1.0,1.0,3407,0.0,0.0
04::000034619598,1.0,1.0,1.0,3407,0.0,0.0
04::000052439598,1.0,1.0,1.0,3407,0.0,0.0
04::000060489598,1.0,1.0,1.0,3407,0.0,0.0
04::000155219598,1.0,1.0,1.0,3407,0.0,0.0
04::003399575233,1.0,1.0,1.0,3407,0.0,0.0
04::003414695267,1.0,0.6,1.0,3407,-0.4,0.4
04::003421495277,1.0,1.0,1.0,3407,0.0,0.0
04::003421745277,1.0,1.0,1.0,3407,0.0,0.0
04::003421755277,1.0,1.0,1.0,3407,0.0,0.0
04::003421865277,1.0,1.0,1.0,3407,0.0,0.0
04::003458495314,1.0,1.0,1.0,3407,0.0,0.0
04::003458505314,1.0,1.0,1.0,3407,0.0,0.0
04::003491495368,1.0,1.0,1.0,3407,0.0,0.0
04::003539595441,1.0,1.0,1.0,3407,0.0,0.0
04::003554645480,1.0,1.0,1.0,3407,0.0,0.0
04::003554715480,1.0,1.0,1.0,3407,0.0,0.0
04::003554745480,1.0,1.0,1.0,3407,0.0,0.0
04::003555215480,1.0,1.0,1.0,3407,0.0,0.0
04::003620435640,1.0,1.0,1.0,3407,0.0,0.0
04::003636365685,1.0,1.0,1.0,3407,0.0,0.0
04::003636375685,1.0,1.0,1.0,3407,0.0,0.0
04::003636565685,1.0,1.0,1.0,3407,0.0,0.0
04::003663745762,1.0,1.0,1.0,3407,0.0,0.0
04::003663885762,1.0,1.0,1.0,3407,0.0,0.0
04::003696615808,1.0,1.0,1.0,3407,0.0,0.0
04::003696825808,1.0,1.0,1.0,3407,0.0,0.0
04::003741325916,1.0,1.0,1.0,3407,0.0,0.0
04::003759175985,1.0,1.0,1.0,3407,0.0,0.0
04::003759355985,1.0,1.0,1.0,3407,0.0,0.0
04::003759515985,1.0,1.0,1.0,3407,0.0,0.0
04::003759725985,1.0,1.0,1.0,3407,0.0,0.0
04::003759885985,1.0,1.0,1.0,3407,0.0,0.0
04::003773796016,1.0,1.0,1.0,3407,0.0,0.0
04::003773806016,1.0,1.0,1.0,3407,0.0,0.0
04::003782316044,1.0,1.0,1.0,3407,0.0,0.0
04::003782636044,1.0,1.0,1.0,3407,0.0,0.0
04::003856516226,1.0,1.0,1.0,3407,0.0,0.0
04::003875986262,1.0,1.0,1.0,3407,0.0,0.0
04::003876006262,1.0,1.0,1.0,3407,0.0,0.0
04::003880726278,1.0,1.0,1.0,3407,0.0,0.0
04::003903666329,1.0,1.0,1.0,3407,0.0,0.0
04::003903836329,1.0,1.0,1.0,3407,0.0,0.0
04::003903996329,1.0,1.0,1.0,3407,0.0,0.0
04::003904106329,1.0,1.0,1.0,3407,0.0,0.0
04::004086336713,1.0,1.0,1.0,3407,0.0,0.0
04::004101436728,1.0,1.0,1.0,3407,0.0,0.0
04::004102096728,1.0,1.0,1.0,3407,0.0,0.0
04::004131866766,1.0,1.0,1.0,3407,0.0,0.0
04::004131906766,1.0,1.0,1.0,3407,0.0,0.0
04::004142066790,1.0,1.0,1.0,3407,0.0,0.0
04::004142096790,1.0,1.0,1.0,3407,0.0,0.0
04::004168496821,1.0,1.0,1.0,3407,0.0,0.0
04::004168576821,1.0,1.0,1.0,3407,0.0,0.0
04::004183066838,1.0,1.0,1.0,3407,0.0,0.0
04::004193116854,1.0,1.0,1.0,3407,0.0,0.0
04::004204606876,1.0,1.0,1.0,3407,0.0,0.0
04::004204626876,1.0,1.0,1.0,3407,0.0,0.0
04::004204646876,1.0,1.0,1.0,3407,0.0,0.0
04::004204876876,1.0,1.0,1.0,3407,0.0,0.0
04::004204896876,1.0,1.0,1.0,3407,0.0,0.0
04::004206346878,1.0,1.0,1.0,3407,0.0,0.0
04::004206456878,1.0,1.0,1.0,3407,0.0,0.0
04::004208896881,1.0,1.0,1.0,3407,0.0,0.0
04::004219066899,1.0,1.0,1.0,3407,0.0,0.0
04::004220726902,1.0,1.0,1.0,3407,0.0,0.0
04::004236826932,1.0,1.0,1.0,3407,0.0,0.0
04::004236866932,1.0,1.0,1.0,3407,0.0,0.0
04::004237026932,1.0,1.0,1.0,3407,0.0,0.0
04::004237056932,1.0,1.0,1.0,3407,0.0,0.0
04::004237166934,1.0,1.0,1.0,3407,0.0,0.0
04::004237986932,1.0,1.0,1.0,3407,0.0,0.0
04::004238056932,1.0,1.0,1.0,3407,0.0,0.0
04::004240116936,1.0,1.0,1.0,3407,0.0,0.0
04::004240186936,1.0,1.0,1.0,3407,0.0,0.0
04::004241306938,1.0,1.0,1.0,3407,0.0,0.0
04::004241326938,1.0,1.0,1.0,3407,0.0,0.0
04::004247386949,1.0,1.0,1.0,3407,0.0,0.0
04::004283156992,1.0,1.0,1.0,3407,0.0,0.0
04::004283576992,1.0,1.0,1.0,3407,0.0,0.0
04::004283686992,1.0,1.0,1.0,3407,0.0,0.0
04::004283696992,1.0,1.0,1.0,3407,0.0,0.0
04::004283766992,1.0,1.0,1.0,3407,0.0,0.0
04::004283836992,1.0,1.0,1.0,3407,0.0,0.0
04::004285897001,1.0,1.0,1.0,3407,0.0,0.0
04::004295547022,1.0,1.0,1.0,3407,0.0,0.0
04::004295617022,1.0,1.0,1.0,3407,0.0,0.0
04::004299977030,1.0,1.0,1.0,3407,0.0,0.0
04::004300357030,1.0,1.0,1.0,3407,0.0,0.0
04::004300407030,1.0,1.0,1.0,3407,0.0,0.0
04::004312497037,1.0,1.0,1.0,3407,0.0,0.0
04::004312697037,1.0,1.0,1.0,3407,0.0,0.0
04::004313047037,1.0,1.0,1.0,3407,0.0,0.0
04::004325487039,1.0,1.0,1.0,3407,0.0,0.0
04::004336627054,1.0,1.0,1.0,3407,0.0,0.0
04::004336737054,1.0,1.0,1.0,3407,0.0,0.0
04::004339767061,1.0,1.0,1.0,3407,0.0,0.0
04::004340777063,1.0,1.0,1.0,3407,0.0,0.0
04::004340857063,1.0,1.0,1.0,3407,0.0,0.0
04::004340977063,1.0,1.0,1.0,3407,0.0,0.0
04::004341067063,1.0,1.0,1.0,3407,0.0,0.0
04::004341257063,1.0,1.0,1.0,3407,0.0,0.0
04::004361517106,1.0,1.0,1.0,3407,0.0,0.0
04::004373377109,1.0,1.0,1.0,3407,0.0,0.0
04::004397457126,1.0,1.0,1.0,3407,0.0,0.0
04::004401767134,1.0,1.0,1.0,3407,0.0,0.0
04::004401917134,1.0,1.0,1.0,3407,0.0,0.0
04::004401977134,1.0,1.0,1.0,3407,0.0,0.0
04::004403817139,1.0,1.0,1.0,3407,0.0,0.0
04::004404217139,1.0,1.0,1.0,3407,0.0,0.0
04::004406627141,1.0,1.0,1.0,3407,0.0,0.0
04::004448197200,1.0,1.0,1.0,3407,0.0,0.0
04::004448427200,1.0,1.0,1.0,3407,0.0,0.0
04::004449757202,1.0,1.0,1.0,3407,0.0,0.0
04::004454407217,1.0,1.0,1.0,3407,0.0,0.0
04::004460297236,1.0,1.0,1.0,3407,0.0,0.0
04::004496117271,1.0,1.0,1.0,3407,0.0,0.0
04::004496137271,1.0,1.0,1.0,3407,0.0,0.0
04::004496177271,1.0,1.0,1.0,3407,0.0,0.0
04::004496207271,1.0,1.0,1.0,3407,0.0,0.0
04::004525247335,1.0,1.0,1.0,3407,0.0,0.0
04::004525467336,1.0,1.0,1.0,3407,0.0,0.0
04::004525587335,1.0,1.0,1.0,3407,0.0,0.0
04::004525607336,1.0,1.0,1.0,3407,0.0,0.0
04::004525717335,1.0,1.0,1.0,3407,0.0,0.0
04::004551307377,1.0,1.0,1.0,3407,0.0,0.0
04::004551387377,1.0,1.0,1.0,3407,0.0,0.0
04::004569577403,1.0,1.0,1.0,3407,0.0,0.0
04::004577427417,1.0,1.0,1.0,3407,0.0,0.0
04::004589027441,1.0,1.0,1.0,3407,0.0,0.0
04::004589127441,1.0,1.0,1.0,3407,0.0,0.0
04::004589167441,1.0,1.0,1.0,3407,0.0,0.0
04::004604837458,1.0,1.0,1.0,3407,0.0,0.0
04::004604887458,1.0,1.0,1.0,3407,0.0,0.0
04::004604977458,1.0,1.0,1.0,3407,0.0,0.0
04::004605557458,1.0,1.0,1.0,3407,0.0,0.0
04::342224527704,1.0,1.0,1.0,3407,0.0,0.0
05::003405395239,1.0,1.0,1.0,3407,0.0,0.0
05::003424585280,1.0,1.0,1.0,3407,0.0,0.0
05::003435255294,1.0,1.0,1.0,3407,0.0,0.0
05::003435565294,1.0,1.0,1.0,3407,0.0,0.0
05::003435665294,1.0,1.0,1.0,3407,0.0,0.0
05::003435855294,1.0,1.0,1.0,3407,0.0,0.0
05::003461305323,1.0,1.0,1.0,3407,0.0,0.0
05::003473265341,1.0,1.0,1.0,3407,0.0,0.0
05::003481675355,1.0,1.0,1.0,3407,0.0,0.0
05::003484075359,1.0,1.0,1.0,3407,0.0,0.0
05::003484315359,1.0,1.0,1.0,3407,0.0,0.0
05::003511355406,1.0,1.0,1.0,3407,0.0,0.0
05::003511375406,1.0,1.0,1.0,3407,0.0,0.0
05::003511395406,1.0,1.0,1.0,3407,0.0,0.0
05::003571485521,1.0,1.0,1.0,3407,0.0,0.0
05::003571655521,1.0,1.0,1.0,3407,0.0,0.0
05::003571785521,1.0,1.0,1.0,3407,0.0,0.0
05::003571815521,1.0,1.0,1.0,3407,0.0,0.0
05::003572015521,1.0,1.0,1.0,3407,0.0,0.0
05::003572105521,1.0,1.0,1.0,3407,0.0,0.0
05::003581185542,1.0,1.0,1.0,3407,0.0,0.0
05::003590285584,1.0,1.0,1.0,3407,0.0,0.0
05::003590305584,1.0,1.0,1.0,3407,0.0,0.0
05::003590315584,1.0,1.0,1.0,3407,0.0,0.0
05::003631625663,1.0,1.0,1.0,3407,0.0,0.0
05::003631805663,1.0,1.0,1.0,3407,0.0,0.0
05::003632375665,1.0,1.0,1.0,3407,0.0,0.0
05::003752815961,1.0,1.0,1.0,3407,0.0,0.0
05::003753115961,1.0,1.0,1.0,3407,0.0,0.0
05::003774376021,1.0,1.0,1.0,3407,0.0,0.0
05::003796466083,1.0,1.0,1.0,3407,0.0,0.0
05::003800676101,1.0,1.0,1.0,3407,0.0,0.0
05::003800846101,1.0,1.0,1.0,3407,0.0,0.0
05::003800856101,1.0,1.0,1.0,3407,0.0,0.0
05::003801086101,1.0,1.0,1.0,3407,0.0,0.0
05::003801186101,1.0,1.0,1.0,3407,0.0,0.0
05::003924196368,1.0,1.0,1.0,3407,0.0,0.0
05::003924236368,1.0,1.0,1.0,3407,0.0,0.0
05::003924326368,1.0,1.0,1.0,3407,0.0,0.0
05::003924336368,1.0,1.0,1.0,3407,0.0,0.0
05::003924436368,1.0,1.0,1.0,3407,0.0,0.0
05::003949676446,1.0,1.0,1.0,3407,0.0,0.0
05::003956536464,1.0,1.0,1.0,3407,0.0,0.0
05::004084346706,1.0,1.0,1.0,3407,0.0,0.0
05::004091226720,0.0,0.0,0.0,3407,0.0,0.0
05::004191576853,1.0,1.0,1.0,3407,0.0,0.0
05::004191626853,1.0,1.0,1.0,3407,0.0,0.0
05::004191646853,1.0,1.0,1.0,3407,0.0,0.0
05::004262566961,1.0,1.0,1.0,3407,0.0,0.0
05::004262646961,1.0,1.0,1.0,3407,0.0,0.0
05::004262666961,1.0,1.0,1.0,3407,0.0,0.0
05::004262706961,1.0,1.0,1.0,3407,0.0,0.0
05::004262776961,1.0,1.0,1.0,3407,0.0,0.0
05::004262916961,1.0,1.0,1.0,3407,0.0,0.0
05::004262996961,1.0,1.0,1.0,3407,0.0,0.0
05::004283426991,1.0,1.0,1.0,3407,0.0,0.0
05::004342267065,1.0,1.0,1.0,3407,0.0,0.0
05::004345607073,1.0,1.0,1.0,3407,0.0,0.0
05::004345627073,1.0,1.0,1.0,3407,0.0,0.0
05::004353707082,1.0,1.0,1.0,3407,0.0,0.0
05::004353837082,1.0,1.0,1.0,3407,0.0,0.0
05::004353857082,1.0,1.0,1.0,3407,0.0,0.0
05::004354677087,1.0,1.0,1.0,3407,0.0,0.0
05::004373067108,1.0,1.0,1.0,3407,0.0,0.0
05::004373287108,1.0,1.0,1.0,3407,0.0,0.0
05::004373327108,1.0,1.0,1.0,3407,0.0,0.0
05::004374617108,1.0,1.0,1.0,3407,0.0,0.0
05::004375577108,1.0,1.0,1.0,3407,0.0,0.0
05::004496597272,1.0,1.0,1.0,3407,0.0,0.0
05::004496737272,1.0,1.0,1.0,3407,0.0,0.0
05::004496807272,1.0,1.0,1.0,3407,0.0,0.0
05::004515367318,1.0,1.0,1.0,3407,0.0,0.0
05::004515527318,1.0,1.0,1.0,3407,0.0,0.0
05::004515567318,1.0,1.0,1.0,3407,0.0,0.0
05::004515587318,1.0,1.0,1.0,3407,0.0,0.0
05::004547477373,1.0,1.0,1.0,3407,0.0,0.0
05::004559317385,1.0,1.0,1.0,3407,0.0,0.0
05::004559587385,1.0,1.0,1.0,3407,0.0,0.0
05::004559607385,1.0,1.0,1.0,3407,0.0,0.0
05::004585357429,1.0,1.0,1.0,3407,0.0,0.0
05::004585387429,1.0,1.0,1.0,3407,0.0,0.0
06::000472000106,1.0,1.0,1.0,3407,0.0,0.0
06::003409055245,1.0,1.0,1.0,3407,0.0,0.0
06::003549545469,1.0,0.9166666666666666,0.8333333333333334,3407,-0.08333333333333337,-0.08333333333333326
06::003549575469,1.0,1.0,1.0,3407,0.0,0.0
06::003579375536,1.0,1.0,1.0,3407,0.0,0.0
06::003582835545,1.0,1.0,1.0,3407,0.0,0.0
06::003582845545,1.0,1.0,1.0,3407,0.0,0.0
06::003682685784,1.0,1.0,1.0,3407,0.0,0.0
06::003737195897,1.0,1.0,1.0,3407,0.0,0.0
06::003772126011,1.0,1.0,1.0,3407,0.0,0.0
06::003796316083,1.0,0.75,0.5,3407,-0.25,-0.25
06::004421547170,1.0,1.0,1.0,3407,0.0,0.0
07::000000109596,1.0,1.0,1.0,3407,0.0,0.0
07::000002899596,1.0,1.0,1.0,3407,0.0,0.0
07::000004349596,1.0,1.0,1.0,3407,0.0,0.0
07::000005419596,1.0,1.0,1.0,3407,0.0,0.0
07::000013350001,1.0,1.0,1.0,3407,0.0,0.0
07::000013460001,1.0,1.0,1.0,3407,0.0,0.0
07::000013640001,1.0,1.0,1.0,3407,0.0,0.0
07::003735255892,1.0,1.0,1.0,3407,0.0,0.0
07::004270366972,1.0,1.0,1.0,3407,0.0,0.0
07::004536297356,0.0,1.0,1.0,3407,1.0,0.0
08::000005919596,1.0,1.0,1.0,3407,0.0,0.0
08::000026610001,0.8,1.0,1.0,3407,0.19999999999999996,0.0
08::000026630001,1.0,1.0,1.0,3407,0.0,0.0
08::000041839596,1.0,1.0,1.0,3407,0.0,0.0
08::003384335218,1.0,1.0,1.0,3407,0.0,0.0
08::003418245273,1.0,1.0,1.0,3407,0.0,0.0
08::003467675331,1.0,1.0,0.0,3407,0.0,-1.0
08::003629135658,1.0,1.0,1.0,3407,0.0,0.0
08::003888196299,1.0,1.0,1.0,3407,0.0,0.0
08::004653103557,1.0,1.0,1.0,3407,0.0,0.0
08::422344690608,1.0,1.0,1.0,3407,0.0,0.0
09::000055399598,1.0,1.0,1.0,3407,0.0,0.0
09::003527275419,1.0,1.0,1.0,3407,0.0,0.0
09::003527285419,1.0,1.0,1.0,3407,0.0,0.0
09::003541345448,1.0,1.0,1.0,3407,0.0,0.0
09::003541755448,1.0,1.0,1.0,3407,0.0,0.0
09::003917956356,1.0,1.0,1.0,3407,0.0,0.0
09::004094756723,1.0,1.0,1.0,3407,0.0,0.0
09::004204106874,1.0,1.0,1.0,3407,0.0,0.0
09::004503047286,1.0,1.0,1.0,3407,0.0,0.0
10::003478665350,1.0,1.0,1.0,3407,0.0,0.0
10::003953246451,1.0,1.0,1.0,3407,0.0,0.0
10::003953306451,1.0,1.0,1.0,3407,0.0,0.0
10::003953406451,1.0,1.0,1.0,3407,0.0,0.0
10::004137456776,1.0,1.0,1.0,3407,0.0,0.0
10::004203526872,1.0,1.0,1.0,3407,0.0,0.0
10::004402197135,1.0,1.0,1.0,3407,0.0,0.0
10::004402417135,1.0,1.0,1.0,3407,0.0,0.0
11::000005949592,1.0,1.0,1.0,3407,0.0,0.0
11::000017569594,1.0,1.0,1.0,3407,0.0,0.0
11::000017959594,1.0,1.0,1.0,3407,0.0,0.0
11::000018349594,1.0,1.0,1.0,3407,0.0,0.0
11::003533865426,1.0,1.0,1.0,3407,0.0,0.0
11::004203606872,1.0,1.0,1.0,3407,0.0,0.0
11::004402337135,1.0,1.0,1.0,3407,0.0,0.0
12::000020830001,0.5,1.0,0.5,3407,0.5,-0.5
12::003623965643,1.0,1.0,1.0,3407,0.0,0.0
12::003698325825,1.0,1.0,1.0,3407,0.0,0.0
12::004566767394,1.0,1.0,1.0,3407,0.0,0.0
13::003681515783,1.0,1.0,1.0,3407,0.0,0.0
13::003681525783,1.0,1.0,1.0,3407,0.0,0.0
13::003907226336,1.0,1.0,1.0,3407,0.0,0.0
13::004284866993,1.0,1.0,1.0,3407,0.0,0.0
14::000003219596,1.0,1.0,1.0,3407,0.0,0.0
14::000006139596,0.0,0.0,0.0,3407,0.0,0.0
14::003404000114,1.0,1.0,1.0,3407,0.0,0.0
14::004544527366,1.0,1.0,1.0,3407,0.0,0.0
15::004204236874,1.0,1.0,1.0,3407,0.0,0.0
15::004282166989,1.0,1.0,1.0,3407,0.0,0.0
16::000004939594,1.0,1.0,1.0,3407,0.0,0.0
16::000010519594,1.0,1.0,1.0,3407,0.0,0.0
01::000004220001,1.0,1.0,1.0,2026,0.0,0.0
01::000004250001,1.0,0.6363636363636364,0.6363636363636364,2026,-0.36363636363636365,0.0
01::000004430001,1.0,1.0,1.0,2026,0.0,0.0
01::000004490001,1.0,1.0,1.0,2026,0.0,0.0
01::000004580001,1.0,1.0,1.0,2026,0.0,0.0
01::000004680001,1.0,1.0,1.0,2026,0.0,0.0
01::000006069598,1.0,1.0,1.0,2026,0.0,0.0
01::000006389597,1.0,1.0,1.0,2026,0.0,0.0
01::000006940001,1.0,1.0,1.0,2026,0.0,0.0
01::000007020001,1.0,1.0,1.0,2026,0.0,0.0
01::000007140001,1.0,1.0,1.0,2026,0.0,0.0
01::000007190001,1.0,1.0,1.0,2026,0.0,0.0
01::000007240001,1.0,0.9523809523809524,0.9523809523809524,2026,-0.04761904761904756,0.0
01::000007450001,1.0,1.0,1.0,2026,0.0,0.0
01::000010309598,0.9743589743589745,1.0,1.0,2026,0.02564102564102555,0.0
01::000011280001,1.0,1.0,1.0,2026,0.0,0.0
01::000013650001,1.0,1.0,1.0,2026,0.0,0.0
01::000015009597,0.2,0.2,0.2,2026,0.0,0.0
01::000016229598,1.0,0.0,1.0,2026,-1.0,1.0
01::000017830001,1.0,1.0,1.0,2026,0.0,0.0
01::000018049597,1.0,0.0,0.0,2026,-1.0,0.0
01::000019399597,0.3333333333333333,0.0,0.0,2026,-0.3333333333333333,0.0
01::000019460001,1.0,1.0,1.0,2026,0.0,0.0
01::000021940001,1.0,1.0,1.0,2026,0.0,0.0
01::000022110001,1.0,1.0,1.0,2026,0.0,0.0
01::000022140001,1.0,0.75,0.75,2026,-0.25,0.0
01::000023080001,1.0,1.0,1.0,2026,0.0,0.0
01::000023170001,1.0,1.0,1.0,2026,0.0,0.0
01::000023460001,1.0,1.0,1.0,2026,0.0,0.0
01::000023540001,1.0,1.0,1.0,2026,0.0,0.0
01::000023550001,1.0,1.0,1.0,2026,0.0,0.0
01::000023790001,1.0,1.0,1.0,2026,0.0,0.0
01::000024089596,1.0,1.0,1.0,2026,0.0,0.0
01::000024629596,1.0,1.0,1.0,2026,0.0,0.0
01::000026040001,1.0,1.0,1.0,2026,0.0,0.0
01::000026060001,1.0,1.0,1.0,2026,0.0,0.0
01::000026770001,0.5,0.5,1.0,2026,0.0,0.5
01::000027090001,1.0,1.0,1.0,2026,0.0,0.0
01::000027150001,0.0,1.0,1.0,2026,1.0,0.0
01::000027270001,1.0,1.0,1.0,2026,0.0,0.0
01::000036659598,1.0,0.967741935483871,1.0,2026,-0.032258064516129004,0.032258064516129004
01::000049189596,1.0,1.0,1.0,2026,0.0,0.0
01::000060649598,1.0,0.925925925925926,1.0,2026,-0.07407407407407396,0.07407407407407396
01::000069349598,1.0,1.0,1.0,2026,0.0,0.0
01::000076939598,1.0,1.0,1.0,2026,0.0,0.0
01::000078379598,1.0,1.0,1.0,2026,0.0,0.0
01::000081289598,1.0,0.875,1.0,2026,-0.125,0.125
01::000081569598,1.0,1.0,1.0,2026,0.0,0.0
01::000091699598,0.5,1.0,0.5,2026,0.5,-0.5
01::000093829598,0.9827586206896552,1.0,1.0,2026,0.01724137931034475,0.0
01::000099029598,1.0,1.0,1.0,2026,0.0,0.0
01::000100979598,1.0,1.0,1.0,2026,0.0,0.0
01::000103059598,1.0,1.0,1.0,2026,0.0,0.0
01::000107559598,1.0,1.0,1.0,2026,0.0,0.0
01::000107669598,1.0,1.0,1.0,2026,0.0,0.0
01::000128789598,1.0,1.0,1.0,2026,0.0,0.0
01::000137839598,1.0,1.0,1.0,2026,0.0,0.0
01::000141599598,1.0,1.0,1.0,2026,0.0,0.0
01::000146689598,1.0,0.0,0.0,2026,-1.0,0.0
01::000148389598,1.0,1.0,1.0,2026,0.0,0.0
01::000156749598,1.0,1.0,1.0,2026,0.0,0.0
01::000159109598,1.0,1.0,1.0,2026,0.0,0.0
01::000166779598,1.0,0.8,1.0,2026,-0.19999999999999996,0.19999999999999996
01::002626000101,1.0,1.0,1.0,2026,0.0,0.0
01::003379535208,1.0,1.0,1.0,2026,0.0,0.0
01::003384205218,1.0,1.0,1.0,2026,0.0,0.0
01::003387745222,1.0,1.0,1.0,2026,0.0,0.0
01::003387765222,1.0,1.0,1.0,2026,0.0,0.0
01::003391715225,1.0,1.0,1.0,2026,0.0,0.0
01::003391755225,1.0,1.0,1.0,2026,0.0,0.0
01::003398295232,1.0,1.0,1.0,2026,0.0,0.0
01::003398395232,1.0,1.0,1.0,2026,0.0,0.0
01::003398825232,1.0,1.0,1.0,2026,0.0,0.0
01::003399365233,1.0,1.0,1.0,2026,0.0,0.0
01::003405415240,1.0,1.0,1.0,2026,0.0,0.0
01::003405815240,1.0,1.0,1.0,2026,0.0,0.0
01::003416895270,0.5,1.0,1.0,2026,0.5,0.0
01::003417075270,1.0,1.0,1.0,2026,0.0,0.0
01::003419365275,1.0,1.0,1.0,2026,0.0,0.0
01::003419375275,1.0,1.0,1.0,2026,0.0,0.0
01::003419715275,1.0,1.0,1.0,2026,0.0,0.0
01::003421335277,1.0,1.0,1.0,2026,0.0,0.0
01::003421375277,1.0,1.0,1.0,2026,0.0,0.0
01::003422035277,1.0,1.0,1.0,2026,0.0,0.0
01::003425455286,1.0,1.0,1.0,2026,0.0,0.0
01::003425595286,1.0,1.0,1.0,2026,0.0,0.0
01::003425675286,1.0,1.0,1.0,2026,0.0,0.0
01::003425725286,1.0,1.0,1.0,2026,0.0,0.0
01::003425975286,1.0,0.0,1.0,2026,-1.0,1.0
01::003426085286,1.0,1.0,1.0,2026,0.0,0.0
01::003426215286,1.0,1.0,1.0,2026,0.0,0.0
01::003426255286,1.0,1.0,1.0,2026,0.0,0.0
01::003426265286,1.0,1.0,1.0,2026,0.0,0.0
01::003426385286,1.0,1.0,1.0,2026,0.0,0.0
01::003426465286,1.0,1.0,1.0,2026,0.0,0.0
01::003430375290,1.0,1.0,1.0,2026,0.0,0.0
01::003430415290,1.0,1.0,1.0,2026,0.0,0.0
01::003430545290,1.0,1.0,1.0,2026,0.0,0.0
01::003433465293,1.0,1.0,1.0,2026,0.0,0.0
01::003433605293,1.0,1.0,1.0,2026,0.0,0.0
01::003433745293,1.0,1.0,1.0,2026,0.0,0.0
01::003433935293,1.0,1.0,1.0,2026,0.0,0.0
01::003434035293,1.0,1.0,1.0,2026,0.0,0.0
01::003434295293,1.0,1.0,1.0,2026,0.0,0.0
01::003434415293,1.0,1.0,1.0,2026,0.0,0.0
01::003436795295,1.0,1.0,1.0,2026,0.0,0.0
01::003446215305,1.0,1.0,1.0,2026,0.0,0.0
01::003446265305,0.6666666666666666,1.0,0.6666666666666666,2026,0.33333333333333337,-0.33333333333333337
01::003446555306,1.0,1.0,1.0,2026,0.0,0.0
01::003446715305,1.0,1.0,1.0,2026,0.0,0.0
01::003446945306,1.0,1.0,1.0,2026,0.0,0.0
01::003447115306,1.0,1.0,1.0,2026,0.0,0.0
01::003447235306,1.0,1.0,0.5,2026,0.0,-0.5
01::003447285306,1.0,1.0,1.0,2026,0.0,0.0
01::003447475306,0.5,1.0,1.0,2026,0.5,0.0
01::003447605305,1.0,1.0,1.0,2026,0.0,0.0
01::003447715306,1.0,1.0,1.0,2026,0.0,0.0
01::003447775306,1.0,1.0,1.0,2026,0.0,0.0
01::003447965305,1.0,1.0,1.0,2026,0.0,0.0
01::003453695309,1.0,1.0,1.0,2026,0.0,0.0
01::003456125311,1.0,1.0,1.0,2026,0.0,0.0
01::003456205311,1.0,1.0,1.0,2026,0.0,0.0
01::003469375335,1.0,1.0,1.0,2026,0.0,0.0
01::003473785342,0.6666666666666666,0.6666666666666666,0.6666666666666666,2026,0.0,0.0
01::003473915342,1.0,1.0,1.0,2026,0.0,0.0
01::003474115342,1.0,1.0,1.0,2026,0.0,0.0
01::003474445342,0.9,1.0,0.95,2026,0.09999999999999998,-0.050000000000000044
01::003474575342,1.0,1.0,1.0,2026,0.0,0.0
01::003477485348,1.0,1.0,1.0,2026,0.0,0.0
01::003480435354,1.0,1.0,1.0,2026,0.0,0.0
01::003480575354,1.0,1.0,1.0,2026,0.0,0.0
01::003480805354,1.0,1.0,1.0,2026,0.0,0.0
01::003486355364,1.0,1.0,1.0,2026,0.0,0.0
01::003490145366,1.0,1.0,1.0,2026,0.0,0.0
01::003490595366,1.0,0.5,1.0,2026,-0.5,0.5
01::003490735366,1.0,1.0,0.5,2026,0.0,-0.5
01::003490795366,1.0,1.0,1.0,2026,0.0,0.0
01::003490845366,1.0,1.0,1.0,2026,0.0,0.0
01::003493665369,1.0,0.0,0.0,2026,-1.0,0.0
01::003494685372,1.0,1.0,1.0,2026,0.0,0.0
01::003496725374,1.0,1.0,1.0,2026,0.0,0.0
01::003496825374,1.0,1.0,1.0,2026,0.0,0.0
01::003496965374,1.0,1.0,1.0,2026,0.0,0.0
01::003497135374,1.0,1.0,1.0,2026,0.0,0.0
01::003497465374,1.0,1.0,1.0,2026,0.0,0.0
01::003497545374,1.0,1.0,1.0,2026,0.0,0.0
01::003497615374,1.0,1.0,1.0,2026,0.0,0.0
01::003497655374,1.0,1.0,1.0,2026,0.0,0.0
01::003497685374,1.0,1.0,1.0,2026,0.0,0.0
01::003497725374,1.0,1.0,1.0,2026,0.0,0.0
01::003497805374,1.0,1.0,1.0,2026,0.0,0.0
01::003497825374,1.0,1.0,1.0,2026,0.0,0.0
01::003500755378,1.0,1.0,1.0,2026,0.0,0.0
01::003500785378,1.0,1.0,1.0,2026,0.0,0.0
01::003500805378,1.0,1.0,1.0,2026,0.0,0.0
01::003500865378,1.0,1.0,1.0,2026,0.0,0.0
01::003500895378,1.0,1.0,1.0,2026,0.0,0.0
01::003500935378,1.0,1.0,1.0,2026,0.0,0.0
01::003500975378,1.0,1.0,1.0,2026,0.0,0.0
01::003501235378,1.0,1.0,1.0,2026,0.0,0.0
01::003501355378,1.0,1.0,1.0,2026,0.0,0.0
01::003501385378,1.0,1.0,1.0,2026,0.0,0.0
01::003501465378,1.0,1.0,1.0,2026,0.0,0.0
01::003501535378,1.0,1.0,1.0,2026,0.0,0.0
01::003503135380,0.5,0.0,1.0,2026,-0.5,1.0
01::003506425386,1.0,1.0,1.0,2026,0.0,0.0
01::003506685386,1.0,1.0,1.0,2026,0.0,0.0
01::003510805403,1.0,1.0,1.0,2026,0.0,0.0
01::003515925415,1.0,1.0,1.0,2026,0.0,0.0
01::003515955414,1.0,1.0,1.0,2026,0.0,0.0
01::003516245415,1.0,1.0,1.0,2026,0.0,0.0
01::003516385414,1.0,1.0,1.0,2026,0.0,0.0
01::003516455415,1.0,1.0,1.0,2026,0.0,0.0
01::003517405415,1.0,1.0,1.0,2026,0.0,0.0
01::003525465417,1.0,1.0,1.0,2026,0.0,0.0
01::003527245419,1.0,0.0,0.0,2026,-1.0,0.0
01::003535125429,1.0,1.0,1.0,2026,0.0,0.0
01::003535135429,1.0,1.0,1.0,2026,0.0,0.0
01::003535445429,1.0,1.0,1.0,2026,0.0,0.0
01::003535535429,1.0,1.0,1.0,2026,0.0,0.0
01::003535705429,1.0,1.0,1.0,2026,0.0,0.0
01::003535715429,1.0,1.0,1.0,2026,0.0,0.0
01::003540715442,1.0,1.0,1.0,2026,0.0,0.0
01::003542735448,1.0,1.0,1.0,2026,0.0,0.0
01::003549895470,1.0,1.0,1.0,2026,0.0,0.0
01::003549925470,1.0,1.0,1.0,2026,0.0,0.0
01::003549935470,1.0,1.0,1.0,2026,0.0,0.0
01::003550205470,1.0,1.0,1.0,2026,0.0,0.0
01::003550235470,1.0,1.0,1.0,2026,0.0,0.0
01::003550315470,1.0,1.0,1.0,2026,0.0,0.0
01::003555485481,1.0,1.0,1.0,2026,0.0,0.0
01::003555595481,1.0,1.0,1.0,2026,0.0,0.0
01::003556565482,1.0,1.0,1.0,2026,0.0,0.0
01::003556985482,1.0,1.0,1.0,2026,0.0,0.0
01::003557015482,1.0,1.0,1.0,2026,0.0,0.0
01::003558785487,1.0,1.0,1.0,2026,0.0,0.0
01::003558825487,1.0,1.0,1.0,2026,0.0,0.0
01::003559005487,1.0,1.0,1.0,2026,0.0,0.0
01::003560335495,1.0,1.0,1.0,2026,0.0,0.0
01::003560605495,1.0,1.0,1.0,2026,0.0,0.0
01::003568165517,1.0,1.0,1.0,2026,0.0,0.0
01::003568525517,1.0,1.0,1.0,2026,0.0,0.0
01::003568615517,1.0,1.0,1.0,2026,0.0,0.0
01::003571495521,1.0,1.0,1.0,2026,0.0,0.0
01::003571605521,1.0,1.0,1.0,2026,0.0,0.0
01::003571675521,1.0,1.0,1.0,2026,0.0,0.0
01::003571825521,1.0,1.0,1.0,2026,0.0,0.0
01::003575855532,1.0,1.0,1.0,2026,0.0,0.0
01::003576935534,1.0,1.0,1.0,2026,0.0,0.0
01::003586435569,1.0,1.0,1.0,2026,0.0,0.0
01::003586575569,1.0,1.0,1.0,2026,0.0,0.0
01::003586615569,1.0,1.0,1.0,2026,0.0,0.0
01::003586775569,1.0,1.0,1.0,2026,0.0,0.0
01::003586895569,1.0,1.0,1.0,2026,0.0,0.0
01::003587185569,1.0,1.0,1.0,2026,0.0,0.0
01::003587195569,1.0,1.0,1.0,2026,0.0,0.0
01::003589425583,1.0,1.0,1.0,2026,0.0,0.0
01::003591165585,1.0,1.0,1.0,2026,0.0,0.0
01::003591345585,1.0,1.0,1.0,2026,0.0,0.0
01::003599995598,1.0,1.0,1.0,2026,0.0,0.0
01::003600135598,1.0,1.0,1.0,2026,0.0,0.0
01::003604665610,1.0,1.0,1.0,2026,0.0,0.0
01::003607285612,1.0,1.0,1.0,2026,0.0,0.0
01::003614845628,1.0,1.0,1.0,2026,0.0,0.0
01::003614965628,1.0,1.0,1.0,2026,0.0,0.0
01::003615045628,1.0,1.0,1.0,2026,0.0,0.0
01::003616365630,1.0,1.0,1.0,2026,0.0,0.0
01::003616625630,1.0,1.0,1.0,2026,0.0,0.0
01::003621045640,1.0,1.0,1.0,2026,0.0,0.0
01::003621235640,1.0,1.0,1.0,2026,0.0,0.0
01::003629535658,1.0,1.0,1.0,2026,0.0,0.0
01::003629545658,1.0,1.0,1.0,2026,0.0,0.0
01::003633815671,1.0,1.0,1.0,2026,0.0,0.0
01::003641985707,1.0,1.0,1.0,2026,0.0,0.0
01::003642435707,1.0,1.0,1.0,2026,0.0,0.0
01::003645185716,1.0,1.0,1.0,2026,0.0,0.0
01::003645215716,1.0,1.0,1.0,2026,0.0,0.0
01::003645895716,1.0,1.0,1.0,2026,0.0,0.0
01::003646185716,1.0,1.0,1.0,2026,0.0,0.0
01::003646225716,1.0,1.0,1.0,2026,0.0,0.0
01::003646295718,1.0,1.0,1.0,2026,0.0,0.0
01::003657335751,0.0,1.0,1.0,2026,1.0,0.0
01::003657355751,1.0,1.0,1.0,2026,0.0,0.0
01::003657915752,1.0,1.0,1.0,2026,0.0,0.0
01::003657965752,1.0,1.0,1.0,2026,0.0,0.0
01::003658205752,1.0,1.0,1.0,2026,0.0,0.0
01::003658315752,1.0,1.0,1.0,2026,0.0,0.0
01::003658475752,1.0,1.0,1.0,2026,0.0,0.0
01::003658655752,1.0,1.0,1.0,2026,0.0,0.0
01::003658685754,1.0,1.0,1.0,2026,0.0,0.0
01::003658715752,1.0,1.0,1.0,2026,0.0,0.0
01::003658845754,1.0,1.0,1.0,2026,0.0,0.0
01::003661745760,1.0,1.0,1.0,2026,0.0,0.0
01::003661765760,1.0,1.0,1.0,2026,0.0,0.0
01::003665095766,1.0,1.0,1.0,2026,0.0,0.0
01::003665255765,1.0,1.0,1.0,2026,0.0,0.0
01::003665325765,1.0,1.0,1.0,2026,0.0,0.0
01::003666015765,1.0,1.0,1.0,2026,0.0,0.0
01::003666415765,0.0,1.0,1.0,2026,1.0,0.0
01::003680015782,1.0,1.0,1.0,2026,0.0,0.0
01::003689515794,1.0,1.0,1.0,2026,0.0,0.0
01::003689805794,1.0,1.0,1.0,2026,0.0,0.0
01::003689815794,1.0,1.0,1.0,2026,0.0,0.0
01::003689945794,1.0,1.0,1.0,2026,0.0,0.0
01::003690395794,1.0,1.0,1.0,2026,0.0,0.0
01::003693835805,1.0,1.0,1.0,2026,0.0,0.0
01::003694235805,1.0,1.0,1.0,2026,0.0,0.0
01::003695735806,1.0,1.0,1.0,2026,0.0,0.0
01::003698535825,1.0,1.0,1.0,2026,0.0,0.0
01::003698775825,1.0,1.0,1.0,2026,0.0,0.0
01::003701015833,1.0,1.0,1.0,2026,0.0,0.0
01::003701445833,1.0,1.0,1.0,2026,0.0,0.0
01::003701575834,1.0,1.0,1.0,2026,0.0,0.0
01::003701745833,1.0,1.0,1.0,2026,0.0,0.0
01::003702105833,1.0,1.0,1.0,2026,0.0,0.0
01::003707245844,1.0,1.0,1.0,2026,0.0,0.0
01::003713525850,1.0,1.0,1.0,2026,0.0,0.0
01::003715165857,1.0,1.0,1.0,2026,0.0,0.0
01::003715315857,1.0,1.0,1.0,2026,0.0,0.0
01::003715455857,1.0,1.0,1.0,2026,0.0,0.0
01::003715555857,1.0,1.0,1.0,2026,0.0,0.0
01::003717235859,1.0,1.0,1.0,2026,0.0,0.0
01::003717475859,1.0,1.0,1.0,2026,0.0,0.0
01::003730665880,1.0,1.0,1.0,2026,0.0,0.0
01::003735535894,1.0,1.0,1.0,2026,0.0,0.0
01::003735585894,1.0,1.0,1.0,2026,0.0,0.0
01::003735795894,1.0,1.0,1.0,2026,0.0,0.0
01::003735925894,1.0,1.0,1.0,2026,0.0,0.0
01::003737175897,1.0,1.0,1.0,2026,0.0,0.0
01::003737325897,1.0,1.0,1.0,2026,0.0,0.0
01::003738595907,1.0,1.0,1.0,2026,0.0,0.0
01::003743415926,1.0,1.0,1.0,2026,0.0,0.0
01::003743445926,1.0,1.0,1.0,2026,0.0,0.0
01::003744905931,0.0,0.0,0.0,2026,0.0,0.0
01::003747535940,1.0,1.0,1.0,2026,0.0,0.0
01::003751665959,1.0,1.0,1.0,2026,0.0,0.0
01::003751725959,1.0,1.0,1.0,2026,0.0,0.0
01::003756185976,1.0,1.0,1.0,2026,0.0,0.0
01::003756235977,1.0,1.0,1.0,2026,0.0,0.0
01::003762595989,1.0,1.0,1.0,2026,0.0,0.0
01::003770846009,1.0,1.0,1.0,2026,0.0,0.0
01::003772096012,0.0,0.0,0.0,2026,0.0,0.0
01::003776146025,1.0,1.0,1.0,2026,0.0,0.0
01::003776196026,1.0,0.0,1.0,2026,-1.0,1.0
01::003779026033,1.0,1.0,1.0,2026,0.0,0.0
01::003780506038,1.0,1.0,1.0,2026,0.0,0.0
01::003780566038,1.0,1.0,1.0,2026,0.0,0.0
01::003780946038,1.0,1.0,1.0,2026,0.0,0.0
01::003782176043,1.0,1.0,1.0,2026,0.0,0.0
01::003782186043,1.0,1.0,1.0,2026,0.0,0.0
01::003788896066,1.0,1.0,1.0,2026,0.0,0.0
01::003789096066,1.0,1.0,1.0,2026,0.0,0.0
01::003789576070,1.0,1.0,1.0,2026,0.0,0.0
01::003789746070,1.0,1.0,1.0,2026,0.0,0.0
01::003791346075,1.0,1.0,1.0,2026,0.0,0.0
01::003791596076,1.0,1.0,1.0,2026,0.0,0.0
01::003791866075,1.0,1.0,1.0,2026,0.0,0.0
01::003796626085,1.0,1.0,1.0,2026,0.0,0.0
01::003796776085,1.0,1.0,1.0,2026,0.0,0.0
01::003798166092,1.0,1.0,1.0,2026,0.0,0.0
01::003801126102,1.0,1.0,1.0,2026,0.0,0.0
01::003801156101,1.0,1.0,1.0,2026,0.0,0.0
01::003802526103,1.0,1.0,1.0,2026,0.0,0.0
01::003804846105,1.0,1.0,1.0,2026,0.0,0.0
01::003804876105,1.0,1.0,1.0,2026,0.0,0.0
01::003805686105,1.0,1.0,1.0,2026,0.0,0.0
01::003807056110,1.0,1.0,1.0,2026,0.0,0.0
01::003813316120,1.0,1.0,1.0,2026,0.0,0.0
01::003813616123,1.0,1.0,1.0,2026,0.0,0.0
01::003814196124,1.0,1.0,1.0,2026,0.0,0.0
01::003814436124,1.0,1.0,1.0,2026,0.0,0.0
01::003814446124,1.0,1.0,1.0,2026,0.0,0.0
01::003814766124,1.0,1.0,1.0,2026,0.0,0.0
01::003814796124,1.0,1.0,1.0,2026,0.0,0.0
01::003815136124,1.0,1.0,1.0,2026,0.0,0.0
01::003815256124,1.0,1.0,1.0,2026,0.0,0.0
01::003816976126,1.0,1.0,1.0,2026,0.0,0.0
01::003817046126,1.0,1.0,1.0,2026,0.0,0.0
01::003817406126,1.0,1.0,1.0,2026,0.0,0.0
01::003817416126,1.0,1.0,1.0,2026,0.0,0.0
01::003819526127,1.0,1.0,1.0,2026,0.0,0.0
01::003819896127,1.0,1.0,1.0,2026,0.0,0.0
01::003825756156,1.0,1.0,1.0,2026,0.0,0.0
01::003826716156,1.0,1.0,1.0,2026,0.0,0.0
01::003826836157,1.0,1.0,1.0,2026,0.0,0.0
01::003832456168,1.0,1.0,1.0,2026,0.0,0.0
01::003833216168,1.0,1.0,1.0,2026,0.0,0.0
01::003836876177,1.0,1.0,1.0,2026,0.0,0.0
01::003837156178,1.0,1.0,1.0,2026,0.0,0.0
01::003837386178,1.0,1.0,1.0,2026,0.0,0.0
01::003838206180,1.0,1.0,1.0,2026,0.0,0.0
01::003838396180,1.0,1.0,1.0,2026,0.0,0.0
01::003838486180,1.0,1.0,1.0,2026,0.0,0.0
01::003838516180,1.0,1.0,1.0,2026,0.0,0.0
01::003839036184,1.0,1.0,1.0,2026,0.0,0.0
01::003840716187,1.0,1.0,1.0,2026,0.0,0.0
01::003843386191,1.0,1.0,1.0,2026,0.0,0.0
01::003843476191,1.0,1.0,1.0,2026,0.0,0.0
01::003843576191,1.0,1.0,1.0,2026,0.0,0.0
01::003843616191,1.0,1.0,1.0,2026,0.0,0.0
01::003848846201,1.0,1.0,1.0,2026,0.0,0.0
01::003849026201,1.0,1.0,1.0,2026,0.0,0.0
01::003850276208,1.0,1.0,1.0,2026,0.0,0.0
01::003856796226,1.0,1.0,1.0,2026,0.0,0.0
01::003871206248,1.0,1.0,1.0,2026,0.0,0.0
01::003871876248,1.0,1.0,1.0,2026,0.0,0.0
01::003874706255,1.0,1.0,1.0,2026,0.0,0.0
01::003883166287,1.0,1.0,1.0,2026,0.0,0.0
01::003883606287,1.0,1.0,1.0,2026,0.0,0.0
01::003886316294,1.0,1.0,1.0,2026,0.0,0.0
01::003888756299,1.0,1.0,1.0,2026,0.0,0.0
01::003891556306,1.0,1.0,1.0,2026,0.0,0.0
01::003891696306,1.0,1.0,1.0,2026,0.0,0.0
01::003892026306,1.0,1.0,1.0,2026,0.0,0.0
01::003892086306,1.0,1.0,1.0,2026,0.0,0.0
01::003892226306,1.0,1.0,1.0,2026,0.0,0.0
01::003895996309,1.0,1.0,1.0,2026,0.0,0.0
01::003896266309,1.0,1.0,1.0,2026,0.0,0.0
01::003908796342,1.0,1.0,1.0,2026,0.0,0.0
01::003909786343,1.0,1.0,1.0,2026,0.0,0.0
01::003910376343,1.0,1.0,1.0,2026,0.0,0.0
01::003910536343,1.0,1.0,1.0,2026,0.0,0.0
01::003911226343,1.0,1.0,1.0,2026,0.0,0.0
01::003915986353,1.0,1.0,1.0,2026,0.0,0.0
01::003916126353,1.0,1.0,1.0,2026,0.0,0.0
01::003917766356,1.0,1.0,1.0,2026,0.0,0.0
01::003919196360,1.0,1.0,1.0,2026,0.0,0.0
01::003921476366,1.0,1.0,1.0,2026,0.0,0.0
01::003925576379,1.0,1.0,1.0,2026,0.0,0.0
01::003925806379,1.0,1.0,1.0,2026,0.0,0.0
01::003929846388,1.0,1.0,1.0,2026,0.0,0.0
01::003933736405,0.0,0.0,1.0,2026,0.0,1.0
01::003935156408,1.0,1.0,1.0,2026,0.0,0.0
01::003935196408,1.0,1.0,1.0,2026,0.0,0.0
01::003935246408,1.0,1.0,1.0,2026,0.0,0.0
01::003935666408,1.0,1.0,1.0,2026,0.0,0.0
01::003937266412,1.0,1.0,1.0,2026,0.0,0.0
01::003937276412,1.0,1.0,1.0,2026,0.0,0.0
01::003937306411,1.0,1.0,1.0,2026,0.0,0.0
01::003943416429,1.0,1.0,1.0,2026,0.0,0.0
01::003943506429,1.0,1.0,1.0,2026,0.0,0.0
01::003943566429,1.0,1.0,1.0,2026,0.0,0.0
01::003943586429,1.0,1.0,1.0,2026,0.0,0.0
01::003943826429,1.0,1.0,1.0,2026,0.0,0.0
01::003943946429,1.0,1.0,1.0,2026,0.0,0.0
01::003944066429,1.0,1.0,1.0,2026,0.0,0.0
01::003944166429,1.0,1.0,1.0,2026,0.0,0.0
01::003946496435,1.0,1.0,1.0,2026,0.0,0.0
01::003946596435,1.0,1.0,1.0,2026,0.0,0.0
01::003947166436,1.0,1.0,1.0,2026,0.0,0.0
01::003948346438,1.0,1.0,1.0,2026,0.0,0.0
01::003948396438,1.0,1.0,1.0,2026,0.0,0.0
01::003949476445,1.0,1.0,1.0,2026,0.0,0.0
01::003952226450,1.0,1.0,1.0,2026,0.0,0.0
01::003955756462,1.0,1.0,1.0,2026,0.0,0.0
01::003955766462,1.0,1.0,1.0,2026,0.0,0.0
01::003961116475,1.0,1.0,1.0,2026,0.0,0.0
01::003961386475,1.0,1.0,1.0,2026,0.0,0.0
01::003961566475,1.0,1.0,1.0,2026,0.0,0.0
01::003976716512,1.0,1.0,1.0,2026,0.0,0.0
01::003977136512,1.0,1.0,1.0,2026,0.0,0.0
01::004086136713,1.0,1.0,1.0,2026,0.0,0.0
01::004089516717,1.0,1.0,1.0,2026,0.0,0.0
01::004089536717,1.0,1.0,1.0,2026,0.0,0.0
01::004093116723,1.0,1.0,1.0,2026,0.0,0.0
01::004093286723,1.0,1.0,1.0,2026,0.0,0.0
01::004094566724,1.0,1.0,1.0,2026,0.0,0.0
01::004094966724,1.0,1.0,1.0,2026,0.0,0.0
01::004095656724,1.0,1.0,1.0,2026,0.0,0.0
01::004095986724,1.0,1.0,1.0,2026,0.0,0.0
01::004096496724,1.0,1.0,1.0,2026,0.0,0.0
01::004099076725,1.0,1.0,1.0,2026,0.0,0.0
01::004099526726,1.0,1.0,1.0,2026,0.0,0.0
01::004100006725,1.0,1.0,1.0,2026,0.0,0.0
01::004100626726,1.0,1.0,1.0,2026,0.0,0.0
01::004101286725,1.0,1.0,1.0,2026,0.0,0.0
01::004105516731,1.0,1.0,1.0,2026,0.0,0.0
01::004106226731,1.0,1.0,1.0,2026,0.0,0.0
01::004116306748,1.0,1.0,1.0,2026,0.0,0.0
01::004116876748,1.0,1.0,1.0,2026,0.0,0.0
01::004121576751,1.0,1.0,1.0,2026,0.0,0.0
01::004121616751,1.0,1.0,1.0,2026,0.0,0.0
01::004121796751,1.0,1.0,1.0,2026,0.0,0.0
01::004122016751,1.0,1.0,1.0,2026,0.0,0.0
01::004126006756,1.0,1.0,1.0,2026,0.0,0.0
01::004126126756,1.0,1.0,1.0,2026,0.0,0.0
01::004126176756,1.0,1.0,1.0,2026,0.0,0.0
01::004126256756,1.0,1.0,1.0,2026,0.0,0.0
01::004126676756,1.0,1.0,1.0,2026,0.0,0.0
01::004126956756,1.0,1.0,1.0,2026,0.0,0.0
01::004127196756,1.0,1.0,1.0,2026,0.0,0.0
01::004127356756,1.0,1.0,1.0,2026,0.0,0.0
01::004133526771,1.0,1.0,1.0,2026,0.0,0.0
01::004133606772,1.0,1.0,1.0,2026,0.0,0.0
01::004133846771,1.0,1.0,1.0,2026,0.0,0.0
01::004133876771,1.0,1.0,1.0,2026,0.0,0.0
01::004133936771,1.0,1.0,1.0,2026,0.0,0.0
01::004134116771,1.0,1.0,1.0,2026,0.0,0.0
01::004135906775,1.0,1.0,1.0,2026,0.0,0.0
01::004135996775,1.0,1.0,1.0,2026,0.0,0.0
01::004136156774,1.0,1.0,1.0,2026,0.0,0.0
01::004138246778,1.0,1.0,1.0,2026,0.0,0.0
01::004138546778,1.0,1.0,1.0,2026,0.0,0.0
01::004156606808,1.0,1.0,1.0,2026,0.0,0.0
01::004156866808,1.0,1.0,1.0,2026,0.0,0.0
01::004156966808,1.0,1.0,1.0,2026,0.0,0.0
01::004161176811,1.0,0.0,0.0,2026,-1.0,0.0
01::004161506811,1.0,1.0,1.0,2026,0.0,0.0
01::004165336815,1.0,1.0,1.0,2026,0.0,0.0
01::004169096823,1.0,1.0,1.0,2026,0.0,0.0
01::004172616828,1.0,1.0,1.0,2026,0.0,0.0
01::004173256828,1.0,1.0,1.0,2026,0.0,0.0
01::004176266832,1.0,1.0,1.0,2026,0.0,0.0
01::004176546832,1.0,1.0,1.0,2026,0.0,0.0
01::004176556832,1.0,1.0,1.0,2026,0.0,0.0
01::004176586832,1.0,1.0,1.0,2026,0.0,0.0
01::004178886835,1.0,1.0,1.0,2026,0.0,0.0
01::004185526842,1.0,1.0,1.0,2026,0.0,0.0
01::004186326842,1.0,1.0,1.0,2026,0.0,0.0
01::004192626854,1.0,1.0,0.5,2026,0.0,-0.5
01::004192716854,1.0,1.0,1.0,2026,0.0,0.0
01::004193166854,1.0,1.0,1.0,2026,0.0,0.0
01::004194546858,1.0,1.0,1.0,2026,0.0,0.0
01::004195816859,1.0,1.0,1.0,2026,0.0,0.0
01::004196766862,1.0,0.5,1.0,2026,-0.5,0.5
01::004200646866,1.0,1.0,1.0,2026,0.0,0.0
01::004200826866,1.0,1.0,1.0,2026,0.0,0.0
01::004204756877,1.0,1.0,1.0,2026,0.0,0.0
01::004204786877,1.0,1.0,1.0,2026,0.0,0.0
01::004209476885,1.0,1.0,1.0,2026,0.0,0.0
01::004210626888,1.0,1.0,1.0,2026,0.0,0.0
01::004211066888,1.0,1.0,1.0,2026,0.0,0.0
01::004216686893,1.0,1.0,1.0,2026,0.0,0.0
01::004221136904,0.5,1.0,1.0,2026,0.5,0.0
01::004221616904,1.0,1.0,1.0,2026,0.0,0.0
01::004227116913,1.0,1.0,1.0,2026,0.0,0.0
01::004227536913,1.0,1.0,1.0,2026,0.0,0.0
01::004228196913,0.0,0.0,0.0,2026,0.0,0.0
01::004230646916,1.0,1.0,1.0,2026,0.0,0.0
01::004230986916,1.0,1.0,1.0,2026,0.0,0.0
01::004235566929,1.0,1.0,1.0,2026,0.0,0.0
01::004236286931,1.0,1.0,1.0,2026,0.0,0.0
01::004236476931,1.0,1.0,1.0,2026,0.0,0.0
01::004247156949,1.0,1.0,1.0,2026,0.0,0.0
01::004258236957,1.0,1.0,1.0,2026,0.0,0.0
01::004259746960,1.0,1.0,1.0,2026,0.0,0.0
01::004260836960,1.0,1.0,1.0,2026,0.0,0.0
01::004264436965,1.0,1.0,1.0,2026,0.0,0.0
01::004265536967,1.0,1.0,1.0,2026,0.0,0.0
01::004265816971,1.0,1.0,1.0,2026,0.0,0.0
01::004265936971,1.0,1.0,1.0,2026,0.0,0.0
01::004274926976,1.0,1.0,1.0,2026,0.0,0.0
01::004277026978,1.0,1.0,1.0,2026,0.0,0.0
01::004286367003,1.0,1.0,1.0,2026,0.0,0.0
01::004287117004,1.0,1.0,1.0,2026,0.0,0.0
01::004298617027,1.0,1.0,1.0,2026,0.0,0.0
01::004300147030,1.0,1.0,1.0,2026,0.0,0.0
01::004300207030,1.0,1.0,1.0,2026,0.0,0.0
01::004300667031,1.0,1.0,1.0,2026,0.0,0.0
01::004305957033,1.0,1.0,1.0,2026,0.0,0.0
01::004306757033,1.0,1.0,1.0,2026,0.0,0.0
01::004310577035,1.0,1.0,1.0,2026,0.0,0.0
01::004313207038,1.0,1.0,1.0,2026,0.0,0.0
01::004313577038,1.0,1.0,1.0,2026,0.0,0.0
01::004328047042,1.0,1.0,1.0,2026,0.0,0.0
01::004328427042,1.0,1.0,1.0,2026,0.0,0.0
01::004328997042,0.0,0.0,1.0,2026,0.0,1.0
01::004329257042,1.0,1.0,1.0,2026,0.0,0.0
01::004329757042,1.0,1.0,1.0,2026,0.0,0.0
01::004334087049,1.0,1.0,1.0,2026,0.0,0.0
01::004334427049,1.0,1.0,1.0,2026,0.0,0.0
01::004342807065,1.0,1.0,1.0,2026,0.0,0.0
01::004342907065,1.0,1.0,1.0,2026,0.0,0.0
01::004346967076,1.0,1.0,1.0,2026,0.0,0.0
01::004347407076,1.0,1.0,1.0,2026,0.0,0.0
01::004347867078,1.0,1.0,1.0,2026,0.0,0.0
01::004349027078,1.0,1.0,1.0,2026,0.0,0.0
01::004349057078,1.0,1.0,1.0,2026,0.0,0.0
01::004353907082,1.0,1.0,1.0,2026,0.0,0.0
01::004355117091,1.0,1.0,1.0,2026,0.0,0.0
01::004358727102,1.0,1.0,1.0,2026,0.0,0.0
01::004358957102,1.0,1.0,1.0,2026,0.0,0.0
01::004360367105,1.0,1.0,1.0,2026,0.0,0.0
01::004360997106,1.0,1.0,1.0,2026,0.0,0.0
01::004361387106,1.0,1.0,1.0,2026,0.0,0.0
01::004368107107,1.0,1.0,1.0,2026,0.0,0.0
01::004368327107,1.0,1.0,1.0,2026,0.0,0.0
01::004368487107,1.0,1.0,1.0,2026,0.0,0.0
01::004370847107,1.0,1.0,1.0,2026,0.0,0.0
01::004373607108,1.0,1.0,1.0,2026,0.0,0.0
01::004379777113,1.0,1.0,1.0,2026,0.0,0.0
01::004379947113,1.0,1.0,1.0,2026,0.0,0.0
01::004402717136,1.0,1.0,1.0,2026,0.0,0.0
01::004409307147,1.0,1.0,1.0,2026,0.0,0.0
01::004409887148,1.0,1.0,1.0,2026,0.0,0.0
01::004414267149,1.0,1.0,1.0,2026,0.0,0.0
01::004414407149,1.0,1.0,1.0,2026,0.0,0.0
01::004421467170,1.0,1.0,1.0,2026,0.0,0.0
01::004421607170,1.0,1.0,1.0,2026,0.0,0.0
01::004426247184,1.0,1.0,1.0,2026,0.0,0.0
01::004426267184,1.0,1.0,1.0,2026,0.0,0.0
01::004427477186,1.0,1.0,1.0,2026,0.0,0.0
01::004428507188,1.0,1.0,1.0,2026,0.0,0.0
01::004429477189,0.0,0.0,0.0,2026,0.0,0.0
01::004429487188,1.0,1.0,1.0,2026,0.0,0.0
01::004430017189,1.0,1.0,1.0,2026,0.0,0.0
01::004436047192,1.0,1.0,1.0,2026,0.0,0.0
01::004436387192,1.0,1.0,1.0,2026,0.0,0.0
01::004448127199,1.0,1.0,1.0,2026,0.0,0.0
01::004461117244,1.0,1.0,1.0,2026,0.0,0.0
01::004461577244,1.0,1.0,1.0,2026,0.0,0.0
01::004461947244,1.0,1.0,1.0,2026,0.0,0.0
01::004462007244,1.0,1.0,1.0,2026,0.0,0.0
01::004465317252,1.0,1.0,1.0,2026,0.0,0.0
01::004465377252,1.0,1.0,1.0,2026,0.0,0.0
01::004474927254,1.0,1.0,1.0,2026,0.0,0.0
01::004475337254,1.0,1.0,1.0,2026,0.0,0.0
01::004475587254,1.0,1.0,1.0,2026,0.0,0.0
01::004495087267,1.0,1.0,1.0,2026,0.0,0.0
01::004496697272,1.0,1.0,1.0,2026,0.0,0.0
01::004497057273,1.0,0.0,0.0,2026,-1.0,0.0
01::004497247273,1.0,1.0,1.0,2026,0.0,0.0
01::004497707273,1.0,1.0,1.0,2026,0.0,0.0
01::004501807285,1.0,1.0,1.0,2026,0.0,0.0
01::004502957286,0.75,1.0,0.75,2026,0.25,-0.25
01::004506097288,1.0,1.0,1.0,2026,0.0,0.0
01::004511907302,1.0,1.0,1.0,2026,0.0,0.0
01::004511957302,1.0,1.0,1.0,2026,0.0,0.0
01::004521227324,1.0,1.0,1.0,2026,0.0,0.0
01::004524167333,1.0,1.0,1.0,2026,0.0,0.0
01::004533797351,0.0,0.0,0.0,2026,0.0,0.0
01::004539697360,1.0,1.0,1.0,2026,0.0,0.0
01::004539927360,1.0,1.0,1.0,2026,0.0,0.0
01::004540147360,1.0,1.0,1.0,2026,0.0,0.0
01::004543497366,1.0,1.0,1.0,2026,0.0,0.0
01::004543587366,1.0,1.0,1.0,2026,0.0,0.0
01::004544117366,1.0,1.0,1.0,2026,0.0,0.0
01::004544337366,1.0,1.0,1.0,2026,0.0,0.0
01::004544347366,1.0,1.0,1.0,2026,0.0,0.0
01::004544387366,1.0,1.0,1.0,2026,0.0,0.0
01::004548397375,1.0,1.0,1.0,2026,0.0,0.0
01::004548897375,1.0,1.0,1.0,2026,0.0,0.0
01::004548967375,1.0,1.0,1.0,2026,0.0,0.0
01::004550587377,1.0,1.0,1.0,2026,0.0,0.0
01::004550937377,1.0,1.0,1.0,2026,0.0,0.0
01::004551007377,1.0,1.0,1.0,2026,0.0,0.0
01::004551137377,1.0,1.0,1.0,2026,0.0,0.0
01::004551437377,1.0,1.0,1.0,2026,0.0,0.0
01::004556287381,1.0,1.0,1.0,2026,0.0,0.0
01::004556377381,1.0,1.0,1.0,2026,0.0,0.0
01::004568127401,1.0,1.0,1.0,2026,0.0,0.0
01::004568167401,1.0,1.0,1.0,2026,0.0,0.0
01::004568537401,1.0,1.0,1.0,2026,0.0,0.0
01::004568747401,1.0,1.0,1.0,2026,0.0,0.0
01::004571737407,1.0,1.0,1.0,2026,0.0,0.0
01::004571757407,1.0,1.0,1.0,2026,0.0,0.0
01::004573387411,1.0,1.0,1.0,2026,0.0,0.0
01::004577627417,1.0,1.0,1.0,2026,0.0,0.0
01::004577747417,1.0,1.0,1.0,2026,0.0,0.0
01::004578097417,1.0,1.0,1.0,2026,0.0,0.0
01::004590757446,1.0,1.0,1.0,2026,0.0,0.0
01::004594677451,1.0,1.0,1.0,2026,0.0,0.0
01::004598847455,1.0,1.0,1.0,2026,0.0,0.0
01::004600137455,1.0,1.0,1.0,2026,0.0,0.0
01::004600307455,1.0,1.0,1.0,2026,0.0,0.0
01::004653753557,0.0,0.0,0.0,2026,0.0,0.0
01::004664743562,1.0,1.0,1.0,2026,0.0,0.0
01::004706803564,0.0,0.0,0.0,2026,0.0,0.0
01::377488602201,0.0,0.0,1.0,2026,0.0,1.0
01::380939611401,0.0,1.0,1.0,2026,1.0,0.0
01::394214642001,1.0,1.0,1.0,2026,0.0,0.0
01::411603674801,1.0,1.0,1.0,2026,0.0,0.0
01::420934688501,1.0,1.0,1.0,2026,0.0,0.0
01::422661691301,1.0,1.0,1.0,2026,0.0,0.0
01::447532725401,1.0,1.0,1.0,2026,0.0,0.0
01::450284728601,1.0,1.0,1.0,2026,0.0,0.0
02::000013120001,1.0,1.0,1.0,2026,0.0,0.0
02::000013250001,1.0,1.0,1.0,2026,0.0,0.0
02::000018929596,1.0,1.0,1.0,2026,0.0,0.0
02::000019870001,1.0,1.0,1.0,2026,0.0,0.0
02::000027390001,1.0,1.0,1.0,2026,0.0,0.0
02::000034530001,1.0,1.0,1.0,2026,0.0,0.0
02::000043109596,1.0,1.0,1.0,2026,0.0,0.0
02::000055239596,1.0,1.0,1.0,2026,0.0,0.0
02::000059259596,1.0,1.0,1.0,2026,0.0,0.0
02::000061619596,1.0,1.0,1.0,2026,0.0,0.0
02::000064269596,1.0,1.0,1.0,2026,0.0,0.0
02::000069169596,1.0,1.0,1.0,2026,0.0,0.0
02::002600000102,1.0,1.0,1.0,2026,0.0,0.0
02::003381185211,1.0,1.0,1.0,2026,0.0,0.0
02::003381365211,1.0,1.0,1.0,2026,0.0,0.0
02::003381605211,1.0,1.0,1.0,2026,0.0,0.0
02::003384345218,1.0,1.0,1.0,2026,0.0,0.0
02::003388265223,1.0,1.0,1.0,2026,0.0,0.0
02::003398015232,1.0,1.0,1.0,2026,0.0,0.0
02::003398995232,1.0,1.0,1.0,2026,0.0,0.0
02::003399855232,1.0,1.0,1.0,2026,0.0,0.0
02::003405245240,1.0,1.0,1.0,2026,0.0,0.0
02::003428285288,1.0,1.0,1.0,2026,0.0,0.0
02::003431105291,1.0,1.0,1.0,2026,0.0,0.0
02::003432315292,1.0,1.0,1.0,2026,0.0,0.0
02::003446275305,1.0,1.0,1.0,2026,0.0,0.0
02::003447195305,1.0,1.0,1.0,2026,0.0,0.0
02::003461875325,1.0,1.0,1.0,2026,0.0,0.0
02::003470685337,1.0,1.0,1.0,2026,0.0,0.0
02::003473495342,1.0,1.0,1.0,2026,0.0,0.0
02::003474165342,1.0,1.0,1.0,2026,0.0,0.0
02::003487015364,1.0,1.0,1.0,2026,0.0,0.0
02::003487265364,1.0,1.0,1.0,2026,0.0,0.0
02::003505355383,1.0,1.0,1.0,2026,0.0,0.0
02::003524135417,1.0,1.0,1.0,2026,0.0,0.0
02::003537155434,1.0,1.0,1.0,2026,0.0,0.0
02::003537235434,1.0,1.0,1.0,2026,0.0,0.0
02::003537485434,1.0,1.0,1.0,2026,0.0,0.0
02::003541965448,1.0,1.0,1.0,2026,0.0,0.0
02::003549085463,1.0,1.0,1.0,2026,0.0,0.0
02::003561125496,1.0,1.0,1.0,2026,0.0,0.0
02::003577705534,1.0,1.0,1.0,2026,0.0,0.0
02::003581745544,1.0,1.0,1.0,2026,0.0,0.0
02::003581755544,1.0,1.0,1.0,2026,0.0,0.0
02::003582015544,1.0,1.0,1.0,2026,0.0,0.0
02::003582325544,1.0,1.0,1.0,2026,0.0,0.0
02::003586825569,1.0,1.0,1.0,2026,0.0,0.0
02::003586865569,1.0,1.0,1.0,2026,0.0,0.0
02::003613045623,1.0,1.0,1.0,2026,0.0,0.0
02::003617865632,1.0,1.0,1.0,2026,0.0,0.0
02::003641825707,1.0,1.0,1.0,2026,0.0,0.0
02::003641905707,1.0,1.0,1.0,2026,0.0,0.0
02::003642275707,1.0,1.0,1.0,2026,0.0,0.0
02::003651335728,1.0,1.0,1.0,2026,0.0,0.0
02::003651355728,1.0,1.0,1.0,2026,0.0,0.0
02::003651475728,1.0,1.0,1.0,2026,0.0,0.0
02::003651905728,1.0,1.0,1.0,2026,0.0,0.0
02::003658705754,1.0,1.0,1.0,2026,0.0,0.0
02::003674065773,1.0,1.0,1.0,2026,0.0,0.0
02::003675165773,1.0,1.0,1.0,2026,0.0,0.0
02::003681355782,1.0,1.0,1.0,2026,0.0,0.0
02::003705565838,1.0,1.0,1.0,2026,0.0,0.0
02::003708755845,1.0,1.0,1.0,2026,0.0,0.0
02::003709355845,1.0,1.0,1.0,2026,0.0,0.0
02::003714475855,1.0,1.0,1.0,2026,0.0,0.0
02::003714515855,1.0,1.0,1.0,2026,0.0,0.0
02::003714625855,1.0,1.0,1.0,2026,0.0,0.0
02::003714935855,1.0,1.0,1.0,2026,0.0,0.0
02::003722125870,1.0,1.0,1.0,2026,0.0,0.0
02::003723355870,1.0,1.0,1.0,2026,0.0,0.0
02::003726315873,1.0,1.0,1.0,2026,0.0,0.0
02::003726375873,1.0,1.0,1.0,2026,0.0,0.0
02::003732075882,1.0,1.0,1.0,2026,0.0,0.0
02::003732085882,1.0,1.0,1.0,2026,0.0,0.0
02::003739015908,1.0,1.0,1.0,2026,0.0,0.0
02::003739215908,1.0,1.0,1.0,2026,0.0,0.0
02::003755405976,1.0,1.0,1.0,2026,0.0,0.0
02::003755525976,1.0,1.0,1.0,2026,0.0,0.0
02::003755965976,1.0,1.0,1.0,2026,0.0,0.0
02::003771946012,1.0,1.0,1.0,2026,0.0,0.0
02::003772556012,1.0,1.0,1.0,2026,0.0,0.0
02::003774836022,1.0,1.0,1.0,2026,0.0,0.0
02::003775016022,1.0,1.0,1.0,2026,0.0,0.0
02::003775036022,1.0,1.0,1.0,2026,0.0,0.0
02::003775716025,1.0,1.0,1.0,2026,0.0,0.0
02::003784356052,1.0,1.0,1.0,2026,0.0,0.0
02::003784986052,1.0,1.0,1.0,2026,0.0,0.0
02::003788936066,1.0,1.0,1.0,2026,0.0,0.0
02::003790756075,1.0,1.0,1.0,2026,0.0,0.0
02::003790776075,1.0,1.0,1.0,2026,0.0,0.0
02::003791166075,1.0,1.0,1.0,2026,0.0,0.0
02::003798426092,1.0,1.0,1.0,2026,0.0,0.0
02::003826026157,1.0,1.0,1.0,2026,0.0,0.0
02::003826566157,1.0,1.0,1.0,2026,0.0,0.0
02::003839266184,1.0,1.0,1.0,2026,0.0,0.0
02::003845016197,1.0,1.0,1.0,2026,0.0,0.0
02::003845266197,1.0,1.0,1.0,2026,0.0,0.0
02::003865236237,1.0,1.0,1.0,2026,0.0,0.0
02::003878636276,1.0,1.0,1.0,2026,0.0,0.0
02::003888866300,1.0,1.0,1.0,2026,0.0,0.0
02::003894716309,1.0,1.0,1.0,2026,0.0,0.0
02::003898916320,1.0,1.0,1.0,2026,0.0,0.0
02::003917586356,1.0,1.0,1.0,2026,0.0,0.0
02::003917886356,1.0,1.0,1.0,2026,0.0,0.0
02::003920966366,1.0,1.0,1.0,2026,0.0,0.0
02::003921076366,1.0,1.0,1.0,2026,0.0,0.0
02::003926206379,1.0,1.0,1.0,2026,0.0,0.0
02::003962096475,1.0,1.0,1.0,2026,0.0,0.0
02::003966416489,1.0,1.0,1.0,2026,0.0,0.0
02::003968816494,1.0,1.0,1.0,2026,0.0,0.0
02::004079506696,1.0,1.0,1.0,2026,0.0,0.0
02::004093926723,1.0,1.0,1.0,2026,0.0,0.0
02::004094686723,1.0,1.0,1.0,2026,0.0,0.0
02::004094856723,1.0,1.0,1.0,2026,0.0,0.0
02::004110576741,1.0,1.0,1.0,2026,0.0,0.0
02::004147306796,1.0,1.0,1.0,2026,0.0,0.0
02::004148136796,1.0,1.0,1.0,2026,0.0,0.0
02::004148576796,1.0,1.0,1.0,2026,0.0,0.0
02::004160246812,1.0,1.0,1.0,2026,0.0,0.0
02::004161236811,1.0,1.0,1.0,2026,0.0,0.0
02::004161386811,1.0,1.0,1.0,2026,0.0,0.0
02::004169016823,1.0,1.0,1.0,2026,0.0,0.0
02::004199186865,1.0,1.0,1.0,2026,0.0,0.0
02::004200916866,1.0,1.0,1.0,2026,0.0,0.0
02::004210866888,1.0,1.0,1.0,2026,0.0,0.0
02::004213296890,1.0,1.0,1.0,2026,0.0,0.0
02::004216676893,1.0,1.0,1.0,2026,0.0,0.0
02::004216776893,1.0,1.0,1.0,2026,0.0,0.0
02::004226996913,1.0,1.0,1.0,2026,0.0,0.0
02::004227516914,1.0,1.0,1.0,2026,0.0,0.0
02::004264766967,1.0,1.0,1.0,2026,0.0,0.0
02::004270506972,1.0,1.0,1.0,2026,0.0,0.0
02::004270826972,1.0,1.0,1.0,2026,0.0,0.0
02::004273916975,1.0,1.0,1.0,2026,0.0,0.0
02::004286627004,1.0,1.0,1.0,2026,0.0,0.0
02::004288527004,1.0,1.0,1.0,2026,0.0,0.0
02::004310087035,1.0,1.0,1.0,2026,0.0,0.0
02::004328367042,1.0,1.0,1.0,2026,0.0,0.0
02::004338897060,1.0,1.0,1.0,2026,0.0,0.0
02::004339117060,1.0,1.0,1.0,2026,0.0,0.0
02::004339377060,1.0,1.0,1.0,2026,0.0,0.0
02::004342067064,1.0,1.0,1.0,2026,0.0,0.0
02::004342077064,1.0,1.0,1.0,2026,0.0,0.0
02::004347247078,1.0,1.0,1.0,2026,0.0,0.0
02::004355017091,1.0,1.0,1.0,2026,0.0,0.0
02::004355267091,1.0,1.0,1.0,2026,0.0,0.0
02::004360647105,1.0,1.0,1.0,2026,0.0,0.0
02::004396327125,1.0,1.0,1.0,2026,0.0,0.0
02::004409487147,1.0,1.0,1.0,2026,0.0,0.0
02::004410427147,1.0,1.0,1.0,2026,0.0,0.0
02::004413987149,1.0,1.0,1.0,2026,0.0,0.0
02::004414967150,1.0,1.0,1.0,2026,0.0,0.0
02::004415457150,1.0,1.0,1.0,2026,0.0,0.0
02::004427077186,1.0,1.0,1.0,2026,0.0,0.0
02::004427747186,1.0,1.0,1.0,2026,0.0,0.0
02::004430617189,1.0,1.0,1.0,2026,0.0,0.0
02::004431807191,1.0,1.0,1.0,2026,0.0,0.0
02::004431827191,1.0,1.0,1.0,2026,0.0,0.0
02::004432697191,1.0,1.0,1.0,2026,0.0,0.0
02::004433077191,1.0,1.0,1.0,2026,0.0,0.0
02::004433307191,1.0,1.0,1.0,2026,0.0,0.0
02::004433427191,1.0,1.0,1.0,2026,0.0,0.0
02::004441467194,1.0,1.0,1.0,2026,0.0,0.0
02::004442137196,1.0,1.0,1.0,2026,0.0,0.0
02::004461497245,1.0,1.0,1.0,2026,0.0,0.0
02::004503337286,1.0,1.0,1.0,2026,0.0,0.0
02::004518947323,1.0,1.0,1.0,2026,0.0,0.0
02::004519067323,1.0,1.0,1.0,2026,0.0,0.0
02::004519867323,1.0,1.0,1.0,2026,0.0,0.0
02::004527367339,1.0,1.0,1.0,2026,0.0,0.0
02::004547817374,1.0,1.0,1.0,2026,0.0,0.0
02::004547857374,1.0,1.0,1.0,2026,0.0,0.0
02::004548017374,1.0,1.0,1.0,2026,0.0,0.0
02::004548117374,1.0,1.0,1.0,2026,0.0,0.0
02::004557667383,1.0,1.0,1.0,2026,0.0,0.0
02::004560057386,1.0,1.0,1.0,2026,0.0,0.0
02::004563517390,1.0,1.0,1.0,2026,0.0,0.0
02::004571937407,1.0,1.0,1.0,2026,0.0,0.0
02::004574567412,1.0,1.0,1.0,2026,0.0,0.0
02::004583737425,1.0,1.0,1.0,2026,0.0,0.0
02::004592387447,1.0,1.0,1.0,2026,0.0,0.0
02::004661693561,1.0,1.0,1.0,2026,0.0,0.0
02::004662723561,1.0,1.0,1.0,2026,0.0,0.0
03::000000679596,1.0,1.0,1.0,2026,0.0,0.0
03::000005729596,1.0,1.0,1.0,2026,0.0,0.0
03::000008979596,1.0,1.0,1.0,2026,0.0,0.0
03::000012909596,1.0,0.75,1.0,2026,-0.25,0.25
03::000013320001,1.0,1.0,1.0,2026,0.0,0.0
03::000013440001,0.9285714285714286,0.9285714285714286,0.9285714285714286,2026,0.0,0.0
03::000013450001,1.0,1.0,1.0,2026,0.0,0.0
03::000019920001,1.0,1.0,1.0,2026,0.0,0.0
03::000020230001,1.0,1.0,1.0,2026,0.0,0.0
03::000025529596,0.8,0.8,0.8,2026,0.0,0.0
03::000027319596,1.0,1.0,1.0,2026,0.0,0.0
03::000027520001,1.0,1.0,1.0,2026,0.0,0.0
03::000033249596,1.0,1.0,1.0,2026,0.0,0.0
03::000033570001,1.0,1.0,1.0,2026,0.0,0.0
03::000034050001,1.0,1.0,1.0,2026,0.0,0.0
03::000034189596,1.0,1.0,1.0,2026,0.0,0.0
03::000034699596,1.0,1.0,1.0,2026,0.0,0.0
03::000036049596,0.8461538461538461,1.0,1.0,2026,0.15384615384615385,0.0
03::000039109596,1.0,1.0,1.0,2026,0.0,0.0
03::000049539596,1.0,1.0,1.0,2026,0.0,0.0
03::000054849596,1.0,1.0,1.0,2026,0.0,0.0
03::000063989596,1.0,1.0,1.0,2026,0.0,0.0
03::000067919596,1.0,1.0,1.0,2026,0.0,0.0
03::000071219596,0.0,0.0,0.0,2026,0.0,0.0
03::002603000103,1.0,1.0,1.0,2026,0.0,0.0
03::002605000103,1.0,1.0,1.0,2026,0.0,0.0
03::003431225291,1.0,1.0,1.0,2026,0.0,0.0
03::003432605292,1.0,1.0,1.0,2026,0.0,0.0
03::003445635304,1.0,1.0,1.0,2026,0.0,0.0
03::003446765305,1.0,1.0,1.0,2026,0.0,0.0
03::003447095305,1.0,1.0,1.0,2026,0.0,0.0
03::003448005305,1.0,1.0,1.0,2026,0.0,0.0
03::003448015305,1.0,1.0,1.0,2026,0.0,0.0
03::003473715342,1.0,1.0,1.0,2026,0.0,0.0
03::003515305414,1.0,1.0,1.0,2026,0.0,0.0
03::003515495414,1.0,1.0,1.0,2026,0.0,0.0
03::003524085417,1.0,1.0,1.0,2026,0.0,0.0
03::003541895448,1.0,1.0,1.0,2026,0.0,0.0
03::003542565448,1.0,1.0,1.0,2026,0.0,0.0
03::003542605448,1.0,1.0,1.0,2026,0.0,0.0
03::003563085500,1.0,1.0,1.0,2026,0.0,0.0
03::003577165534,1.0,1.0,1.0,2026,0.0,0.0
03::003596675595,1.0,1.0,1.0,2026,0.0,0.0
03::003608575615,1.0,1.0,1.0,2026,0.0,0.0
03::003608715615,1.0,1.0,1.0,2026,0.0,0.0
03::003608855615,1.0,1.0,1.0,2026,0.0,0.0
03::003620475639,1.0,1.0,1.0,2026,0.0,0.0
03::003641845707,1.0,1.0,1.0,2026,0.0,0.0
03::003646005716,1.0,1.0,1.0,2026,0.0,0.0
03::003646215716,1.0,1.0,1.0,2026,0.0,0.0
03::003651715728,1.0,1.0,1.0,2026,0.0,0.0
03::003666515765,1.0,1.0,1.0,2026,0.0,0.0
03::003679515782,1.0,1.0,1.0,2026,0.0,0.0
03::003699865827,1.0,1.0,1.0,2026,0.0,0.0
03::003705855838,1.0,1.0,1.0,2026,0.0,0.0
03::003706065838,1.0,1.0,1.0,2026,0.0,0.0
03::003706295838,1.0,1.0,1.0,2026,0.0,0.0
03::003708255845,1.0,1.0,1.0,2026,0.0,0.0
03::003708705845,1.0,1.0,1.0,2026,0.0,0.0
03::003708935845,1.0,1.0,1.0,2026,0.0,0.0
03::003708965845,1.0,1.0,1.0,2026,0.0,0.0
03::003726075873,1.0,1.0,1.0,2026,0.0,0.0
03::003776086025,1.0,1.0,1.0,2026,0.0,0.0
03::003776166025,1.0,1.0,1.0,2026,0.0,0.0
03::003776356025,1.0,1.0,1.0,2026,0.0,0.0
03::003784336052,1.0,1.0,1.0,2026,0.0,0.0
03::003805376105,1.0,1.0,1.0,2026,0.0,0.0
03::003805666105,1.0,1.0,1.0,2026,0.0,0.0
03::003809426114,1.0,1.0,1.0,2026,0.0,0.0
03::003825926157,1.0,1.0,1.0,2026,0.0,0.0
03::003826986157,1.0,1.0,1.0,2026,0.0,0.0
03::003827106157,1.0,1.0,1.0,2026,0.0,0.0
03::003827676157,1.0,1.0,1.0,2026,0.0,0.0
03::003839446184,1.0,1.0,1.0,2026,0.0,0.0
03::003839566184,1.0,1.0,1.0,2026,0.0,0.0
03::003839956184,1.0,1.0,1.0,2026,0.0,0.0
03::003871376248,1.0,1.0,1.0,2026,0.0,0.0
03::003876406270,1.0,1.0,1.0,2026,0.0,0.0
03::003888396299,1.0,1.0,1.0,2026,0.0,0.0
03::003888886299,1.0,1.0,1.0,2026,0.0,0.0
03::003894936309,1.0,1.0,1.0,2026,0.0,0.0
03::003920886366,1.0,1.0,1.0,2026,0.0,0.0
03::003921046366,1.0,1.0,1.0,2026,0.0,0.0
03::003925706379,1.0,1.0,1.0,2026,0.0,0.0
03::003926356379,1.0,1.0,1.0,2026,0.0,0.0
03::003926416379,1.0,1.0,1.0,2026,0.0,0.0
03::003926446379,1.0,1.0,1.0,2026,0.0,0.0
03::004133946772,0.0,0.0,0.0,2026,0.0,0.0
03::004146536796,1.0,1.0,1.0,2026,0.0,0.0
03::004154746805,1.0,1.0,1.0,2026,0.0,0.0
03::004154976805,1.0,1.0,1.0,2026,0.0,0.0
03::004160136811,1.0,1.0,1.0,2026,0.0,0.0
03::004160166811,1.0,1.0,1.0,2026,0.0,0.0
03::004160706812,1.0,1.0,1.0,2026,0.0,0.0
03::004160756812,1.0,1.0,1.0,2026,0.0,0.0
03::004200316867,1.0,1.0,1.0,2026,0.0,0.0
03::004200726867,1.0,1.0,1.0,2026,0.0,0.0
03::004201166867,1.0,1.0,1.0,2026,0.0,0.0
03::004211276888,1.0,1.0,1.0,2026,0.0,0.0
03::004213886890,1.0,1.0,1.0,2026,0.0,0.0
03::004214456890,1.0,1.0,1.0,2026,0.0,0.0
03::004214626890,1.0,1.0,1.0,2026,0.0,0.0
03::004214646890,1.0,1.0,1.0,2026,0.0,0.0
03::004214666890,1.0,1.0,1.0,2026,0.0,0.0
03::004222496906,1.0,1.0,1.0,2026,0.0,0.0
03::004222826906,1.0,1.0,1.0,2026,0.0,0.0
03::004222886906,1.0,1.0,1.0,2026,0.0,0.0
03::004223036906,1.0,1.0,1.0,2026,0.0,0.0
03::004265196967,1.0,1.0,1.0,2026,0.0,0.0
03::004266866970,1.0,1.0,1.0,2026,0.0,0.0
03::004269716972,1.0,1.0,1.0,2026,0.0,0.0
03::004270216972,1.0,1.0,1.0,2026,0.0,0.0
03::004270486972,1.0,1.0,1.0,2026,0.0,0.0
03::004272406975,1.0,1.0,1.0,2026,0.0,0.0
03::004272446975,1.0,1.0,1.0,2026,0.0,0.0
03::004273416975,1.0,1.0,1.0,2026,0.0,0.0
03::004282466990,1.0,1.0,1.0,2026,0.0,0.0
03::004282516990,1.0,1.0,1.0,2026,0.0,0.0
03::004286927004,1.0,1.0,1.0,2026,0.0,0.0
03::004288087004,1.0,1.0,1.0,2026,0.0,0.0
03::004288267004,1.0,1.0,1.0,2026,0.0,0.0
03::004313747038,1.0,1.0,1.0,2026,0.0,0.0
03::004314347038,1.0,1.0,1.0,2026,0.0,0.0
03::004341767064,1.0,1.0,1.0,2026,0.0,0.0
03::004341967064,1.0,1.0,1.0,2026,0.0,0.0
03::004342677064,1.0,1.0,1.0,2026,0.0,0.0
03::004360257105,1.0,1.0,1.0,2026,0.0,0.0
03::004381687116,1.0,1.0,1.0,2026,0.0,0.0
03::004388677119,1.0,1.0,1.0,2026,0.0,0.0
03::004409617147,1.0,1.0,1.0,2026,0.0,0.0
03::004410077147,1.0,1.0,1.0,2026,0.0,0.0
03::004429517189,1.0,1.0,1.0,2026,0.0,0.0
03::004429557189,1.0,1.0,1.0,2026,0.0,0.0
03::004436797192,1.0,1.0,1.0,2026,0.0,0.0
03::004440317195,1.0,1.0,1.0,2026,0.0,0.0
03::004444127197,1.0,1.0,1.0,2026,0.0,0.0
03::004472017254,1.0,1.0,1.0,2026,0.0,0.0
03::004474997254,1.0,1.0,1.0,2026,0.0,0.0
03::004480727258,1.0,1.0,1.0,2026,0.0,0.0
03::004490877262,1.0,1.0,0.0,2026,0.0,-1.0
03::004517957321,1.0,1.0,1.0,2026,0.0,0.0
03::004520997324,1.0,1.0,1.0,2026,0.0,0.0
03::004523957333,1.0,1.0,1.0,2026,0.0,0.0
03::004524087333,1.0,1.0,1.0,2026,0.0,0.0
03::004526487339,1.0,1.0,1.0,2026,0.0,0.0
03::004527457339,1.0,1.0,1.0,2026,0.0,0.0
03::004537317356,1.0,1.0,1.0,2026,0.0,0.0
03::004543897366,1.0,1.0,1.0,2026,0.0,0.0
03::004544157366,1.0,1.0,1.0,2026,0.0,0.0
03::004557137383,1.0,1.0,1.0,2026,0.0,0.0
03::004557497383,1.0,1.0,1.0,2026,0.0,0.0
03::004557687383,1.0,1.0,1.0,2026,0.0,0.0
03::004558037383,1.0,1.0,1.0,2026,0.0,0.0
03::004559447386,1.0,1.0,1.0,2026,0.0,0.0
03::004563527390,1.0,1.0,1.0,2026,0.0,0.0
03::004563597390,1.0,1.0,1.0,2026,0.0,0.0
03::004563917390,1.0,1.0,1.0,2026,0.0,0.0
03::004591567447,1.0,1.0,1.0,2026,0.0,0.0
03::004599037455,1.0,1.0,1.0,2026,0.0,0.0
03::004599547454,1.0,1.0,1.0,2026,0.0,0.0
03::004601127455,1.0,1.0,1.0,2026,0.0,0.0
03::004656483558,1.0,1.0,1.0,2026,0.0,0.0
03::004657813558,1.0,1.0,1.0,2026,0.0,0.0
03::004658283558,1.0,1.0,1.0,2026,0.0,0.0
03::004661863561,1.0,1.0,1.0,2026,0.0,0.0
03::004664303562,1.0,1.0,1.0,2026,0.0,0.0
03::004718853566,1.0,1.0,1.0,2026,0.0,0.0
03::388928629903,1.0,1.0,1.0,2026,0.0,0.0
03::421423689003,1.0,1.0,1.0,2026,0.0,0.0
03::422383690603,1.0,1.0,0.75,2026,0.0,-0.25
03::423260691803,1.0,1.0,1.0,2026,0.0,0.0
03::443685719203,0.5,0.5,0.5,2026,0.0,0.0
03::443757719203,1.0,1.0,1.0,2026,0.0,0.0
03::450284728603,1.0,1.0,1.0,2026,0.0,0.0
03::453570735603,1.0,1.0,1.0,2026,0.0,0.0
03::454043736003,1.0,1.0,1.0,2026,0.0,0.0
04::000000619599,1.0,1.0,1.0,2026,0.0,0.0
04::000001969599,1.0,1.0,1.0,2026,0.0,0.0
04::000003979599,1.0,1.0,1.0,2026,0.0,0.0
04::000004859599,1.0,1.0,1.0,2026,0.0,0.0
04::000005509599,1.0,1.0,1.0,2026,0.0,0.0
04::000007669599,1.0,1.0,1.0,2026,0.0,0.0
04::000007929599,1.0,1.0,1.0,2026,0.0,0.0
04::000014389599,1.0,1.0,1.0,2026,0.0,0.0
04::000014509599,1.0,1.0,1.0,2026,0.0,0.0
04::000014759599,1.0,1.0,1.0,2026,0.0,0.0
04::000015359599,1.0,1.0,1.0,2026,0.0,0.0
04::000016949599,1.0,1.0,1.0,2026,0.0,0.0
04::000017139599,1.0,1.0,1.0,2026,0.0,0.0
04::000018519599,1.0,1.0,1.0,2026,0.0,0.0
04::000018939599,1.0,1.0,1.0,2026,0.0,0.0
04::000021119599,1.0,1.0,1.0,2026,0.0,0.0
04::000031270001,1.0,1.0,1.0,2026,0.0,0.0
04::000034619598,1.0,1.0,1.0,2026,0.0,0.0
04::000052439598,1.0,1.0,1.0,2026,0.0,0.0
04::000060489598,1.0,1.0,1.0,2026,0.0,0.0
04::000155219598,1.0,1.0,1.0,2026,0.0,0.0
04::003399575233,1.0,1.0,1.0,2026,0.0,0.0
04::003414695267,0.8,1.0,0.8,2026,0.19999999999999996,-0.19999999999999996
04::003421495277,1.0,1.0,1.0,2026,0.0,0.0
04::003421745277,1.0,1.0,1.0,2026,0.0,0.0
04::003421755277,1.0,1.0,1.0,2026,0.0,0.0
04::003421865277,1.0,1.0,1.0,2026,0.0,0.0
04::003458495314,1.0,1.0,1.0,2026,0.0,0.0
04::003458505314,1.0,1.0,1.0,2026,0.0,0.0
04::003491495368,1.0,1.0,1.0,2026,0.0,0.0
04::003539595441,1.0,1.0,1.0,2026,0.0,0.0
04::003554645480,1.0,1.0,1.0,2026,0.0,0.0
04::003554715480,1.0,1.0,1.0,2026,0.0,0.0
04::003554745480,1.0,1.0,1.0,2026,0.0,0.0
04::003555215480,1.0,1.0,1.0,2026,0.0,0.0
04::003620435640,1.0,1.0,1.0,2026,0.0,0.0
04::003636365685,1.0,1.0,1.0,2026,0.0,0.0
04::003636375685,1.0,1.0,1.0,2026,0.0,0.0
04::003636565685,1.0,1.0,1.0,2026,0.0,0.0
04::003663745762,1.0,1.0,1.0,2026,0.0,0.0
04::003663885762,1.0,1.0,1.0,2026,0.0,0.0
04::003696615808,1.0,1.0,1.0,2026,0.0,0.0
04::003696825808,1.0,1.0,1.0,2026,0.0,0.0
04::003741325916,1.0,1.0,1.0,2026,0.0,0.0
04::003759175985,1.0,1.0,1.0,2026,0.0,0.0
04::003759355985,1.0,1.0,1.0,2026,0.0,0.0
04::003759515985,1.0,1.0,1.0,2026,0.0,0.0
04::003759725985,1.0,1.0,1.0,2026,0.0,0.0
04::003759885985,1.0,1.0,1.0,2026,0.0,0.0
04::003773796016,1.0,1.0,1.0,2026,0.0,0.0
04::003773806016,1.0,1.0,1.0,2026,0.0,0.0
04::003782316044,1.0,1.0,1.0,2026,0.0,0.0
04::003782636044,1.0,1.0,1.0,2026,0.0,0.0
04::003856516226,1.0,1.0,1.0,2026,0.0,0.0
04::003875986262,1.0,1.0,1.0,2026,0.0,0.0
04::003876006262,1.0,1.0,1.0,2026,0.0,0.0
04::003880726278,1.0,1.0,1.0,2026,0.0,0.0
04::003903666329,1.0,1.0,1.0,2026,0.0,0.0
04::003903836329,1.0,1.0,1.0,2026,0.0,0.0
04::003903996329,1.0,1.0,1.0,2026,0.0,0.0
04::003904106329,1.0,1.0,1.0,2026,0.0,0.0
04::004086336713,1.0,1.0,1.0,2026,0.0,0.0
04::004101436728,1.0,1.0,1.0,2026,0.0,0.0
04::004102096728,1.0,1.0,1.0,2026,0.0,0.0
04::004131866766,1.0,1.0,1.0,2026,0.0,0.0
04::004131906766,1.0,1.0,1.0,2026,0.0,0.0
04::004142066790,1.0,1.0,1.0,2026,0.0,0.0
04::004142096790,1.0,1.0,1.0,2026,0.0,0.0
04::004168496821,1.0,1.0,1.0,2026,0.0,0.0
04::004168576821,1.0,1.0,1.0,2026,0.0,0.0
04::004183066838,1.0,1.0,1.0,2026,0.0,0.0
04::004193116854,1.0,1.0,1.0,2026,0.0,0.0
04::004204606876,1.0,1.0,1.0,2026,0.0,0.0
04::004204626876,1.0,1.0,1.0,2026,0.0,0.0
04::004204646876,1.0,1.0,1.0,2026,0.0,0.0
04::004204876876,1.0,1.0,1.0,2026,0.0,0.0
04::004204896876,1.0,1.0,1.0,2026,0.0,0.0
04::004206346878,1.0,1.0,1.0,2026,0.0,0.0
04::004206456878,1.0,1.0,1.0,2026,0.0,0.0
04::004208896881,1.0,1.0,1.0,2026,0.0,0.0
04::004219066899,1.0,1.0,1.0,2026,0.0,0.0
04::004220726902,1.0,1.0,1.0,2026,0.0,0.0
04::004236826932,1.0,1.0,1.0,2026,0.0,0.0
04::004236866932,1.0,1.0,1.0,2026,0.0,0.0
04::004237026932,1.0,1.0,1.0,2026,0.0,0.0
04::004237056932,1.0,1.0,1.0,2026,0.0,0.0
04::004237166934,1.0,1.0,1.0,2026,0.0,0.0
04::004237986932,1.0,1.0,1.0,2026,0.0,0.0
04::004238056932,1.0,1.0,1.0,2026,0.0,0.0
04::004240116936,1.0,1.0,1.0,2026,0.0,0.0
04::004240186936,1.0,1.0,1.0,2026,0.0,0.0
04::004241306938,1.0,1.0,1.0,2026,0.0,0.0
04::004241326938,1.0,1.0,1.0,2026,0.0,0.0
04::004247386949,1.0,1.0,1.0,2026,0.0,0.0
04::004283156992,1.0,1.0,1.0,2026,0.0,0.0
04::004283576992,1.0,1.0,1.0,2026,0.0,0.0
04::004283686992,1.0,1.0,1.0,2026,0.0,0.0
04::004283696992,1.0,1.0,1.0,2026,0.0,0.0
04::004283766992,1.0,1.0,1.0,2026,0.0,0.0
04::004283836992,1.0,1.0,1.0,2026,0.0,0.0
04::004285897001,1.0,1.0,1.0,2026,0.0,0.0
04::004295547022,1.0,1.0,1.0,2026,0.0,0.0
04::004295617022,1.0,1.0,1.0,2026,0.0,0.0
04::004299977030,1.0,1.0,1.0,2026,0.0,0.0
04::004300357030,1.0,1.0,1.0,2026,0.0,0.0
04::004300407030,1.0,1.0,1.0,2026,0.0,0.0
04::004312497037,1.0,1.0,1.0,2026,0.0,0.0
04::004312697037,1.0,1.0,1.0,2026,0.0,0.0
04::004313047037,1.0,1.0,1.0,2026,0.0,0.0
04::004325487039,1.0,1.0,1.0,2026,0.0,0.0
04::004336627054,1.0,1.0,1.0,2026,0.0,0.0
04::004336737054,1.0,1.0,1.0,2026,0.0,0.0
04::004339767061,1.0,1.0,1.0,2026,0.0,0.0
04::004340777063,1.0,1.0,1.0,2026,0.0,0.0
04::004340857063,1.0,1.0,1.0,2026,0.0,0.0
04::004340977063,1.0,1.0,1.0,2026,0.0,0.0
04::004341067063,1.0,1.0,1.0,2026,0.0,0.0
04::004341257063,1.0,1.0,1.0,2026,0.0,0.0
04::004361517106,1.0,1.0,1.0,2026,0.0,0.0
04::004373377109,1.0,1.0,1.0,2026,0.0,0.0
04::004397457126,1.0,1.0,1.0,2026,0.0,0.0
04::004401767134,1.0,1.0,1.0,2026,0.0,0.0
04::004401917134,1.0,1.0,1.0,2026,0.0,0.0
04::004401977134,1.0,1.0,1.0,2026,0.0,0.0
04::004403817139,1.0,1.0,1.0,2026,0.0,0.0
04::004404217139,1.0,1.0,1.0,2026,0.0,0.0
04::004406627141,1.0,1.0,1.0,2026,0.0,0.0
04::004448197200,1.0,1.0,1.0,2026,0.0,0.0
04::004448427200,1.0,1.0,1.0,2026,0.0,0.0
04::004449757202,1.0,1.0,1.0,2026,0.0,0.0
04::004454407217,1.0,1.0,1.0,2026,0.0,0.0
04::004460297236,1.0,1.0,1.0,2026,0.0,0.0
04::004496117271,1.0,1.0,1.0,2026,0.0,0.0
04::004496137271,1.0,1.0,1.0,2026,0.0,0.0
04::004496177271,1.0,1.0,1.0,2026,0.0,0.0
04::004496207271,1.0,1.0,1.0,2026,0.0,0.0
04::004525247335,1.0,1.0,1.0,2026,0.0,0.0
04::004525467336,1.0,1.0,1.0,2026,0.0,0.0
04::004525587335,1.0,1.0,1.0,2026,0.0,0.0
04::004525607336,1.0,1.0,1.0,2026,0.0,0.0
04::004525717335,1.0,1.0,1.0,2026,0.0,0.0
04::004551307377,1.0,1.0,1.0,2026,0.0,0.0
04::004551387377,1.0,1.0,1.0,2026,0.0,0.0
04::004569577403,1.0,1.0,1.0,2026,0.0,0.0
04::004577427417,1.0,1.0,1.0,2026,0.0,0.0
04::004589027441,1.0,1.0,1.0,2026,0.0,0.0
04::004589127441,1.0,1.0,1.0,2026,0.0,0.0
04::004589167441,1.0,1.0,1.0,2026,0.0,0.0
04::004604837458,1.0,1.0,1.0,2026,0.0,0.0
04::004604887458,1.0,1.0,1.0,2026,0.0,0.0
04::004604977458,1.0,1.0,1.0,2026,0.0,0.0
04::004605557458,1.0,1.0,1.0,2026,0.0,0.0
04::342224527704,1.0,1.0,1.0,2026,0.0,0.0
05::003405395239,1.0,1.0,1.0,2026,0.0,0.0
05::003424585280,1.0,1.0,1.0,2026,0.0,0.0
05::003435255294,1.0,1.0,1.0,2026,0.0,0.0
05::003435565294,1.0,1.0,1.0,2026,0.0,0.0
05::003435665294,1.0,1.0,1.0,2026,0.0,0.0
05::003435855294,1.0,1.0,1.0,2026,0.0,0.0
05::003461305323,0.7777777777777778,1.0,1.0,2026,0.2222222222222222,0.0
05::003473265341,1.0,1.0,1.0,2026,0.0,0.0
05::003481675355,1.0,1.0,1.0,2026,0.0,0.0
05::003484075359,1.0,1.0,1.0,2026,0.0,0.0
05::003484315359,1.0,1.0,1.0,2026,0.0,0.0
05::003511355406,0.6666666666666666,1.0,1.0,2026,0.33333333333333337,0.0
05::003511375406,1.0,1.0,1.0,2026,0.0,0.0
05::003511395406,1.0,1.0,1.0,2026,0.0,0.0
05::003571485521,1.0,1.0,1.0,2026,0.0,0.0
05::003571655521,1.0,1.0,1.0,2026,0.0,0.0
05::003571785521,1.0,1.0,1.0,2026,0.0,0.0
05::003571815521,1.0,1.0,1.0,2026,0.0,0.0
05::003572015521,1.0,1.0,1.0,2026,0.0,0.0
05::003572105521,1.0,1.0,1.0,2026,0.0,0.0
05::003581185542,1.0,1.0,1.0,2026,0.0,0.0
05::003590285584,1.0,1.0,1.0,2026,0.0,0.0
05::003590305584,1.0,1.0,1.0,2026,0.0,0.0
05::003590315584,1.0,1.0,1.0,2026,0.0,0.0
05::003631625663,1.0,1.0,1.0,2026,0.0,0.0
05::003631805663,1.0,1.0,1.0,2026,0.0,0.0
05::003632375665,1.0,1.0,1.0,2026,0.0,0.0
05::003752815961,1.0,1.0,1.0,2026,0.0,0.0
05::003753115961,1.0,1.0,1.0,2026,0.0,0.0
05::003774376021,1.0,1.0,1.0,2026,0.0,0.0
05::003796466083,1.0,1.0,1.0,2026,0.0,0.0
05::003800676101,1.0,1.0,1.0,2026,0.0,0.0
05::003800846101,1.0,1.0,1.0,2026,0.0,0.0
05::003800856101,1.0,1.0,1.0,2026,0.0,0.0
05::003801086101,1.0,1.0,1.0,2026,0.0,0.0
05::003801186101,1.0,1.0,1.0,2026,0.0,0.0
05::003924196368,1.0,1.0,1.0,2026,0.0,0.0
05::003924236368,1.0,1.0,1.0,2026,0.0,0.0
05::003924326368,1.0,1.0,1.0,2026,0.0,0.0
05::003924336368,1.0,1.0,1.0,2026,0.0,0.0
05::003924436368,1.0,1.0,1.0,2026,0.0,0.0
05::003949676446,1.0,1.0,1.0,2026,0.0,0.0
05::003956536464,1.0,1.0,1.0,2026,0.0,0.0
05::004084346706,1.0,1.0,1.0,2026,0.0,0.0
05::004091226720,1.0,1.0,1.0,2026,0.0,0.0
05::004191576853,1.0,1.0,1.0,2026,0.0,0.0
05::004191626853,1.0,1.0,1.0,2026,0.0,0.0
05::004191646853,1.0,1.0,1.0,2026,0.0,0.0
05::004262566961,1.0,1.0,1.0,2026,0.0,0.0
05::004262646961,0.6666666666666666,1.0,1.0,2026,0.33333333333333337,0.0
05::004262666961,1.0,1.0,1.0,2026,0.0,0.0
05::004262706961,1.0,1.0,1.0,2026,0.0,0.0
05::004262776961,1.0,1.0,1.0,2026,0.0,0.0
05::004262916961,1.0,1.0,1.0,2026,0.0,0.0
05::004262996961,1.0,1.0,1.0,2026,0.0,0.0
05::004283426991,1.0,1.0,1.0,2026,0.0,0.0
05::004342267065,1.0,1.0,1.0,2026,0.0,0.0
05::004345607073,1.0,1.0,1.0,2026,0.0,0.0
05::004345627073,1.0,1.0,1.0,2026,0.0,0.0
05::004353707082,1.0,1.0,1.0,2026,0.0,0.0
05::004353837082,1.0,1.0,1.0,2026,0.0,0.0
05::004353857082,1.0,1.0,1.0,2026,0.0,0.0
05::004354677087,1.0,1.0,1.0,2026,0.0,0.0
05::004373067108,1.0,1.0,1.0,2026,0.0,0.0
05::004373287108,1.0,1.0,1.0,2026,0.0,0.0
05::004373327108,1.0,1.0,1.0,2026,0.0,0.0
05::004374617108,1.0,1.0,1.0,2026,0.0,0.0
05::004375577108,1.0,1.0,1.0,2026,0.0,0.0
05::004496597272,1.0,1.0,1.0,2026,0.0,0.0
05::004496737272,1.0,1.0,1.0,2026,0.0,0.0
05::004496807272,1.0,1.0,1.0,2026,0.0,0.0
05::004515367318,1.0,1.0,1.0,2026,0.0,0.0
05::004515527318,1.0,1.0,1.0,2026,0.0,0.0
05::004515567318,1.0,1.0,1.0,2026,0.0,0.0
05::004515587318,1.0,1.0,1.0,2026,0.0,0.0
05::004547477373,1.0,1.0,1.0,2026,0.0,0.0
05::004559317385,1.0,1.0,1.0,2026,0.0,0.0
05::004559587385,1.0,1.0,1.0,2026,0.0,0.0
05::004559607385,1.0,1.0,1.0,2026,0.0,0.0
05::004585357429,1.0,1.0,1.0,2026,0.0,0.0
05::004585387429,1.0,1.0,1.0,2026,0.0,0.0
06::000472000106,1.0,1.0,1.0,2026,0.0,0.0
06::003409055245,1.0,1.0,1.0,2026,0.0,0.0
06::003549545469,1.0,1.0,1.0,2026,0.0,0.0
06::003549575469,1.0,1.0,1.0,2026,0.0,0.0
06::003579375536,1.0,1.0,1.0,2026,0.0,0.0
06::003582835545,1.0,1.0,1.0,2026,0.0,0.0
06::003582845545,1.0,1.0,1.0,2026,0.0,0.0
06::003682685784,1.0,1.0,1.0,2026,0.0,0.0
06::003737195897,1.0,1.0,1.0,2026,0.0,0.0
06::003772126011,1.0,1.0,1.0,2026,0.0,0.0
06::003796316083,1.0,1.0,1.0,2026,0.0,0.0
06::004421547170,1.0,1.0,1.0,2026,0.0,0.0
07::000000109596,1.0,1.0,1.0,2026,0.0,0.0
07::000002899596,1.0,1.0,1.0,2026,0.0,0.0
07::000004349596,1.0,1.0,1.0,2026,0.0,0.0
07::000005419596,1.0,1.0,1.0,2026,0.0,0.0
07::000013350001,1.0,1.0,0.9047619047619048,2026,0.0,-0.09523809523809523
07::000013460001,1.0,1.0,1.0,2026,0.0,0.0
07::000013640001,1.0,1.0,1.0,2026,0.0,0.0
07::003735255892,1.0,1.0,1.0,2026,0.0,0.0
07::004270366972,1.0,1.0,1.0,2026,0.0,0.0
07::004536297356,1.0,0.5,1.0,2026,-0.5,0.5
08::000005919596,1.0,1.0,1.0,2026,0.0,0.0
08::000026610001,1.0,1.0,1.0,2026,0.0,0.0
08::000026630001,1.0,1.0,1.0,2026,0.0,0.0
08::000041839596,1.0,1.0,1.0,2026,0.0,0.0
08::003384335218,1.0,1.0,1.0,2026,0.0,0.0
08::003418245273,0.0,1.0,1.0,2026,1.0,0.0
08::003467675331,0.0,1.0,1.0,2026,1.0,0.0
08::003629135658,1.0,1.0,1.0,2026,0.0,0.0
08::003888196299,1.0,1.0,1.0,2026,0.0,0.0
08::004653103557,1.0,1.0,1.0,2026,0.0,0.0
08::422344690608,1.0,1.0,1.0,2026,0.0,0.0
09::000055399598,1.0,1.0,1.0,2026,0.0,0.0
09::003527275419,1.0,1.0,1.0,2026,0.0,0.0
09::003527285419,1.0,1.0,1.0,2026,0.0,0.0
09::003541345448,1.0,1.0,1.0,2026,0.0,0.0
09::003541755448,1.0,1.0,1.0,2026,0.0,0.0
09::003917956356,1.0,1.0,1.0,2026,0.0,0.0
09::004094756723,1.0,1.0,1.0,2026,0.0,0.0
09::004204106874,1.0,1.0,1.0,2026,0.0,0.0
09::004503047286,1.0,1.0,1.0,2026,0.0,0.0
10::003478665350,1.0,1.0,1.0,2026,0.0,0.0
10::003953246451,1.0,1.0,1.0,2026,0.0,0.0
10::003953306451,1.0,1.0,1.0,2026,0.0,0.0
10::003953406451,1.0,1.0,1.0,2026,0.0,0.0
10::004137456776,1.0,1.0,1.0,2026,0.0,0.0
10::004203526872,1.0,1.0,1.0,2026,0.0,0.0
10::004402197135,1.0,1.0,1.0,2026,0.0,0.0
10::004402417135,1.0,1.0,1.0,2026,0.0,0.0
11::000005949592,1.0,1.0,1.0,2026,0.0,0.0
11::000017569594,1.0,1.0,1.0,2026,0.0,0.0
11::000017959594,1.0,1.0,1.0,2026,0.0,0.0
11::000018349594,1.0,1.0,1.0,2026,0.0,0.0
11::003533865426,1.0,1.0,1.0,2026,0.0,0.0
11::004203606872,1.0,1.0,1.0,2026,0.0,0.0
11::004402337135,1.0,1.0,1.0,2026,0.0,0.0
12::000020830001,1.0,0.5,0.5,2026,-0.5,0.0
12::003623965643,1.0,1.0,1.0,2026,0.0,0.0
12::003698325825,1.0,1.0,1.0,2026,0.0,0.0
12::004566767394,1.0,1.0,1.0,2026,0.0,0.0
13::003681515783,1.0,1.0,1.0,2026,0.0,0.0
13::003681525783,1.0,1.0,1.0,2026,0.0,0.0
13::003907226336,1.0,1.0,1.0,2026,0.0,0.0
13::004284866993,1.0,1.0,1.0,2026,0.0,0.0
14::000003219596,1.0,1.0,1.0,2026,0.0,0.0
14::000006139596,0.0,0.0,0.0,2026,0.0,0.0
14::003404000114,1.0,1.0,1.0,2026,0.0,0.0
14::004544527366,1.0,1.0,1.0,2026,0.0,0.0
15::004204236874,1.0,1.0,1.0,2026,0.0,0.0
15::004282166989,1.0,1.0,1.0,2026,0.0,0.0
16::000004939594,1.0,1.0,1.0,2026,0.0,0.0
16::000010519594,1.0,1.0,1.0,2026,0.0,0.0
01::000004220001,1.0,1.0,1.0,17,0.0,0.0
01::000004250001,0.7272727272727273,0.9090909090909092,0.5454545454545454,17,0.18181818181818188,-0.36363636363636376
01::000004430001,1.0,1.0,1.0,17,0.0,0.0
01::000004490001,1.0,0.75,1.0,17,-0.25,0.25
01::000004580001,1.0,1.0,1.0,17,0.0,0.0
01::000004680001,1.0,1.0,1.0,17,0.0,0.0
01::000006069598,1.0,1.0,1.0,17,0.0,0.0
01::000006389597,0.75,0.75,0.875,17,0.0,0.125
01::000006940001,1.0,1.0,1.0,17,0.0,0.0
01::000007020001,1.0,1.0,1.0,17,0.0,0.0
01::000007140001,1.0,1.0,1.0,17,0.0,0.0
01::000007190001,1.0,1.0,1.0,17,0.0,0.0
01::000007240001,1.0,1.0,1.0,17,0.0,0.0
01::000007450001,1.0,1.0,1.0,17,0.0,0.0
01::000010309598,0.9871794871794872,0.9871794871794872,1.0,17,0.0,0.012820512820512775
01::000011280001,1.0,1.0,1.0,17,0.0,0.0
01::000013650001,1.0,1.0,1.0,17,0.0,0.0
01::000015009597,0.4,0.2,0.4,17,-0.2,0.2
01::000016229598,1.0,1.0,1.0,17,0.0,0.0
01::000017830001,1.0,1.0,1.0,17,0.0,0.0
01::000018049597,0.0,0.0,0.0,17,0.0,0.0
01::000019399597,0.0,0.0,0.0,17,0.0,0.0
01::000019460001,1.0,1.0,1.0,17,0.0,0.0
01::000021940001,1.0,1.0,1.0,17,0.0,0.0
01::000022110001,1.0,1.0,1.0,17,0.0,0.0
01::000022140001,1.0,1.0,1.0,17,0.0,0.0
01::000023080001,1.0,1.0,1.0,17,0.0,0.0
01::000023170001,1.0,1.0,1.0,17,0.0,0.0
01::000023460001,1.0,1.0,1.0,17,0.0,0.0
01::000023540001,1.0,1.0,1.0,17,0.0,0.0
01::000023550001,1.0,1.0,1.0,17,0.0,0.0
01::000023790001,1.0,1.0,1.0,17,0.0,0.0
01::000024089596,1.0,1.0,1.0,17,0.0,0.0
01::000024629596,1.0,1.0,1.0,17,0.0,0.0
01::000026040001,1.0,1.0,1.0,17,0.0,0.0
01::000026060001,0.5714285714285714,0.5714285714285714,1.0,17,0.0,0.4285714285714286
01::000026770001,0.5,0.5,1.0,17,0.0,0.5
01::000027090001,1.0,1.0,1.0,17,0.0,0.0
01::000027150001,0.3333333333333333,1.0,1.0,17,0.6666666666666667,0.0
01::000027270001,1.0,1.0,1.0,17,0.0,0.0
01::000036659598,1.0,1.0,1.0,17,0.0,0.0
01::000049189596,1.0,0.0,1.0,17,-1.0,1.0
01::000060649598,0.9629629629629628,1.0,1.0,17,0.0370370370370372,0.0
01::000069349598,1.0,1.0,1.0,17,0.0,0.0
01::000076939598,1.0,1.0,1.0,17,0.0,0.0
01::000078379598,1.0,1.0,1.0,17,0.0,0.0
01::000081289598,1.0,1.0,1.0,17,0.0,0.0
01::000081569598,1.0,1.0,1.0,17,0.0,0.0
01::000091699598,1.0,1.0,1.0,17,0.0,0.0
01::000093829598,1.0,1.0,1.0,17,0.0,0.0
01::000099029598,1.0,1.0,1.0,17,0.0,0.0
01::000100979598,1.0,1.0,1.0,17,0.0,0.0
01::000103059598,1.0,1.0,1.0,17,0.0,0.0
01::000107559598,1.0,1.0,1.0,17,0.0,0.0
01::000107669598,1.0,1.0,1.0,17,0.0,0.0
01::000128789598,1.0,1.0,1.0,17,0.0,0.0
01::000137839598,1.0,1.0,1.0,17,0.0,0.0
01::000141599598,1.0,1.0,1.0,17,0.0,0.0
01::000146689598,1.0,1.0,1.0,17,0.0,0.0
01::000148389598,1.0,1.0,1.0,17,0.0,0.0
01::000156749598,1.0,1.0,1.0,17,0.0,0.0
01::000159109598,1.0,1.0,1.0,17,0.0,0.0
01::000166779598,1.0,1.0,1.0,17,0.0,0.0
01::002626000101,1.0,1.0,1.0,17,0.0,0.0
01::003379535208,1.0,1.0,1.0,17,0.0,0.0
01::003384205218,1.0,1.0,1.0,17,0.0,0.0
01::003387745222,1.0,1.0,1.0,17,0.0,0.0
01::003387765222,1.0,1.0,1.0,17,0.0,0.0
01::003391715225,1.0,1.0,1.0,17,0.0,0.0
01::003391755225,1.0,1.0,1.0,17,0.0,0.0
01::003398295232,1.0,1.0,1.0,17,0.0,0.0
01::003398395232,1.0,1.0,1.0,17,0.0,0.0
01::003398825232,1.0,1.0,1.0,17,0.0,0.0
01::003399365233,1.0,1.0,1.0,17,0.0,0.0
01::003405415240,1.0,1.0,1.0,17,0.0,0.0
01::003405815240,1.0,1.0,1.0,17,0.0,0.0
01::003416895270,0.5,1.0,1.0,17,0.5,0.0
01::003417075270,1.0,1.0,1.0,17,0.0,0.0
01::003419365275,1.0,1.0,1.0,17,0.0,0.0
01::003419375275,1.0,1.0,1.0,17,0.0,0.0
01::003419715275,1.0,1.0,1.0,17,0.0,0.0
01::003421335277,1.0,1.0,1.0,17,0.0,0.0
01::003421375277,1.0,1.0,1.0,17,0.0,0.0
01::003422035277,1.0,1.0,1.0,17,0.0,0.0
01::003425455286,1.0,1.0,1.0,17,0.0,0.0
01::003425595286,1.0,1.0,1.0,17,0.0,0.0
01::003425675286,1.0,1.0,1.0,17,0.0,0.0
01::003425725286,1.0,1.0,1.0,17,0.0,0.0
01::003425975286,1.0,1.0,1.0,17,0.0,0.0
01::003426085286,1.0,1.0,1.0,17,0.0,0.0
01::003426215286,1.0,1.0,1.0,17,0.0,0.0
01::003426255286,1.0,1.0,1.0,17,0.0,0.0
01::003426265286,1.0,1.0,1.0,17,0.0,0.0
01::003426385286,1.0,1.0,1.0,17,0.0,0.0
01::003426465286,1.0,1.0,1.0,17,0.0,0.0
01::003430375290,1.0,1.0,1.0,17,0.0,0.0
01::003430415290,1.0,1.0,1.0,17,0.0,0.0
01::003430545290,1.0,1.0,1.0,17,0.0,0.0
01::003433465293,1.0,1.0,1.0,17,0.0,0.0
01::003433605293,1.0,1.0,1.0,17,0.0,0.0
01::003433745293,1.0,1.0,1.0,17,0.0,0.0
01::003433935293,1.0,1.0,1.0,17,0.0,0.0
01::003434035293,1.0,1.0,1.0,17,0.0,0.0
01::003434295293,1.0,1.0,1.0,17,0.0,0.0
01::003434415293,1.0,1.0,1.0,17,0.0,0.0
01::003436795295,1.0,1.0,1.0,17,0.0,0.0
01::003446215305,1.0,1.0,1.0,17,0.0,0.0
01::003446265305,0.6666666666666666,1.0,1.0,17,0.33333333333333337,0.0
01::003446555306,1.0,1.0,1.0,17,0.0,0.0
01::003446715305,1.0,1.0,1.0,17,0.0,0.0
01::003446945306,1.0,1.0,1.0,17,0.0,0.0
01::003447115306,1.0,1.0,1.0,17,0.0,0.0
01::003447235306,1.0,1.0,1.0,17,0.0,0.0
01::003447285306,1.0,1.0,1.0,17,0.0,0.0
01::003447475306,0.5,0.5,1.0,17,0.0,0.5
01::003447605305,1.0,1.0,1.0,17,0.0,0.0
01::003447715306,1.0,1.0,1.0,17,0.0,0.0
01::003447775306,1.0,1.0,1.0,17,0.0,0.0
01::003447965305,1.0,1.0,1.0,17,0.0,0.0
01::003453695309,1.0,1.0,1.0,17,0.0,0.0
01::003456125311,1.0,1.0,1.0,17,0.0,0.0
01::003456205311,1.0,1.0,1.0,17,0.0,0.0
01::003469375335,1.0,1.0,1.0,17,0.0,0.0
01::003473785342,1.0,0.6666666666666666,1.0,17,-0.33333333333333337,0.33333333333333337
01::003473915342,1.0,1.0,1.0,17,0.0,0.0
01::003474115342,1.0,1.0,1.0,17,0.0,0.0
01::003474445342,1.0,0.95,1.0,17,-0.050000000000000044,0.050000000000000044
01::003474575342,1.0,1.0,1.0,17,0.0,0.0
01::003477485348,1.0,1.0,1.0,17,0.0,0.0
01::003480435354,1.0,1.0,1.0,17,0.0,0.0
01::003480575354,1.0,1.0,1.0,17,0.0,0.0
01::003480805354,1.0,1.0,1.0,17,0.0,0.0
01::003486355364,0.0,0.0,1.0,17,0.0,1.0
01::003490145366,1.0,1.0,1.0,17,0.0,0.0
01::003490595366,1.0,0.5,1.0,17,-0.5,0.5
01::003490735366,1.0,1.0,1.0,17,0.0,0.0
01::003490795366,1.0,1.0,1.0,17,0.0,0.0
01::003490845366,1.0,1.0,1.0,17,0.0,0.0
01::003493665369,0.0,0.0,1.0,17,0.0,1.0
01::003494685372,1.0,1.0,1.0,17,0.0,0.0
01::003496725374,1.0,1.0,1.0,17,0.0,0.0
01::003496825374,1.0,1.0,1.0,17,0.0,0.0
01::003496965374,1.0,1.0,1.0,17,0.0,0.0
01::003497135374,1.0,1.0,1.0,17,0.0,0.0
01::003497465374,1.0,1.0,1.0,17,0.0,0.0
01::003497545374,1.0,1.0,1.0,17,0.0,0.0
01::003497615374,1.0,1.0,1.0,17,0.0,0.0
01::003497655374,1.0,1.0,1.0,17,0.0,0.0
01::003497685374,1.0,1.0,1.0,17,0.0,0.0
01::003497725374,1.0,1.0,1.0,17,0.0,0.0
01::003497805374,1.0,1.0,1.0,17,0.0,0.0
01::003497825374,1.0,1.0,1.0,17,0.0,0.0
01::003500755378,1.0,1.0,1.0,17,0.0,0.0
01::003500785378,1.0,1.0,1.0,17,0.0,0.0
01::003500805378,1.0,1.0,1.0,17,0.0,0.0
01::003500865378,1.0,1.0,1.0,17,0.0,0.0
01::003500895378,1.0,1.0,1.0,17,0.0,0.0
01::003500935378,1.0,1.0,1.0,17,0.0,0.0
01::003500975378,1.0,1.0,1.0,17,0.0,0.0
01::003501235378,1.0,1.0,1.0,17,0.0,0.0
01::003501355378,1.0,1.0,1.0,17,0.0,0.0
01::003501385378,1.0,1.0,0.8333333333333334,17,0.0,-0.16666666666666663
01::003501465378,1.0,1.0,1.0,17,0.0,0.0
01::003501535378,1.0,1.0,1.0,17,0.0,0.0
01::003503135380,0.0,0.0,0.5,17,0.0,0.5
01::003506425386,1.0,1.0,1.0,17,0.0,0.0
01::003506685386,1.0,1.0,1.0,17,0.0,0.0
01::003510805403,1.0,1.0,1.0,17,0.0,0.0
01::003515925415,1.0,1.0,1.0,17,0.0,0.0
01::003515955414,1.0,1.0,1.0,17,0.0,0.0
01::003516245415,1.0,1.0,1.0,17,0.0,0.0
01::003516385414,1.0,1.0,1.0,17,0.0,0.0
01::003516455415,1.0,1.0,1.0,17,0.0,0.0
01::003517405415,1.0,1.0,1.0,17,0.0,0.0
01::003525465417,1.0,1.0,1.0,17,0.0,0.0
01::003527245419,0.0,1.0,0.0,17,1.0,-1.0
01::003535125429,1.0,1.0,1.0,17,0.0,0.0
01::003535135429,1.0,1.0,1.0,17,0.0,0.0
01::003535445429,1.0,1.0,1.0,17,0.0,0.0
01::003535535429,1.0,1.0,1.0,17,0.0,0.0
01::003535705429,1.0,1.0,1.0,17,0.0,0.0
01::003535715429,1.0,1.0,1.0,17,0.0,0.0
01::003540715442,1.0,1.0,1.0,17,0.0,0.0
01::003542735448,1.0,1.0,1.0,17,0.0,0.0
01::003549895470,1.0,1.0,1.0,17,0.0,0.0
01::003549925470,1.0,1.0,1.0,17,0.0,0.0
01::003549935470,1.0,1.0,1.0,17,0.0,0.0
01::003550205470,1.0,1.0,1.0,17,0.0,0.0
01::003550235470,1.0,1.0,1.0,17,0.0,0.0
01::003550315470,1.0,1.0,1.0,17,0.0,0.0
01::003555485481,1.0,1.0,1.0,17,0.0,0.0
01::003555595481,1.0,1.0,1.0,17,0.0,0.0
01::003556565482,1.0,1.0,1.0,17,0.0,0.0
01::003556985482,1.0,1.0,1.0,17,0.0,0.0
01::003557015482,1.0,1.0,1.0,17,0.0,0.0
01::003558785487,1.0,1.0,1.0,17,0.0,0.0
01::003558825487,1.0,1.0,1.0,17,0.0,0.0
01::003559005487,1.0,1.0,1.0,17,0.0,0.0
01::003560335495,1.0,1.0,1.0,17,0.0,0.0
01::003560605495,1.0,1.0,1.0,17,0.0,0.0
01::003568165517,1.0,1.0,1.0,17,0.0,0.0
01::003568525517,1.0,1.0,1.0,17,0.0,0.0
01::003568615517,1.0,1.0,1.0,17,0.0,0.0
01::003571495521,1.0,1.0,1.0,17,0.0,0.0
01::003571605521,1.0,1.0,1.0,17,0.0,0.0
01::003571675521,1.0,1.0,1.0,17,0.0,0.0
01::003571825521,1.0,1.0,1.0,17,0.0,0.0
01::003575855532,1.0,1.0,1.0,17,0.0,0.0
01::003576935534,1.0,1.0,1.0,17,0.0,0.0
01::003586435569,1.0,1.0,1.0,17,0.0,0.0
01::003586575569,1.0,1.0,1.0,17,0.0,0.0
01::003586615569,1.0,1.0,1.0,17,0.0,0.0
01::003586775569,0.6666666666666666,1.0,1.0,17,0.33333333333333337,0.0
01::003586895569,1.0,1.0,1.0,17,0.0,0.0
01::003587185569,1.0,1.0,1.0,17,0.0,0.0
01::003587195569,1.0,1.0,1.0,17,0.0,0.0
01::003589425583,1.0,1.0,1.0,17,0.0,0.0
01::003591165585,1.0,1.0,1.0,17,0.0,0.0
01::003591345585,1.0,1.0,1.0,17,0.0,0.0
01::003599995598,1.0,1.0,1.0,17,0.0,0.0
01::003600135598,1.0,1.0,1.0,17,0.0,0.0
01::003604665610,1.0,1.0,1.0,17,0.0,0.0
01::003607285612,1.0,1.0,1.0,17,0.0,0.0
01::003614845628,1.0,1.0,1.0,17,0.0,0.0
01::003614965628,1.0,1.0,1.0,17,0.0,0.0
01::003615045628,1.0,1.0,1.0,17,0.0,0.0
01::003616365630,1.0,1.0,1.0,17,0.0,0.0
01::003616625630,1.0,1.0,1.0,17,0.0,0.0
01::003621045640,1.0,1.0,1.0,17,0.0,0.0
01::003621235640,1.0,1.0,1.0,17,0.0,0.0
01::003629535658,1.0,1.0,1.0,17,0.0,0.0
01::003629545658,1.0,1.0,1.0,17,0.0,0.0
01::003633815671,1.0,1.0,1.0,17,0.0,0.0
01::003641985707,1.0,1.0,1.0,17,0.0,0.0
01::003642435707,1.0,1.0,1.0,17,0.0,0.0
01::003645185716,1.0,1.0,1.0,17,0.0,0.0
01::003645215716,1.0,1.0,1.0,17,0.0,0.0
01::003645895716,1.0,1.0,1.0,17,0.0,0.0
01::003646185716,1.0,1.0,1.0,17,0.0,0.0
01::003646225716,1.0,1.0,1.0,17,0.0,0.0
01::003646295718,1.0,1.0,1.0,17,0.0,0.0
01::003657335751,1.0,1.0,1.0,17,0.0,0.0
01::003657355751,1.0,1.0,1.0,17,0.0,0.0
01::003657915752,1.0,1.0,1.0,17,0.0,0.0
01::003657965752,1.0,1.0,1.0,17,0.0,0.0
01::003658205752,1.0,1.0,1.0,17,0.0,0.0
01::003658315752,1.0,1.0,1.0,17,0.0,0.0
01::003658475752,1.0,1.0,1.0,17,0.0,0.0
01::003658655752,1.0,1.0,1.0,17,0.0,0.0
01::003658685754,1.0,1.0,1.0,17,0.0,0.0
01::003658715752,1.0,1.0,1.0,17,0.0,0.0
01::003658845754,1.0,1.0,1.0,17,0.0,0.0
01::003661745760,1.0,1.0,1.0,17,0.0,0.0
01::003661765760,1.0,1.0,1.0,17,0.0,0.0
01::003665095766,1.0,1.0,1.0,17,0.0,0.0
01::003665255765,1.0,1.0,1.0,17,0.0,0.0
01::003665325765,1.0,1.0,1.0,17,0.0,0.0
01::003666015765,1.0,1.0,1.0,17,0.0,0.0
01::003666415765,0.0,1.0,1.0,17,1.0,0.0
01::003680015782,1.0,1.0,1.0,17,0.0,0.0
01::003689515794,1.0,1.0,1.0,17,0.0,0.0
01::003689805794,1.0,1.0,1.0,17,0.0,0.0
01::003689815794,1.0,1.0,1.0,17,0.0,0.0
01::003689945794,1.0,1.0,1.0,17,0.0,0.0
01::003690395794,1.0,1.0,1.0,17,0.0,0.0
01::003693835805,1.0,1.0,1.0,17,0.0,0.0
01::003694235805,1.0,1.0,1.0,17,0.0,0.0
01::003695735806,1.0,1.0,1.0,17,0.0,0.0
01::003698535825,1.0,1.0,1.0,17,0.0,0.0
01::003698775825,1.0,1.0,1.0,17,0.0,0.0
01::003701015833,1.0,1.0,1.0,17,0.0,0.0
01::003701445833,1.0,1.0,1.0,17,0.0,0.0
01::003701575834,1.0,1.0,1.0,17,0.0,0.0
01::003701745833,1.0,1.0,1.0,17,0.0,0.0
01::003702105833,1.0,0.0,1.0,17,-1.0,1.0
01::003707245844,1.0,1.0,1.0,17,0.0,0.0
01::003713525850,1.0,1.0,1.0,17,0.0,0.0
01::003715165857,1.0,1.0,1.0,17,0.0,0.0
01::003715315857,1.0,1.0,1.0,17,0.0,0.0
01::003715455857,1.0,1.0,1.0,17,0.0,0.0
01::003715555857,1.0,1.0,1.0,17,0.0,0.0
01::003717235859,1.0,1.0,1.0,17,0.0,0.0
01::003717475859,1.0,1.0,1.0,17,0.0,0.0
01::003730665880,1.0,1.0,1.0,17,0.0,0.0
01::003735535894,1.0,1.0,1.0,17,0.0,0.0
01::003735585894,1.0,1.0,1.0,17,0.0,0.0
01::003735795894,1.0,1.0,1.0,17,0.0,0.0
01::003735925894,1.0,1.0,1.0,17,0.0,0.0
01::003737175897,1.0,1.0,1.0,17,0.0,0.0
01::003737325897,1.0,1.0,1.0,17,0.0,0.0
01::003738595907,1.0,1.0,1.0,17,0.0,0.0
01::003743415926,1.0,1.0,1.0,17,0.0,0.0
01::003743445926,1.0,1.0,1.0,17,0.0,0.0
01::003744905931,0.0,1.0,1.0,17,1.0,0.0
01::003747535940,1.0,1.0,1.0,17,0.0,0.0
01::003751665959,1.0,1.0,1.0,17,0.0,0.0
01::003751725959,1.0,1.0,1.0,17,0.0,0.0
01::003756185976,1.0,1.0,1.0,17,0.0,0.0
01::003756235977,1.0,1.0,1.0,17,0.0,0.0
01::003762595989,1.0,1.0,1.0,17,0.0,0.0
01::003770846009,1.0,1.0,1.0,17,0.0,0.0
01::003772096012,0.0,0.0,0.0,17,0.0,0.0
01::003776146025,0.0,0.0,1.0,17,0.0,1.0
01::003776196026,1.0,1.0,1.0,17,0.0,0.0
01::003779026033,1.0,1.0,1.0,17,0.0,0.0
01::003780506038,1.0,1.0,1.0,17,0.0,0.0
01::003780566038,1.0,1.0,1.0,17,0.0,0.0
01::003780946038,1.0,1.0,1.0,17,0.0,0.0
01::003782176043,1.0,1.0,1.0,17,0.0,0.0
01::003782186043,1.0,1.0,1.0,17,0.0,0.0
01::003788896066,1.0,1.0,1.0,17,0.0,0.0
01::003789096066,1.0,1.0,1.0,17,0.0,0.0
01::003789576070,1.0,1.0,1.0,17,0.0,0.0
01::003789746070,1.0,1.0,1.0,17,0.0,0.0
01::003791346075,1.0,1.0,1.0,17,0.0,0.0
01::003791596076,1.0,1.0,1.0,17,0.0,0.0
01::003791866075,1.0,1.0,1.0,17,0.0,0.0
01::003796626085,1.0,1.0,1.0,17,0.0,0.0
01::003796776085,1.0,1.0,1.0,17,0.0,0.0
01::003798166092,1.0,1.0,1.0,17,0.0,0.0
01::003801126102,1.0,1.0,1.0,17,0.0,0.0
01::003801156101,1.0,1.0,1.0,17,0.0,0.0
01::003802526103,1.0,1.0,1.0,17,0.0,0.0
01::003804846105,1.0,1.0,1.0,17,0.0,0.0
01::003804876105,1.0,1.0,1.0,17,0.0,0.0
01::003805686105,1.0,1.0,1.0,17,0.0,0.0
01::003807056110,1.0,1.0,1.0,17,0.0,0.0
01::003813316120,1.0,1.0,1.0,17,0.0,0.0
01::003813616123,1.0,1.0,1.0,17,0.0,0.0
01::003814196124,1.0,1.0,1.0,17,0.0,0.0
01::003814436124,1.0,1.0,1.0,17,0.0,0.0
01::003814446124,1.0,1.0,1.0,17,0.0,0.0
01::003814766124,1.0,1.0,1.0,17,0.0,0.0
01::003814796124,1.0,1.0,1.0,17,0.0,0.0
01::003815136124,1.0,1.0,1.0,17,0.0,0.0
01::003815256124,1.0,1.0,1.0,17,0.0,0.0
01::003816976126,1.0,1.0,1.0,17,0.0,0.0
01::003817046126,1.0,1.0,1.0,17,0.0,0.0
01::003817406126,1.0,1.0,1.0,17,0.0,0.0
01::003817416126,1.0,1.0,1.0,17,0.0,0.0
01::003819526127,1.0,1.0,1.0,17,0.0,0.0
01::003819896127,1.0,1.0,1.0,17,0.0,0.0
01::003825756156,1.0,1.0,1.0,17,0.0,0.0
01::003826716156,1.0,1.0,1.0,17,0.0,0.0
01::003826836157,1.0,1.0,1.0,17,0.0,0.0
01::003832456168,1.0,1.0,1.0,17,0.0,0.0
01::003833216168,1.0,1.0,1.0,17,0.0,0.0
01::003836876177,1.0,1.0,1.0,17,0.0,0.0
01::003837156178,1.0,1.0,1.0,17,0.0,0.0
01::003837386178,1.0,1.0,1.0,17,0.0,0.0
01::003838206180,1.0,1.0,1.0,17,0.0,0.0
01::003838396180,1.0,1.0,1.0,17,0.0,0.0
01::003838486180,1.0,1.0,1.0,17,0.0,0.0
01::003838516180,1.0,1.0,1.0,17,0.0,0.0
01::003839036184,1.0,1.0,1.0,17,0.0,0.0
01::003840716187,1.0,1.0,1.0,17,0.0,0.0
01::003843386191,1.0,1.0,1.0,17,0.0,0.0
01::003843476191,1.0,1.0,1.0,17,0.0,0.0
01::003843576191,1.0,1.0,1.0,17,0.0,0.0
01::003843616191,1.0,1.0,1.0,17,0.0,0.0
01::003848846201,1.0,1.0,1.0,17,0.0,0.0
01::003849026201,1.0,1.0,1.0,17,0.0,0.0
01::003850276208,1.0,1.0,1.0,17,0.0,0.0
01::003856796226,1.0,1.0,1.0,17,0.0,0.0
01::003871206248,1.0,1.0,1.0,17,0.0,0.0
01::003871876248,1.0,1.0,1.0,17,0.0,0.0
01::003874706255,1.0,1.0,1.0,17,0.0,0.0
01::003883166287,1.0,1.0,1.0,17,0.0,0.0
01::003883606287,1.0,1.0,1.0,17,0.0,0.0
01::003886316294,1.0,1.0,1.0,17,0.0,0.0
01::003888756299,1.0,1.0,1.0,17,0.0,0.0
01::003891556306,1.0,1.0,1.0,17,0.0,0.0
01::003891696306,1.0,1.0,1.0,17,0.0,0.0
01::003892026306,1.0,1.0,1.0,17,0.0,0.0
01::003892086306,1.0,1.0,1.0,17,0.0,0.0
01::003892226306,1.0,1.0,1.0,17,0.0,0.0
01::003895996309,1.0,1.0,1.0,17,0.0,0.0
01::003896266309,1.0,1.0,1.0,17,0.0,0.0
01::003908796342,1.0,1.0,1.0,17,0.0,0.0
01::003909786343,1.0,1.0,1.0,17,0.0,0.0
01::003910376343,1.0,1.0,1.0,17,0.0,0.0
01::003910536343,1.0,1.0,1.0,17,0.0,0.0
01::003911226343,1.0,1.0,1.0,17,0.0,0.0
01::003915986353,1.0,1.0,1.0,17,0.0,0.0
01::003916126353,1.0,1.0,1.0,17,0.0,0.0
01::003917766356,1.0,1.0,1.0,17,0.0,0.0
01::003919196360,1.0,1.0,1.0,17,0.0,0.0
01::003921476366,1.0,1.0,1.0,17,0.0,0.0
01::003925576379,1.0,1.0,1.0,17,0.0,0.0
01::003925806379,1.0,1.0,1.0,17,0.0,0.0
01::003929846388,0.0,0.0,1.0,17,0.0,1.0
01::003933736405,0.0,0.0,1.0,17,0.0,1.0
01::003935156408,1.0,1.0,1.0,17,0.0,0.0
01::003935196408,1.0,1.0,1.0,17,0.0,0.0
01::003935246408,1.0,1.0,1.0,17,0.0,0.0
01::003935666408,1.0,1.0,1.0,17,0.0,0.0
01::003937266412,1.0,1.0,1.0,17,0.0,0.0
01::003937276412,1.0,1.0,1.0,17,0.0,0.0
01::003937306411,1.0,1.0,1.0,17,0.0,0.0
01::003943416429,1.0,1.0,1.0,17,0.0,0.0
01::003943506429,1.0,1.0,1.0,17,0.0,0.0
01::003943566429,1.0,1.0,1.0,17,0.0,0.0
01::003943586429,1.0,1.0,1.0,17,0.0,0.0
01::003943826429,1.0,1.0,1.0,17,0.0,0.0
01::003943946429,1.0,1.0,1.0,17,0.0,0.0
01::003944066429,1.0,1.0,1.0,17,0.0,0.0
01::003944166429,1.0,1.0,1.0,17,0.0,0.0
01::003946496435,1.0,1.0,1.0,17,0.0,0.0
01::003946596435,1.0,1.0,1.0,17,0.0,0.0
01::003947166436,1.0,1.0,1.0,17,0.0,0.0
01::003948346438,1.0,1.0,1.0,17,0.0,0.0
01::003948396438,1.0,0.0,1.0,17,-1.0,1.0
01::003949476445,1.0,1.0,1.0,17,0.0,0.0
01::003952226450,1.0,1.0,1.0,17,0.0,0.0
01::003955756462,1.0,1.0,1.0,17,0.0,0.0
01::003955766462,1.0,1.0,1.0,17,0.0,0.0
01::003961116475,0.8,0.8,1.0,17,0.0,0.19999999999999996
01::003961386475,1.0,1.0,1.0,17,0.0,0.0
01::003961566475,1.0,1.0,1.0,17,0.0,0.0
01::003976716512,1.0,1.0,1.0,17,0.0,0.0
01::003977136512,1.0,1.0,1.0,17,0.0,0.0
01::004086136713,1.0,1.0,1.0,17,0.0,0.0
01::004089516717,1.0,1.0,1.0,17,0.0,0.0
01::004089536717,1.0,1.0,1.0,17,0.0,0.0
01::004093116723,1.0,1.0,1.0,17,0.0,0.0
01::004093286723,0.0,0.0,1.0,17,0.0,1.0
01::004094566724,1.0,1.0,1.0,17,0.0,0.0
01::004094966724,1.0,1.0,1.0,17,0.0,0.0
01::004095656724,1.0,1.0,1.0,17,0.0,0.0
01::004095986724,1.0,1.0,1.0,17,0.0,0.0
01::004096496724,1.0,1.0,1.0,17,0.0,0.0
01::004099076725,1.0,1.0,1.0,17,0.0,0.0
01::004099526726,1.0,1.0,1.0,17,0.0,0.0
01::004100006725,1.0,1.0,1.0,17,0.0,0.0
01::004100626726,1.0,1.0,1.0,17,0.0,0.0
01::004101286725,1.0,1.0,1.0,17,0.0,0.0
01::004105516731,1.0,1.0,1.0,17,0.0,0.0
01::004106226731,1.0,1.0,1.0,17,0.0,0.0
01::004116306748,1.0,1.0,1.0,17,0.0,0.0
01::004116876748,1.0,1.0,1.0,17,0.0,0.0
01::004121576751,1.0,1.0,1.0,17,0.0,0.0
01::004121616751,1.0,1.0,1.0,17,0.0,0.0
01::004121796751,1.0,1.0,1.0,17,0.0,0.0
01::004122016751,1.0,1.0,1.0,17,0.0,0.0
01::004126006756,1.0,1.0,1.0,17,0.0,0.0
01::004126126756,1.0,1.0,1.0,17,0.0,0.0
01::004126176756,1.0,1.0,1.0,17,0.0,0.0
01::004126256756,1.0,1.0,1.0,17,0.0,0.0
01::004126676756,1.0,1.0,1.0,17,0.0,0.0
01::004126956756,0.5,1.0,1.0,17,0.5,0.0
01::004127196756,1.0,1.0,1.0,17,0.0,0.0
01::004127356756,1.0,1.0,1.0,17,0.0,0.0
01::004133526771,1.0,1.0,1.0,17,0.0,0.0
01::004133606772,1.0,1.0,1.0,17,0.0,0.0
01::004133846771,1.0,1.0,1.0,17,0.0,0.0
01::004133876771,1.0,1.0,1.0,17,0.0,0.0
01::004133936771,1.0,1.0,1.0,17,0.0,0.0
01::004134116771,1.0,1.0,1.0,17,0.0,0.0
01::004135906775,1.0,1.0,1.0,17,0.0,0.0
01::004135996775,1.0,0.0,1.0,17,-1.0,1.0
01::004136156774,1.0,1.0,1.0,17,0.0,0.0
01::004138246778,1.0,1.0,1.0,17,0.0,0.0
01::004138546778,1.0,1.0,1.0,17,0.0,0.0
01::004156606808,1.0,1.0,1.0,17,0.0,0.0
01::004156866808,1.0,1.0,1.0,17,0.0,0.0
01::004156966808,1.0,1.0,1.0,17,0.0,0.0
01::004161176811,0.0,0.0,0.0,17,0.0,0.0
01::004161506811,1.0,1.0,1.0,17,0.0,0.0
01::004165336815,1.0,1.0,1.0,17,0.0,0.0
01::004169096823,1.0,1.0,1.0,17,0.0,0.0
01::004172616828,1.0,1.0,1.0,17,0.0,0.0
01::004173256828,1.0,1.0,1.0,17,0.0,0.0
01::004176266832,1.0,1.0,1.0,17,0.0,0.0
01::004176546832,1.0,1.0,1.0,17,0.0,0.0
01::004176556832,1.0,1.0,1.0,17,0.0,0.0
01::004176586832,1.0,1.0,1.0,17,0.0,0.0
01::004178886835,1.0,1.0,1.0,17,0.0,0.0
01::004185526842,1.0,1.0,1.0,17,0.0,0.0
01::004186326842,1.0,1.0,1.0,17,0.0,0.0
01::004192626854,1.0,1.0,1.0,17,0.0,0.0
01::004192716854,1.0,1.0,1.0,17,0.0,0.0
01::004193166854,1.0,1.0,1.0,17,0.0,0.0
01::004194546858,1.0,1.0,1.0,17,0.0,0.0
01::004195816859,1.0,1.0,1.0,17,0.0,0.0
01::004196766862,0.5,0.5,1.0,17,0.0,0.5
01::004200646866,1.0,1.0,1.0,17,0.0,0.0
01::004200826866,1.0,1.0,1.0,17,0.0,0.0
01::004204756877,1.0,1.0,1.0,17,0.0,0.0
01::004204786877,1.0,1.0,1.0,17,0.0,0.0
01::004209476885,1.0,1.0,1.0,17,0.0,0.0
01::004210626888,1.0,1.0,1.0,17,0.0,0.0
01::004211066888,1.0,1.0,1.0,17,0.0,0.0
01::004216686893,1.0,1.0,1.0,17,0.0,0.0
01::004221136904,1.0,1.0,1.0,17,0.0,0.0
01::004221616904,1.0,1.0,1.0,17,0.0,0.0
01::004227116913,1.0,1.0,1.0,17,0.0,0.0
01::004227536913,1.0,1.0,1.0,17,0.0,0.0
01::004228196913,0.0,0.0,1.0,17,0.0,1.0
01::004230646916,1.0,1.0,1.0,17,0.0,0.0
01::004230986916,1.0,1.0,1.0,17,0.0,0.0
01::004235566929,1.0,1.0,1.0,17,0.0,0.0
01::004236286931,1.0,1.0,1.0,17,0.0,0.0
01::004236476931,1.0,1.0,1.0,17,0.0,0.0
01::004247156949,1.0,1.0,1.0,17,0.0,0.0
01::004258236957,1.0,1.0,1.0,17,0.0,0.0
01::004259746960,1.0,1.0,1.0,17,0.0,0.0
01::004260836960,1.0,1.0,1.0,17,0.0,0.0
01::004264436965,1.0,1.0,1.0,17,0.0,0.0
01::004265536967,1.0,1.0,1.0,17,0.0,0.0
01::004265816971,1.0,1.0,1.0,17,0.0,0.0
01::004265936971,1.0,1.0,1.0,17,0.0,0.0
01::004274926976,1.0,1.0,1.0,17,0.0,0.0
01::004277026978,1.0,1.0,1.0,17,0.0,0.0
01::004286367003,1.0,1.0,1.0,17,0.0,0.0
01::004287117004,0.0,1.0,1.0,17,1.0,0.0
01::004298617027,1.0,1.0,1.0,17,0.0,0.0
01::004300147030,1.0,1.0,1.0,17,0.0,0.0
01::004300207030,1.0,1.0,1.0,17,0.0,0.0
01::004300667031,1.0,1.0,1.0,17,0.0,0.0
01::004305957033,1.0,1.0,1.0,17,0.0,0.0
01::004306757033,1.0,1.0,1.0,17,0.0,0.0
01::004310577035,1.0,1.0,1.0,17,0.0,0.0
01::004313207038,1.0,1.0,1.0,17,0.0,0.0
01::004313577038,1.0,1.0,1.0,17,0.0,0.0
01::004328047042,1.0,1.0,1.0,17,0.0,0.0
01::004328427042,1.0,1.0,1.0,17,0.0,0.0
01::004328997042,0.0,0.0,1.0,17,0.0,1.0
01::004329257042,1.0,1.0,1.0,17,0.0,0.0
01::004329757042,1.0,1.0,1.0,17,0.0,0.0
01::004334087049,1.0,1.0,1.0,17,0.0,0.0
01::004334427049,1.0,1.0,1.0,17,0.0,0.0
01::004342807065,1.0,1.0,1.0,17,0.0,0.0
01::004342907065,1.0,1.0,1.0,17,0.0,0.0
01::004346967076,1.0,1.0,1.0,17,0.0,0.0
01::004347407076,1.0,1.0,1.0,17,0.0,0.0
01::004347867078,1.0,1.0,1.0,17,0.0,0.0
01::004349027078,1.0,1.0,1.0,17,0.0,0.0
01::004349057078,1.0,1.0,1.0,17,0.0,0.0
01::004353907082,1.0,1.0,1.0,17,0.0,0.0
01::004355117091,1.0,1.0,1.0,17,0.0,0.0
01::004358727102,1.0,1.0,1.0,17,0.0,0.0
01::004358957102,1.0,1.0,1.0,17,0.0,0.0
01::004360367105,1.0,1.0,1.0,17,0.0,0.0
01::004360997106,1.0,1.0,1.0,17,0.0,0.0
01::004361387106,1.0,1.0,1.0,17,0.0,0.0
01::004368107107,1.0,1.0,1.0,17,0.0,0.0
01::004368327107,1.0,1.0,1.0,17,0.0,0.0
01::004368487107,1.0,1.0,1.0,17,0.0,0.0
01::004370847107,1.0,1.0,1.0,17,0.0,0.0
01::004373607108,1.0,1.0,1.0,17,0.0,0.0
01::004379777113,1.0,1.0,1.0,17,0.0,0.0
01::004379947113,1.0,1.0,1.0,17,0.0,0.0
01::004402717136,1.0,1.0,1.0,17,0.0,0.0
01::004409307147,1.0,1.0,1.0,17,0.0,0.0
01::004409887148,1.0,1.0,1.0,17,0.0,0.0
01::004414267149,1.0,1.0,1.0,17,0.0,0.0
01::004414407149,1.0,1.0,1.0,17,0.0,0.0
01::004421467170,1.0,1.0,1.0,17,0.0,0.0
01::004421607170,1.0,1.0,1.0,17,0.0,0.0
01::004426247184,1.0,1.0,1.0,17,0.0,0.0
01::004426267184,1.0,1.0,1.0,17,0.0,0.0
01::004427477186,1.0,1.0,1.0,17,0.0,0.0
01::004428507188,1.0,1.0,1.0,17,0.0,0.0
01::004429477189,0.0,0.0,0.0,17,0.0,0.0
01::004429487188,1.0,1.0,1.0,17,0.0,0.0
01::004430017189,1.0,1.0,1.0,17,0.0,0.0
01::004436047192,1.0,1.0,1.0,17,0.0,0.0
01::004436387192,1.0,1.0,1.0,17,0.0,0.0
01::004448127199,1.0,1.0,1.0,17,0.0,0.0
01::004461117244,1.0,1.0,1.0,17,0.0,0.0
01::004461577244,1.0,1.0,1.0,17,0.0,0.0
01::004461947244,1.0,1.0,1.0,17,0.0,0.0
01::004462007244,1.0,1.0,1.0,17,0.0,0.0
01::004465317252,1.0,1.0,1.0,17,0.0,0.0
01::004465377252,1.0,1.0,1.0,17,0.0,0.0
01::004474927254,1.0,1.0,1.0,17,0.0,0.0
01::004475337254,1.0,1.0,1.0,17,0.0,0.0
01::004475587254,1.0,1.0,1.0,17,0.0,0.0
01::004495087267,1.0,1.0,1.0,17,0.0,0.0
01::004496697272,1.0,1.0,1.0,17,0.0,0.0
01::004497057273,1.0,1.0,1.0,17,0.0,0.0
01::004497247273,1.0,0.0,1.0,17,-1.0,1.0
01::004497707273,1.0,1.0,1.0,17,0.0,0.0
01::004501807285,1.0,1.0,1.0,17,0.0,0.0
01::004502957286,0.75,0.75,0.75,17,0.0,0.0
01::004506097288,1.0,1.0,1.0,17,0.0,0.0
01::004511907302,1.0,1.0,1.0,17,0.0,0.0
01::004511957302,1.0,1.0,1.0,17,0.0,0.0
01::004521227324,1.0,1.0,1.0,17,0.0,0.0
01::004524167333,1.0,1.0,1.0,17,0.0,0.0
01::004533797351,0.0,0.0,0.0,17,0.0,0.0
01::004539697360,1.0,1.0,1.0,17,0.0,0.0
01::004539927360,1.0,1.0,1.0,17,0.0,0.0
01::004540147360,1.0,1.0,1.0,17,0.0,0.0
01::004543497366,0.0,1.0,1.0,17,1.0,0.0
01::004543587366,1.0,1.0,1.0,17,0.0,0.0
01::004544117366,1.0,1.0,1.0,17,0.0,0.0
01::004544337366,1.0,1.0,1.0,17,0.0,0.0
01::004544347366,1.0,1.0,1.0,17,0.0,0.0
01::004544387366,1.0,1.0,1.0,17,0.0,0.0
01::004548397375,1.0,1.0,1.0,17,0.0,0.0
01::004548897375,1.0,1.0,1.0,17,0.0,0.0
01::004548967375,1.0,1.0,1.0,17,0.0,0.0
01::004550587377,1.0,1.0,1.0,17,0.0,0.0
01::004550937377,1.0,1.0,1.0,17,0.0,0.0
01::004551007377,1.0,1.0,1.0,17,0.0,0.0
01::004551137377,1.0,1.0,1.0,17,0.0,0.0
01::004551437377,1.0,1.0,1.0,17,0.0,0.0
01::004556287381,1.0,1.0,1.0,17,0.0,0.0
01::004556377381,1.0,1.0,0.0,17,0.0,-1.0
01::004568127401,1.0,1.0,1.0,17,0.0,0.0
01::004568167401,1.0,1.0,1.0,17,0.0,0.0
01::004568537401,1.0,1.0,1.0,17,0.0,0.0
01::004568747401,1.0,1.0,1.0,17,0.0,0.0
01::004571737407,1.0,1.0,1.0,17,0.0,0.0
01::004571757407,1.0,1.0,1.0,17,0.0,0.0
01::004573387411,1.0,1.0,1.0,17,0.0,0.0
01::004577627417,1.0,1.0,1.0,17,0.0,0.0
01::004577747417,1.0,1.0,1.0,17,0.0,0.0
01::004578097417,1.0,1.0,1.0,17,0.0,0.0
01::004590757446,1.0,1.0,1.0,17,0.0,0.0
01::004594677451,1.0,1.0,1.0,17,0.0,0.0
01::004598847455,1.0,1.0,1.0,17,0.0,0.0
01::004600137455,1.0,1.0,1.0,17,0.0,0.0
01::004600307455,1.0,1.0,1.0,17,0.0,0.0
01::004653753557,0.0,0.0,0.0,17,0.0,0.0
01::004664743562,1.0,1.0,1.0,17,0.0,0.0
01::004706803564,0.0,0.0,0.0,17,0.0,0.0
01::377488602201,0.0,0.0,0.0,17,0.0,0.0
01::380939611401,0.0,0.0,1.0,17,0.0,1.0
01::394214642001,1.0,1.0,1.0,17,0.0,0.0
01::411603674801,1.0,1.0,1.0,17,0.0,0.0
01::420934688501,1.0,1.0,1.0,17,0.0,0.0
01::422661691301,1.0,1.0,1.0,17,0.0,0.0
01::447532725401,1.0,1.0,1.0,17,0.0,0.0
01::450284728601,1.0,1.0,1.0,17,0.0,0.0
02::000013120001,1.0,1.0,1.0,17,0.0,0.0
02::000013250001,1.0,1.0,1.0,17,0.0,0.0
02::000018929596,1.0,1.0,1.0,17,0.0,0.0
02::000019870001,1.0,1.0,1.0,17,0.0,0.0
02::000027390001,1.0,1.0,1.0,17,0.0,0.0
02::000034530001,1.0,1.0,1.0,17,0.0,0.0
02::000043109596,1.0,1.0,1.0,17,0.0,0.0
02::000055239596,1.0,1.0,1.0,17,0.0,0.0
02::000059259596,1.0,1.0,1.0,17,0.0,0.0
02::000061619596,1.0,1.0,1.0,17,0.0,0.0
02::000064269596,1.0,1.0,1.0,17,0.0,0.0
02::000069169596,1.0,1.0,1.0,17,0.0,0.0
02::002600000102,1.0,1.0,1.0,17,0.0,0.0
02::003381185211,1.0,1.0,1.0,17,0.0,0.0
02::003381365211,1.0,1.0,1.0,17,0.0,0.0
02::003381605211,1.0,1.0,1.0,17,0.0,0.0
02::003384345218,1.0,1.0,1.0,17,0.0,0.0
02::003388265223,1.0,1.0,1.0,17,0.0,0.0
02::003398015232,1.0,1.0,1.0,17,0.0,0.0
02::003398995232,1.0,1.0,1.0,17,0.0,0.0
02::003399855232,1.0,1.0,1.0,17,0.0,0.0
02::003405245240,1.0,1.0,1.0,17,0.0,0.0
02::003428285288,1.0,1.0,1.0,17,0.0,0.0
02::003431105291,1.0,1.0,1.0,17,0.0,0.0
02::003432315292,1.0,1.0,1.0,17,0.0,0.0
02::003446275305,1.0,1.0,1.0,17,0.0,0.0
02::003447195305,1.0,1.0,1.0,17,0.0,0.0
02::003461875325,1.0,1.0,1.0,17,0.0,0.0
02::003470685337,1.0,1.0,1.0,17,0.0,0.0
02::003473495342,1.0,1.0,1.0,17,0.0,0.0
02::003474165342,1.0,1.0,1.0,17,0.0,0.0
02::003487015364,1.0,1.0,1.0,17,0.0,0.0
02::003487265364,1.0,1.0,1.0,17,0.0,0.0
02::003505355383,1.0,1.0,1.0,17,0.0,0.0
02::003524135417,1.0,1.0,1.0,17,0.0,0.0
02::003537155434,1.0,1.0,1.0,17,0.0,0.0
02::003537235434,1.0,1.0,1.0,17,0.0,0.0
02::003537485434,1.0,1.0,1.0,17,0.0,0.0
02::003541965448,1.0,1.0,1.0,17,0.0,0.0
02::003549085463,1.0,1.0,1.0,17,0.0,0.0
02::003561125496,1.0,1.0,1.0,17,0.0,0.0
02::003577705534,1.0,1.0,1.0,17,0.0,0.0
02::003581745544,1.0,1.0,1.0,17,0.0,0.0
02::003581755544,1.0,1.0,1.0,17,0.0,0.0
02::003582015544,1.0,1.0,1.0,17,0.0,0.0
02::003582325544,1.0,1.0,1.0,17,0.0,0.0
02::003586825569,1.0,1.0,1.0,17,0.0,0.0
02::003586865569,1.0,1.0,1.0,17,0.0,0.0
02::003613045623,1.0,1.0,1.0,17,0.0,0.0
02::003617865632,1.0,1.0,1.0,17,0.0,0.0
02::003641825707,1.0,1.0,1.0,17,0.0,0.0
02::003641905707,1.0,1.0,1.0,17,0.0,0.0
02::003642275707,1.0,1.0,1.0,17,0.0,0.0
02::003651335728,1.0,1.0,1.0,17,0.0,0.0
02::003651355728,1.0,1.0,1.0,17,0.0,0.0
02::003651475728,1.0,1.0,1.0,17,0.0,0.0
02::003651905728,1.0,1.0,1.0,17,0.0,0.0
02::003658705754,1.0,1.0,1.0,17,0.0,0.0
02::003674065773,1.0,1.0,1.0,17,0.0,0.0
02::003675165773,1.0,1.0,1.0,17,0.0,0.0
02::003681355782,1.0,1.0,1.0,17,0.0,0.0
02::003705565838,1.0,1.0,1.0,17,0.0,0.0
02::003708755845,1.0,1.0,1.0,17,0.0,0.0
02::003709355845,1.0,1.0,1.0,17,0.0,0.0
02::003714475855,1.0,1.0,1.0,17,0.0,0.0
02::003714515855,1.0,1.0,1.0,17,0.0,0.0
02::003714625855,1.0,1.0,1.0,17,0.0,0.0
02::003714935855,1.0,1.0,1.0,17,0.0,0.0
02::003722125870,1.0,1.0,1.0,17,0.0,0.0
02::003723355870,1.0,1.0,1.0,17,0.0,0.0
02::003726315873,1.0,1.0,1.0,17,0.0,0.0
02::003726375873,1.0,1.0,1.0,17,0.0,0.0
02::003732075882,1.0,1.0,1.0,17,0.0,0.0
02::003732085882,1.0,1.0,1.0,17,0.0,0.0
02::003739015908,1.0,1.0,1.0,17,0.0,0.0
02::003739215908,1.0,1.0,1.0,17,0.0,0.0
02::003755405976,1.0,1.0,1.0,17,0.0,0.0
02::003755525976,1.0,1.0,1.0,17,0.0,0.0
02::003755965976,1.0,1.0,1.0,17,0.0,0.0
02::003771946012,1.0,1.0,1.0,17,0.0,0.0
02::003772556012,1.0,1.0,1.0,17,0.0,0.0
02::003774836022,1.0,1.0,1.0,17,0.0,0.0
02::003775016022,1.0,1.0,1.0,17,0.0,0.0
02::003775036022,1.0,1.0,1.0,17,0.0,0.0
02::003775716025,1.0,1.0,1.0,17,0.0,0.0
02::003784356052,1.0,1.0,1.0,17,0.0,0.0
02::003784986052,1.0,1.0,1.0,17,0.0,0.0
02::003788936066,1.0,1.0,1.0,17,0.0,0.0
02::003790756075,1.0,1.0,1.0,17,0.0,0.0
02::003790776075,1.0,1.0,1.0,17,0.0,0.0
02::003791166075,1.0,1.0,1.0,17,0.0,0.0
02::003798426092,1.0,1.0,1.0,17,0.0,0.0
02::003826026157,1.0,1.0,1.0,17,0.0,0.0
02::003826566157,1.0,1.0,1.0,17,0.0,0.0
02::003839266184,1.0,1.0,1.0,17,0.0,0.0
02::003845016197,0.5,1.0,1.0,17,0.5,0.0
02::003845266197,1.0,1.0,1.0,17,0.0,0.0
02::003865236237,1.0,1.0,1.0,17,0.0,0.0
02::003878636276,1.0,1.0,1.0,17,0.0,0.0
02::003888866300,1.0,0.0,1.0,17,-1.0,1.0
02::003894716309,1.0,1.0,1.0,17,0.0,0.0
02::003898916320,1.0,1.0,1.0,17,0.0,0.0
02::003917586356,1.0,1.0,1.0,17,0.0,0.0
02::003917886356,1.0,1.0,1.0,17,0.0,0.0
02::003920966366,1.0,1.0,1.0,17,0.0,0.0
02::003921076366,1.0,1.0,1.0,17,0.0,0.0
02::003926206379,1.0,1.0,1.0,17,0.0,0.0
02::003962096475,1.0,1.0,1.0,17,0.0,0.0
02::003966416489,1.0,1.0,1.0,17,0.0,0.0
02::003968816494,1.0,1.0,1.0,17,0.0,0.0
02::004079506696,1.0,1.0,1.0,17,0.0,0.0
02::004093926723,1.0,1.0,1.0,17,0.0,0.0
02::004094686723,1.0,1.0,1.0,17,0.0,0.0
02::004094856723,1.0,1.0,1.0,17,0.0,0.0
02::004110576741,1.0,1.0,1.0,17,0.0,0.0
02::004147306796,1.0,1.0,1.0,17,0.0,0.0
02::004148136796,1.0,1.0,1.0,17,0.0,0.0
02::004148576796,1.0,1.0,1.0,17,0.0,0.0
02::004160246812,1.0,1.0,1.0,17,0.0,0.0
02::004161236811,1.0,1.0,1.0,17,0.0,0.0
02::004161386811,1.0,1.0,1.0,17,0.0,0.0
02::004169016823,1.0,1.0,1.0,17,0.0,0.0
02::004199186865,1.0,1.0,1.0,17,0.0,0.0
02::004200916866,1.0,1.0,1.0,17,0.0,0.0
02::004210866888,1.0,1.0,1.0,17,0.0,0.0
02::004213296890,1.0,1.0,1.0,17,0.0,0.0
02::004216676893,1.0,1.0,1.0,17,0.0,0.0
02::004216776893,1.0,1.0,1.0,17,0.0,0.0
02::004226996913,1.0,1.0,1.0,17,0.0,0.0
02::004227516914,1.0,1.0,1.0,17,0.0,0.0
02::004264766967,1.0,1.0,1.0,17,0.0,0.0
02::004270506972,1.0,1.0,1.0,17,0.0,0.0
02::004270826972,1.0,1.0,1.0,17,0.0,0.0
02::004273916975,1.0,1.0,1.0,17,0.0,0.0
02::004286627004,1.0,1.0,1.0,17,0.0,0.0
02::004288527004,1.0,1.0,1.0,17,0.0,0.0
02::004310087035,1.0,1.0,1.0,17,0.0,0.0
02::004328367042,1.0,1.0,1.0,17,0.0,0.0
02::004338897060,1.0,1.0,1.0,17,0.0,0.0
02::004339117060,1.0,1.0,1.0,17,0.0,0.0
02::004339377060,1.0,1.0,1.0,17,0.0,0.0
02::004342067064,1.0,1.0,1.0,17,0.0,0.0
02::004342077064,1.0,1.0,1.0,17,0.0,0.0
02::004347247078,1.0,1.0,1.0,17,0.0,0.0
02::004355017091,1.0,1.0,1.0,17,0.0,0.0
02::004355267091,1.0,1.0,1.0,17,0.0,0.0
02::004360647105,1.0,1.0,1.0,17,0.0,0.0
02::004396327125,1.0,1.0,1.0,17,0.0,0.0
02::004409487147,1.0,1.0,1.0,17,0.0,0.0
02::004410427147,1.0,1.0,1.0,17,0.0,0.0
02::004413987149,1.0,1.0,1.0,17,0.0,0.0
02::004414967150,1.0,1.0,1.0,17,0.0,0.0
02::004415457150,1.0,1.0,1.0,17,0.0,0.0
02::004427077186,1.0,1.0,1.0,17,0.0,0.0
02::004427747186,1.0,1.0,1.0,17,0.0,0.0
02::004430617189,1.0,1.0,1.0,17,0.0,0.0
02::004431807191,1.0,1.0,1.0,17,0.0,0.0
02::004431827191,1.0,1.0,1.0,17,0.0,0.0
02::004432697191,1.0,1.0,1.0,17,0.0,0.0
02::004433077191,1.0,1.0,1.0,17,0.0,0.0
02::004433307191,1.0,1.0,1.0,17,0.0,0.0
02::004433427191,0.0,1.0,1.0,17,1.0,0.0
02::004441467194,1.0,1.0,1.0,17,0.0,0.0
02::004442137196,1.0,1.0,1.0,17,0.0,0.0
02::004461497245,1.0,1.0,1.0,17,0.0,0.0
02::004503337286,1.0,1.0,1.0,17,0.0,0.0
02::004518947323,1.0,1.0,1.0,17,0.0,0.0
02::004519067323,1.0,1.0,1.0,17,0.0,0.0
02::004519867323,1.0,1.0,1.0,17,0.0,0.0
02::004527367339,1.0,1.0,1.0,17,0.0,0.0
02::004547817374,1.0,1.0,1.0,17,0.0,0.0
02::004547857374,1.0,1.0,1.0,17,0.0,0.0
02::004548017374,1.0,1.0,1.0,17,0.0,0.0
02::004548117374,1.0,1.0,1.0,17,0.0,0.0
02::004557667383,1.0,1.0,1.0,17,0.0,0.0
02::004560057386,1.0,1.0,1.0,17,0.0,0.0
02::004563517390,1.0,1.0,1.0,17,0.0,0.0
02::004571937407,1.0,1.0,1.0,17,0.0,0.0
02::004574567412,1.0,1.0,1.0,17,0.0,0.0
02::004583737425,1.0,1.0,1.0,17,0.0,0.0
02::004592387447,1.0,1.0,1.0,17,0.0,0.0
02::004661693561,1.0,1.0,1.0,17,0.0,0.0
02::004662723561,1.0,1.0,1.0,17,0.0,0.0
03::000000679596,1.0,1.0,1.0,17,0.0,0.0
03::000005729596,1.0,1.0,1.0,17,0.0,0.0
03::000008979596,1.0,1.0,1.0,17,0.0,0.0
03::000012909596,1.0,1.0,1.0,17,0.0,0.0
03::000013320001,1.0,1.0,1.0,17,0.0,0.0
03::000013440001,1.0,1.0,0.9285714285714286,17,0.0,-0.0714285714285714
03::000013450001,1.0,1.0,1.0,17,0.0,0.0
03::000019920001,1.0,1.0,0.0,17,0.0,-1.0
03::000020230001,1.0,1.0,1.0,17,0.0,0.0
03::000025529596,1.0,1.0,0.8,17,0.0,-0.19999999999999996
03::000027319596,1.0,1.0,1.0,17,0.0,0.0
03::000027520001,1.0,1.0,1.0,17,0.0,0.0
03::000033249596,1.0,0.5,1.0,17,-0.5,0.5
03::000033570001,1.0,1.0,1.0,17,0.0,0.0
03::000034050001,1.0,1.0,1.0,17,0.0,0.0
03::000034189596,1.0,1.0,1.0,17,0.0,0.0
03::000034699596,1.0,1.0,1.0,17,0.0,0.0
03::000036049596,1.0,1.0,1.0,17,0.0,0.0
03::000039109596,1.0,1.0,1.0,17,0.0,0.0
03::000049539596,1.0,1.0,1.0,17,0.0,0.0
03::000054849596,1.0,1.0,1.0,17,0.0,0.0
03::000063989596,1.0,1.0,1.0,17,0.0,0.0
03::000067919596,1.0,1.0,1.0,17,0.0,0.0
03::000071219596,0.0,0.0,0.0,17,0.0,0.0
03::002603000103,1.0,1.0,1.0,17,0.0,0.0
03::002605000103,1.0,1.0,1.0,17,0.0,0.0
03::003431225291,1.0,1.0,1.0,17,0.0,0.0
03::003432605292,1.0,1.0,1.0,17,0.0,0.0
03::003445635304,1.0,1.0,1.0,17,0.0,0.0
03::003446765305,1.0,1.0,1.0,17,0.0,0.0
03::003447095305,1.0,1.0,1.0,17,0.0,0.0
03::003448005305,1.0,1.0,1.0,17,0.0,0.0
03::003448015305,1.0,1.0,1.0,17,0.0,0.0
03::003473715342,1.0,1.0,1.0,17,0.0,0.0
03::003515305414,1.0,1.0,1.0,17,0.0,0.0
03::003515495414,1.0,1.0,1.0,17,0.0,0.0
03::003524085417,1.0,1.0,1.0,17,0.0,0.0
03::003541895448,1.0,1.0,1.0,17,0.0,0.0
03::003542565448,1.0,1.0,1.0,17,0.0,0.0
03::003542605448,1.0,1.0,1.0,17,0.0,0.0
03::003563085500,1.0,1.0,1.0,17,0.0,0.0
03::003577165534,1.0,1.0,1.0,17,0.0,0.0
03::003596675595,1.0,1.0,1.0,17,0.0,0.0
03::003608575615,1.0,1.0,1.0,17,0.0,0.0
03::003608715615,1.0,1.0,1.0,17,0.0,0.0
03::003608855615,1.0,1.0,1.0,17,0.0,0.0
03::003620475639,1.0,1.0,1.0,17,0.0,0.0
03::003641845707,1.0,1.0,1.0,17,0.0,0.0
03::003646005716,1.0,1.0,1.0,17,0.0,0.0
03::003646215716,1.0,1.0,1.0,17,0.0,0.0
03::003651715728,1.0,1.0,1.0,17,0.0,0.0
03::003666515765,1.0,1.0,1.0,17,0.0,0.0
03::003679515782,1.0,1.0,1.0,17,0.0,0.0
03::003699865827,1.0,1.0,1.0,17,0.0,0.0
03::003705855838,1.0,1.0,1.0,17,0.0,0.0
03::003706065838,1.0,1.0,1.0,17,0.0,0.0
03::003706295838,1.0,1.0,1.0,17,0.0,0.0
03::003708255845,1.0,1.0,1.0,17,0.0,0.0
03::003708705845,1.0,1.0,1.0,17,0.0,0.0
03::003708935845,1.0,1.0,1.0,17,0.0,0.0
03::003708965845,1.0,1.0,1.0,17,0.0,0.0
03::003726075873,1.0,1.0,1.0,17,0.0,0.0
03::003776086025,1.0,1.0,1.0,17,0.0,0.0
03::003776166025,1.0,1.0,1.0,17,0.0,0.0
03::003776356025,1.0,1.0,1.0,17,0.0,0.0
03::003784336052,1.0,1.0,1.0,17,0.0,0.0
03::003805376105,1.0,1.0,1.0,17,0.0,0.0
03::003805666105,1.0,1.0,1.0,17,0.0,0.0
03::003809426114,1.0,1.0,1.0,17,0.0,0.0
03::003825926157,1.0,1.0,1.0,17,0.0,0.0
03::003826986157,1.0,1.0,1.0,17,0.0,0.0
03::003827106157,1.0,1.0,1.0,17,0.0,0.0
03::003827676157,1.0,1.0,1.0,17,0.0,0.0
03::003839446184,1.0,1.0,1.0,17,0.0,0.0
03::003839566184,1.0,1.0,1.0,17,0.0,0.0
03::003839956184,1.0,1.0,1.0,17,0.0,0.0
03::003871376248,1.0,1.0,1.0,17,0.0,0.0
03::003876406270,1.0,1.0,1.0,17,0.0,0.0
03::003888396299,1.0,1.0,1.0,17,0.0,0.0
03::003888886299,1.0,1.0,1.0,17,0.0,0.0
03::003894936309,1.0,1.0,1.0,17,0.0,0.0
03::003920886366,1.0,1.0,1.0,17,0.0,0.0
03::003921046366,1.0,1.0,1.0,17,0.0,0.0
03::003925706379,1.0,1.0,1.0,17,0.0,0.0
03::003926356379,1.0,1.0,1.0,17,0.0,0.0
03::003926416379,1.0,1.0,1.0,17,0.0,0.0
03::003926446379,1.0,1.0,1.0,17,0.0,0.0
03::004133946772,0.0,0.0,0.0,17,0.0,0.0
03::004146536796,1.0,1.0,1.0,17,0.0,0.0
03::004154746805,1.0,1.0,1.0,17,0.0,0.0
03::004154976805,1.0,1.0,1.0,17,0.0,0.0
03::004160136811,1.0,1.0,1.0,17,0.0,0.0
03::004160166811,1.0,1.0,1.0,17,0.0,0.0
03::004160706812,1.0,1.0,1.0,17,0.0,0.0
03::004160756812,1.0,1.0,1.0,17,0.0,0.0
03::004200316867,1.0,1.0,1.0,17,0.0,0.0
03::004200726867,1.0,1.0,1.0,17,0.0,0.0
03::004201166867,1.0,1.0,1.0,17,0.0,0.0
03::004211276888,1.0,1.0,1.0,17,0.0,0.0
03::004213886890,1.0,1.0,1.0,17,0.0,0.0
03::004214456890,1.0,1.0,1.0,17,0.0,0.0
03::004214626890,1.0,1.0,1.0,17,0.0,0.0
03::004214646890,1.0,1.0,1.0,17,0.0,0.0
03::004214666890,1.0,1.0,1.0,17,0.0,0.0
03::004222496906,1.0,1.0,1.0,17,0.0,0.0
03::004222826906,1.0,1.0,1.0,17,0.0,0.0
03::004222886906,1.0,1.0,1.0,17,0.0,0.0
03::004223036906,1.0,1.0,1.0,17,0.0,0.0
03::004265196967,1.0,1.0,1.0,17,0.0,0.0
03::004266866970,1.0,1.0,1.0,17,0.0,0.0
03::004269716972,1.0,1.0,1.0,17,0.0,0.0
03::004270216972,1.0,1.0,1.0,17,0.0,0.0
03::004270486972,1.0,1.0,1.0,17,0.0,0.0
03::004272406975,1.0,1.0,1.0,17,0.0,0.0
03::004272446975,1.0,1.0,1.0,17,0.0,0.0
03::004273416975,1.0,1.0,1.0,17,0.0,0.0
03::004282466990,1.0,1.0,1.0,17,0.0,0.0
03::004282516990,1.0,1.0,1.0,17,0.0,0.0
03::004286927004,1.0,1.0,1.0,17,0.0,0.0
03::004288087004,1.0,1.0,1.0,17,0.0,0.0
03::004288267004,1.0,1.0,1.0,17,0.0,0.0
03::004313747038,1.0,1.0,1.0,17,0.0,0.0
03::004314347038,1.0,1.0,1.0,17,0.0,0.0
03::004341767064,1.0,1.0,1.0,17,0.0,0.0
03::004341967064,1.0,1.0,1.0,17,0.0,0.0
03::004342677064,1.0,1.0,1.0,17,0.0,0.0
03::004360257105,1.0,1.0,1.0,17,0.0,0.0
03::004381687116,1.0,1.0,1.0,17,0.0,0.0
03::004388677119,1.0,1.0,1.0,17,0.0,0.0
03::004409617147,1.0,1.0,1.0,17,0.0,0.0
03::004410077147,1.0,1.0,1.0,17,0.0,0.0
03::004429517189,1.0,1.0,1.0,17,0.0,0.0
03::004429557189,1.0,1.0,1.0,17,0.0,0.0
03::004436797192,1.0,1.0,1.0,17,0.0,0.0
03::004440317195,1.0,1.0,1.0,17,0.0,0.0
03::004444127197,1.0,1.0,1.0,17,0.0,0.0
03::004472017254,1.0,1.0,1.0,17,0.0,0.0
03::004474997254,1.0,1.0,1.0,17,0.0,0.0
03::004480727258,1.0,1.0,1.0,17,0.0,0.0
03::004490877262,1.0,1.0,1.0,17,0.0,0.0
03::004517957321,1.0,1.0,1.0,17,0.0,0.0
03::004520997324,1.0,1.0,1.0,17,0.0,0.0
03::004523957333,1.0,1.0,1.0,17,0.0,0.0
03::004524087333,1.0,1.0,1.0,17,0.0,0.0
03::004526487339,1.0,1.0,1.0,17,0.0,0.0
03::004527457339,1.0,1.0,1.0,17,0.0,0.0
03::004537317356,1.0,1.0,1.0,17,0.0,0.0
03::004543897366,1.0,1.0,1.0,17,0.0,0.0
03::004544157366,1.0,1.0,1.0,17,0.0,0.0
03::004557137383,1.0,1.0,1.0,17,0.0,0.0
03::004557497383,1.0,1.0,1.0,17,0.0,0.0
03::004557687383,1.0,1.0,1.0,17,0.0,0.0
03::004558037383,1.0,1.0,1.0,17,0.0,0.0
03::004559447386,1.0,1.0,1.0,17,0.0,0.0
03::004563527390,1.0,1.0,1.0,17,0.0,0.0
03::004563597390,1.0,1.0,1.0,17,0.0,0.0
03::004563917390,1.0,1.0,1.0,17,0.0,0.0
03::004591567447,1.0,1.0,1.0,17,0.0,0.0
03::004599037455,1.0,1.0,1.0,17,0.0,0.0
03::004599547454,1.0,1.0,1.0,17,0.0,0.0
03::004601127455,1.0,1.0,1.0,17,0.0,0.0
03::004656483558,1.0,1.0,1.0,17,0.0,0.0
03::004657813558,1.0,1.0,1.0,17,0.0,0.0
03::004658283558,1.0,1.0,1.0,17,0.0,0.0
03::004661863561,1.0,1.0,1.0,17,0.0,0.0
03::004664303562,1.0,1.0,1.0,17,0.0,0.0
03::004718853566,1.0,1.0,1.0,17,0.0,0.0
03::388928629903,1.0,1.0,1.0,17,0.0,0.0
03::421423689003,1.0,1.0,1.0,17,0.0,0.0
03::422383690603,1.0,1.0,1.0,17,0.0,0.0
03::423260691803,1.0,1.0,1.0,17,0.0,0.0
03::443685719203,1.0,1.0,0.5,17,0.0,-0.5
03::443757719203,1.0,1.0,1.0,17,0.0,0.0
03::450284728603,1.0,1.0,1.0,17,0.0,0.0
03::453570735603,1.0,1.0,1.0,17,0.0,0.0
03::454043736003,1.0,1.0,1.0,17,0.0,0.0
04::000000619599,1.0,1.0,1.0,17,0.0,0.0
04::000001969599,1.0,1.0,1.0,17,0.0,0.0
04::000003979599,1.0,1.0,1.0,17,0.0,0.0
04::000004859599,1.0,1.0,1.0,17,0.0,0.0
04::000005509599,1.0,1.0,1.0,17,0.0,0.0
04::000007669599,1.0,1.0,1.0,17,0.0,0.0
04::000007929599,1.0,1.0,1.0,17,0.0,0.0
04::000014389599,1.0,1.0,1.0,17,0.0,0.0
04::000014509599,1.0,1.0,1.0,17,0.0,0.0
04::000014759599,1.0,1.0,1.0,17,0.0,0.0
04::000015359599,1.0,1.0,1.0,17,0.0,0.0
04::000016949599,1.0,1.0,1.0,17,0.0,0.0
04::000017139599,1.0,1.0,1.0,17,0.0,0.0
04::000018519599,1.0,1.0,1.0,17,0.0,0.0
04::000018939599,1.0,1.0,1.0,17,0.0,0.0
04::000021119599,1.0,1.0,1.0,17,0.0,0.0
04::000031270001,1.0,1.0,1.0,17,0.0,0.0
04::000034619598,1.0,1.0,1.0,17,0.0,0.0
04::000052439598,1.0,1.0,1.0,17,0.0,0.0
04::000060489598,1.0,1.0,1.0,17,0.0,0.0
04::000155219598,1.0,1.0,1.0,17,0.0,0.0
04::003399575233,1.0,1.0,1.0,17,0.0,0.0
04::003414695267,1.0,1.0,1.0,17,0.0,0.0
04::003421495277,1.0,1.0,1.0,17,0.0,0.0
04::003421745277,1.0,1.0,1.0,17,0.0,0.0
04::003421755277,1.0,1.0,1.0,17,0.0,0.0
04::003421865277,1.0,1.0,1.0,17,0.0,0.0
04::003458495314,1.0,1.0,1.0,17,0.0,0.0
04::003458505314,1.0,1.0,1.0,17,0.0,0.0
04::003491495368,1.0,1.0,1.0,17,0.0,0.0
04::003539595441,1.0,1.0,1.0,17,0.0,0.0
04::003554645480,1.0,1.0,1.0,17,0.0,0.0
04::003554715480,1.0,1.0,1.0,17,0.0,0.0
04::003554745480,1.0,1.0,1.0,17,0.0,0.0
04::003555215480,1.0,1.0,1.0,17,0.0,0.0
04::003620435640,1.0,1.0,1.0,17,0.0,0.0
04::003636365685,1.0,1.0,1.0,17,0.0,0.0
04::003636375685,1.0,1.0,1.0,17,0.0,0.0
04::003636565685,1.0,1.0,1.0,17,0.0,0.0
04::003663745762,1.0,1.0,1.0,17,0.0,0.0
04::003663885762,1.0,1.0,1.0,17,0.0,0.0
04::003696615808,1.0,1.0,1.0,17,0.0,0.0
04::003696825808,1.0,1.0,1.0,17,0.0,0.0
04::003741325916,1.0,1.0,1.0,17,0.0,0.0
04::003759175985,1.0,1.0,1.0,17,0.0,0.0
04::003759355985,1.0,1.0,1.0,17,0.0,0.0
04::003759515985,1.0,1.0,1.0,17,0.0,0.0
04::003759725985,1.0,1.0,1.0,17,0.0,0.0
04::003759885985,1.0,1.0,1.0,17,0.0,0.0
04::003773796016,1.0,1.0,1.0,17,0.0,0.0
04::003773806016,1.0,1.0,1.0,17,0.0,0.0
04::003782316044,1.0,1.0,1.0,17,0.0,0.0
04::003782636044,1.0,1.0,1.0,17,0.0,0.0
04::003856516226,1.0,1.0,1.0,17,0.0,0.0
04::003875986262,1.0,1.0,1.0,17,0.0,0.0
04::003876006262,1.0,1.0,1.0,17,0.0,0.0
04::003880726278,1.0,1.0,1.0,17,0.0,0.0
04::003903666329,1.0,1.0,1.0,17,0.0,0.0
04::003903836329,1.0,1.0,1.0,17,0.0,0.0
04::003903996329,1.0,1.0,1.0,17,0.0,0.0
04::003904106329,1.0,1.0,1.0,17,0.0,0.0
04::004086336713,1.0,1.0,1.0,17,0.0,0.0
04::004101436728,1.0,1.0,1.0,17,0.0,0.0
04::004102096728,1.0,1.0,1.0,17,0.0,0.0
04::004131866766,1.0,1.0,1.0,17,0.0,0.0
04::004131906766,1.0,1.0,1.0,17,0.0,0.0
04::004142066790,1.0,1.0,1.0,17,0.0,0.0
04::004142096790,1.0,1.0,1.0,17,0.0,0.0
04::004168496821,1.0,1.0,1.0,17,0.0,0.0
04::004168576821,1.0,1.0,1.0,17,0.0,0.0
04::004183066838,1.0,1.0,1.0,17,0.0,0.0
04::004193116854,1.0,1.0,1.0,17,0.0,0.0
04::004204606876,1.0,1.0,1.0,17,0.0,0.0
04::004204626876,1.0,1.0,1.0,17,0.0,0.0
04::004204646876,1.0,1.0,1.0,17,0.0,0.0
04::004204876876,1.0,1.0,1.0,17,0.0,0.0
04::004204896876,1.0,1.0,1.0,17,0.0,0.0
04::004206346878,1.0,1.0,1.0,17,0.0,0.0
04::004206456878,1.0,1.0,1.0,17,0.0,0.0
04::004208896881,1.0,1.0,1.0,17,0.0,0.0
04::004219066899,1.0,1.0,1.0,17,0.0,0.0
04::004220726902,1.0,1.0,1.0,17,0.0,0.0
04::004236826932,1.0,1.0,1.0,17,0.0,0.0
04::004236866932,1.0,1.0,1.0,17,0.0,0.0
04::004237026932,1.0,1.0,1.0,17,0.0,0.0
04::004237056932,1.0,1.0,1.0,17,0.0,0.0
04::004237166934,1.0,1.0,1.0,17,0.0,0.0
04::004237986932,1.0,1.0,1.0,17,0.0,0.0
04::004238056932,1.0,1.0,1.0,17,0.0,0.0
04::004240116936,1.0,1.0,1.0,17,0.0,0.0
04::004240186936,1.0,1.0,1.0,17,0.0,0.0
04::004241306938,1.0,1.0,1.0,17,0.0,0.0
04::004241326938,1.0,1.0,1.0,17,0.0,0.0
04::004247386949,1.0,1.0,1.0,17,0.0,0.0
04::004283156992,1.0,1.0,1.0,17,0.0,0.0
04::004283576992,1.0,1.0,1.0,17,0.0,0.0
04::004283686992,1.0,1.0,1.0,17,0.0,0.0
04::004283696992,1.0,1.0,1.0,17,0.0,0.0
04::004283766992,1.0,1.0,1.0,17,0.0,0.0
04::004283836992,1.0,1.0,1.0,17,0.0,0.0
04::004285897001,1.0,1.0,1.0,17,0.0,0.0
04::004295547022,0.5,1.0,1.0,17,0.5,0.0
04::004295617022,1.0,1.0,1.0,17,0.0,0.0
04::004299977030,1.0,1.0,1.0,17,0.0,0.0
04::004300357030,1.0,1.0,1.0,17,0.0,0.0
04::004300407030,1.0,1.0,1.0,17,0.0,0.0
04::004312497037,1.0,1.0,1.0,17,0.0,0.0
04::004312697037,1.0,1.0,1.0,17,0.0,0.0
04::004313047037,1.0,1.0,1.0,17,0.0,0.0
04::004325487039,1.0,1.0,1.0,17,0.0,0.0
04::004336627054,1.0,1.0,1.0,17,0.0,0.0
04::004336737054,1.0,1.0,1.0,17,0.0,0.0
04::004339767061,1.0,1.0,1.0,17,0.0,0.0
04::004340777063,1.0,1.0,1.0,17,0.0,0.0
04::004340857063,1.0,1.0,1.0,17,0.0,0.0
04::004340977063,1.0,1.0,1.0,17,0.0,0.0
04::004341067063,1.0,1.0,1.0,17,0.0,0.0
04::004341257063,1.0,1.0,1.0,17,0.0,0.0
04::004361517106,1.0,1.0,1.0,17,0.0,0.0
04::004373377109,1.0,1.0,1.0,17,0.0,0.0
04::004397457126,1.0,1.0,1.0,17,0.0,0.0
04::004401767134,1.0,1.0,1.0,17,0.0,0.0
04::004401917134,1.0,1.0,1.0,17,0.0,0.0
04::004401977134,1.0,1.0,1.0,17,0.0,0.0
04::004403817139,1.0,1.0,1.0,17,0.0,0.0
04::004404217139,1.0,1.0,1.0,17,0.0,0.0
04::004406627141,1.0,1.0,1.0,17,0.0,0.0
04::004448197200,1.0,1.0,1.0,17,0.0,0.0
04::004448427200,1.0,1.0,1.0,17,0.0,0.0
04::004449757202,1.0,1.0,1.0,17,0.0,0.0
04::004454407217,1.0,1.0,1.0,17,0.0,0.0
04::004460297236,1.0,1.0,1.0,17,0.0,0.0
04::004496117271,1.0,1.0,1.0,17,0.0,0.0
04::004496137271,1.0,1.0,1.0,17,0.0,0.0
04::004496177271,1.0,1.0,1.0,17,0.0,0.0
04::004496207271,1.0,1.0,1.0,17,0.0,0.0
04::004525247335,1.0,1.0,1.0,17,0.0,0.0
04::004525467336,1.0,1.0,1.0,17,0.0,0.0
04::004525587335,1.0,1.0,1.0,17,0.0,0.0
04::004525607336,1.0,1.0,1.0,17,0.0,0.0
04::004525717335,1.0,1.0,1.0,17,0.0,0.0
04::004551307377,1.0,1.0,1.0,17,0.0,0.0
04::004551387377,1.0,1.0,1.0,17,0.0,0.0
04::004569577403,1.0,1.0,1.0,17,0.0,0.0
04::004577427417,1.0,1.0,1.0,17,0.0,0.0
04::004589027441,1.0,1.0,1.0,17,0.0,0.0
04::004589127441,1.0,1.0,1.0,17,0.0,0.0
04::004589167441,1.0,1.0,1.0,17,0.0,0.0
04::004604837458,1.0,1.0,1.0,17,0.0,0.0
04::004604887458,1.0,1.0,1.0,17,0.0,0.0
04::004604977458,1.0,1.0,1.0,17,0.0,0.0
04::004605557458,1.0,1.0,1.0,17,0.0,0.0
04::342224527704,1.0,1.0,1.0,17,0.0,0.0
05::003405395239,1.0,1.0,1.0,17,0.0,0.0
05::003424585280,1.0,1.0,1.0,17,0.0,0.0
05::003435255294,1.0,1.0,1.0,17,0.0,0.0
05::003435565294,1.0,1.0,1.0,17,0.0,0.0
05::003435665294,1.0,1.0,1.0,17,0.0,0.0
05::003435855294,1.0,1.0,1.0,17,0.0,0.0
05::003461305323,1.0,1.0,1.0,17,0.0,0.0
05::003473265341,1.0,1.0,1.0,17,0.0,0.0
05::003481675355,1.0,1.0,1.0,17,0.0,0.0
05::003484075359,1.0,1.0,1.0,17,0.0,0.0
05::003484315359,1.0,1.0,1.0,17,0.0,0.0
05::003511355406,1.0,1.0,1.0,17,0.0,0.0
05::003511375406,1.0,1.0,1.0,17,0.0,0.0
05::003511395406,1.0,1.0,1.0,17,0.0,0.0
05::003571485521,1.0,1.0,1.0,17,0.0,0.0
05::003571655521,1.0,1.0,1.0,17,0.0,0.0
05::003571785521,1.0,1.0,1.0,17,0.0,0.0
05::003571815521,1.0,1.0,1.0,17,0.0,0.0
05::003572015521,1.0,1.0,1.0,17,0.0,0.0
05::003572105521,1.0,1.0,1.0,17,0.0,0.0
05::003581185542,1.0,1.0,1.0,17,0.0,0.0
05::003590285584,1.0,1.0,1.0,17,0.0,0.0
05::003590305584,1.0,1.0,1.0,17,0.0,0.0
05::003590315584,1.0,1.0,1.0,17,0.0,0.0
05::003631625663,1.0,1.0,1.0,17,0.0,0.0
05::003631805663,1.0,1.0,1.0,17,0.0,0.0
05::003632375665,1.0,1.0,1.0,17,0.0,0.0
05::003752815961,1.0,1.0,1.0,17,0.0,0.0
05::003753115961,1.0,1.0,1.0,17,0.0,0.0
05::003774376021,1.0,1.0,1.0,17,0.0,0.0
05::003796466083,1.0,1.0,1.0,17,0.0,0.0
05::003800676101,1.0,1.0,1.0,17,0.0,0.0
05::003800846101,1.0,1.0,1.0,17,0.0,0.0
05::003800856101,1.0,1.0,1.0,17,0.0,0.0
05::003801086101,1.0,1.0,1.0,17,0.0,0.0
05::003801186101,1.0,1.0,1.0,17,0.0,0.0
05::003924196368,1.0,1.0,1.0,17,0.0,0.0
05::003924236368,1.0,1.0,1.0,17,0.0,0.0
05::003924326368,1.0,1.0,1.0,17,0.0,0.0
05::003924336368,1.0,1.0,1.0,17,0.0,0.0
05::003924436368,1.0,1.0,1.0,17,0.0,0.0
05::003949676446,0.6666666666666666,1.0,1.0,17,0.33333333333333337,0.0
05::003956536464,1.0,1.0,1.0,17,0.0,0.0
05::004084346706,1.0,1.0,1.0,17,0.0,0.0
05::004091226720,0.0,0.5,1.0,17,0.5,0.5
05::004191576853,1.0,1.0,1.0,17,0.0,0.0
05::004191626853,1.0,1.0,1.0,17,0.0,0.0
05::004191646853,1.0,1.0,1.0,17,0.0,0.0
05::004262566961,1.0,1.0,1.0,17,0.0,0.0
05::004262646961,1.0,1.0,1.0,17,0.0,0.0
05::004262666961,1.0,1.0,1.0,17,0.0,0.0
05::004262706961,1.0,1.0,1.0,17,0.0,0.0
05::004262776961,1.0,1.0,1.0,17,0.0,0.0
05::004262916961,1.0,1.0,1.0,17,0.0,0.0
05::004262996961,1.0,1.0,1.0,17,0.0,0.0
05::004283426991,1.0,1.0,1.0,17,0.0,0.0
05::004342267065,1.0,1.0,1.0,17,0.0,0.0
05::004345607073,1.0,1.0,1.0,17,0.0,0.0
05::004345627073,1.0,1.0,1.0,17,0.0,0.0
05::004353707082,1.0,1.0,1.0,17,0.0,0.0
05::004353837082,1.0,1.0,1.0,17,0.0,0.0
05::004353857082,1.0,1.0,1.0,17,0.0,0.0
05::004354677087,1.0,1.0,1.0,17,0.0,0.0
05::004373067108,1.0,1.0,1.0,17,0.0,0.0
05::004373287108,1.0,1.0,1.0,17,0.0,0.0
05::004373327108,1.0,1.0,1.0,17,0.0,0.0
05::004374617108,1.0,1.0,1.0,17,0.0,0.0
05::004375577108,1.0,1.0,1.0,17,0.0,0.0
05::004496597272,1.0,1.0,1.0,17,0.0,0.0
05::004496737272,1.0,1.0,1.0,17,0.0,0.0
05::004496807272,1.0,1.0,1.0,17,0.0,0.0
05::004515367318,1.0,1.0,1.0,17,0.0,0.0
05::004515527318,1.0,1.0,1.0,17,0.0,0.0
05::004515567318,1.0,1.0,1.0,17,0.0,0.0
05::004515587318,1.0,1.0,1.0,17,0.0,0.0
05::004547477373,1.0,1.0,1.0,17,0.0,0.0
05::004559317385,1.0,1.0,1.0,17,0.0,0.0
05::004559587385,1.0,1.0,1.0,17,0.0,0.0
05::004559607385,1.0,1.0,1.0,17,0.0,0.0
05::004585357429,1.0,1.0,1.0,17,0.0,0.0
05::004585387429,1.0,1.0,1.0,17,0.0,0.0
06::000472000106,1.0,1.0,0.0,17,0.0,-1.0
06::003409055245,1.0,1.0,1.0,17,0.0,0.0
06::003549545469,1.0,1.0,1.0,17,0.0,0.0
06::003549575469,1.0,1.0,1.0,17,0.0,0.0
06::003579375536,1.0,1.0,1.0,17,0.0,0.0
06::003582835545,1.0,1.0,1.0,17,0.0,0.0
06::003582845545,1.0,1.0,1.0,17,0.0,0.0
06::003682685784,1.0,1.0,1.0,17,0.0,0.0
06::003737195897,1.0,1.0,1.0,17,0.0,0.0
06::003772126011,1.0,1.0,1.0,17,0.0,0.0
06::003796316083,1.0,1.0,1.0,17,0.0,0.0
06::004421547170,1.0,1.0,1.0,17,0.0,0.0
07::000000109596,1.0,1.0,1.0,17,0.0,0.0
07::000002899596,1.0,1.0,1.0,17,0.0,0.0
07::000004349596,1.0,1.0,1.0,17,0.0,0.0
07::000005419596,1.0,1.0,1.0,17,0.0,0.0
07::000013350001,1.0,1.0,1.0,17,0.0,0.0
07::000013460001,1.0,1.0,1.0,17,0.0,0.0
07::000013640001,1.0,1.0,1.0,17,0.0,0.0
07::003735255892,1.0,1.0,1.0,17,0.0,0.0
07::004270366972,1.0,1.0,1.0,17,0.0,0.0
07::004536297356,1.0,1.0,1.0,17,0.0,0.0
08::000005919596,1.0,1.0,1.0,17,0.0,0.0
08::000026610001,1.0,1.0,1.0,17,0.0,0.0
08::000026630001,1.0,0.8,1.0,17,-0.19999999999999996,0.19999999999999996
08::000041839596,1.0,1.0,1.0,17,0.0,0.0
08::003384335218,1.0,1.0,1.0,17,0.0,0.0
08::003418245273,1.0,1.0,1.0,17,0.0,0.0
08::003467675331,1.0,1.0,0.0,17,0.0,-1.0
08::003629135658,1.0,1.0,1.0,17,0.0,0.0
08::003888196299,1.0,1.0,1.0,17,0.0,0.0
08::004653103557,1.0,0.0,0.0,17,-1.0,0.0
08::422344690608,1.0,1.0,1.0,17,0.0,0.0
09::000055399598,1.0,1.0,0.75,17,0.0,-0.25
09::003527275419,1.0,1.0,1.0,17,0.0,0.0
09::003527285419,1.0,1.0,1.0,17,0.0,0.0
09::003541345448,1.0,1.0,1.0,17,0.0,0.0
09::003541755448,1.0,1.0,1.0,17,0.0,0.0
09::003917956356,1.0,1.0,1.0,17,0.0,0.0
09::004094756723,1.0,1.0,1.0,17,0.0,0.0
09::004204106874,1.0,1.0,1.0,17,0.0,0.0
09::004503047286,1.0,1.0,1.0,17,0.0,0.0
10::003478665350,1.0,1.0,1.0,17,0.0,0.0
10::003953246451,1.0,1.0,1.0,17,0.0,0.0
10::003953306451,1.0,1.0,1.0,17,0.0,0.0
10::003953406451,1.0,1.0,1.0,17,0.0,0.0
10::004137456776,1.0,1.0,1.0,17,0.0,0.0
10::004203526872,1.0,1.0,1.0,17,0.0,0.0
10::004402197135,1.0,1.0,1.0,17,0.0,0.0
10::004402417135,1.0,1.0,1.0,17,0.0,0.0
11::000005949592,1.0,1.0,1.0,17,0.0,0.0
11::000017569594,1.0,1.0,1.0,17,0.0,0.0
11::000017959594,1.0,1.0,1.0,17,0.0,0.0
11::000018349594,1.0,1.0,1.0,17,0.0,0.0
11::003533865426,1.0,1.0,1.0,17,0.0,0.0
11::004203606872,1.0,1.0,1.0,17,0.0,0.0
11::004402337135,1.0,1.0,1.0,17,0.0,0.0
12::000020830001,0.75,0.5,0.5,17,-0.25,0.0
12::003623965643,1.0,1.0,1.0,17,0.0,0.0
12::003698325825,1.0,1.0,1.0,17,0.0,0.0
12::004566767394,1.0,1.0,1.0,17,0.0,0.0
13::003681515783,1.0,1.0,1.0,17,0.0,0.0
13::003681525783,1.0,1.0,1.0,17,0.0,0.0
13::003907226336,1.0,1.0,1.0,17,0.0,0.0
13::004284866993,1.0,1.0,1.0,17,0.0,0.0
14::000003219596,1.0,1.0,1.0,17,0.0,0.0
14::000006139596,0.0,1.0,0.0,17,1.0,-1.0
14::003404000114,1.0,1.0,1.0,17,0.0,0.0
14::004544527366,1.0,1.0,1.0,17,0.0,0.0
15::004204236874,1.0,1.0,1.0,17,0.0,0.0
15::004282166989,1.0,1.0,1.0,17,0.0,0.0
16::000004939594,1.0,1.0,1.0,17,0.0,0.0
16::000010519594,1.0,1.0,1.0,17,0.0,0.0
