fold,swap_type,donor_species_id,donor_group_id,count
1,cross_class,01,01::000000589598,20
1,cross_class,01,01::000002609598,11
1,cross_class,01,01::000002819598,1
1,cross_class,01,01::000004270001,3
1,cross_class,01,01::000004290001,4
1,cross_class,01,01::000004320001,5
1,cross_class,01,01::000004330001,7
1,cross_class,01,01::000004340001,8
1,cross_class,01,01::000004350001,10
1,cross_class,01,01::000004360001,7
1,cross_class,01,01::000004370001,3
1,cross_class,01,01::000004440001,8
1,cross_class,01,01::000004450001,1
1,cross_class,01,01::000004480001,4
1,cross_class,01,01::000004550001,3
1,cross_class,01,01::000004560001,11
1,cross_class,01,01::000004570001,4
1,cross_class,01,01::000004600001,39
1,cross_class,01,01::000004830001,5
1,cross_class,01,01::000004860001,2
1,cross_class,01,01::000004930001,9
1,cross_class,01,01::000005439598,2
1,cross_class,01,01::000006069598,1
1,cross_class,01,01::000006840001,1
1,cross_class,01,01::000006880001,3
1,cross_class,01,01::000006930001,1
1,cross_class,01,01::000006940001,5
1,cross_class,01,01::000007070001,2
1,cross_class,01,01::000007110001,15
1,cross_class,01,01::000007190001,2
1,cross_class,01,01::000007200001,6
1,cross_class,01,01::000007210001,16
1,cross_class,01,01::000007220001,9
1,cross_class,01,01::000007230001,1
1,cross_class,01,01::000007240001,14
1,cross_class,01,01::000007289598,15
1,cross_class,01,01::000007330001,6
1,cross_class,01,01::000007360001,6
1,cross_class,01,01::000007440001,10
1,cross_class,01,01::000007460001,4
1,cross_class,01,01::000010309598,41
1,cross_class,01,01::000011189598,3
1,cross_class,01,01::000011310001,4
1,cross_class,01,01::000011360001,2
1,cross_class,01,01::000012449597,1
1,cross_class,01,01::000013170001,1
1,cross_class,01,01::000013370001,1
1,cross_class,01,01::000013510001,6
1,cross_class,01,01::000013540001,2
1,cross_class,01,01::000013590001,1
1,cross_class,01,01::000013660001,4
1,cross_class,01,01::000013700001,4
1,cross_class,01,01::000013860001,2
1,cross_class,01,01::000015009597,1
1,cross_class,01,01::000015070001,6
1,cross_class,01,01::000015090001,2
1,cross_class,01,01::000015230001,2
1,cross_class,01,01::000017140001,1
1,cross_class,01,01::000017520001,3
1,cross_class,01,01::000017600001,2
1,cross_class,01,01::000017620001,5
1,cross_class,01,01::000017630001,4
1,cross_class,01,01::000017810001,2
1,cross_class,01,01::000017860001,2
1,cross_class,01,01::000017910001,5
1,cross_class,01,01::000017930001,3
1,cross_class,01,01::000017940001,3
1,cross_class,01,01::000017990001,5
1,cross_class,01,01::000018010001,7
1,cross_class,01,01::000019069598,4
1,cross_class,01,01::000019399597,3
1,cross_class,01,01::000021740001,3
1,cross_class,01,01::000021810001,2
1,cross_class,01,01::000021880001,1
1,cross_class,01,01::000021910001,2
1,cross_class,01,01::000021960001,2
1,cross_class,01,01::000021970001,3
1,cross_class,01,01::000022080001,13
1,cross_class,01,01::000022140001,6
1,cross_class,01,01::000023080001,2
1,cross_class,01,01::000023550001,3
1,cross_class,01,01::000023560001,1
1,cross_class,01,01::000023770001,1
1,cross_class,01,01::000024769597,13
1,cross_class,01,01::000025970001,6
1,cross_class,01,01::000026130001,6
1,cross_class,01,01::000026230001,3
1,cross_class,01,01::000026370001,7
1,cross_class,01,01::000026420001,5
1,cross_class,01,01::000026500001,6
1,cross_class,01,01::000026560001,4
1,cross_class,01,01::000026780001,9
1,cross_class,01,01::000026950001,3
1,cross_class,01,01::000027070001,12
1,cross_class,01,01::000027170001,2
1,cross_class,01,01::000027500001,23
1,cross_class,01,01::000027530001,1
1,cross_class,01,01::000028199596,1
1,cross_class,01,01::000030069597,1
1,cross_class,01,01::000030249598,3
1,cross_class,01,01::000031839596,2
1,cross_class,01,01::000033079597,2
1,cross_class,01,01::000033610001,2
1,cross_class,01,01::000033649598,7
1,cross_class,01,01::000034300001,2
1,cross_class,01,01::000034950001,2
1,cross_class,01,01::000035359598,10
1,cross_class,01,01::000035769598,14
1,cross_class,01,01::000036659598,13
1,cross_class,01,01::000039799598,2
1,cross_class,01,01::000041869596,2
1,cross_class,01,01::000042209596,2
1,cross_class,01,01::000043959598,13
1,cross_class,01,01::000052649598,7
1,cross_class,01,01::000056649596,2
1,cross_class,01,01::000057229596,2
1,cross_class,01,01::000060649598,22
1,cross_class,01,01::000067959598,10
1,cross_class,01,01::000076939598,5
1,cross_class,01,01::000077249598,3
1,cross_class,01,01::000078379598,1
1,cross_class,01,01::000079399598,4
1,cross_class,01,01::000084239598,3
1,cross_class,01,01::000084289598,7
1,cross_class,01,01::000099219598,11
1,cross_class,01,01::000100429598,2
1,cross_class,01,01::000100529598,1
1,cross_class,01,01::000102369598,35
1,cross_class,01,01::000103059598,6
1,cross_class,01,01::000104289598,1
1,cross_class,01,01::000104639598,3
1,cross_class,01,01::000104989598,18
1,cross_class,01,01::000109159598,30
1,cross_class,01,01::000109539598,5
1,cross_class,01,01::000110709598,2
1,cross_class,01,01::000111759598,3
1,cross_class,01,01::000113409598,2
1,cross_class,01,01::000113559598,15
1,cross_class,01,01::000119599598,1
1,cross_class,01,01::000125419598,11
1,cross_class,01,01::000126109598,3
1,cross_class,01,01::000127079598,31
1,cross_class,01,01::000137619598,1
1,cross_class,01,01::000138849598,1
1,cross_class,01,01::000144179598,13
1,cross_class,01,01::000147549598,4
1,cross_class,01,01::000155699598,1
1,cross_class,01,01::000156749598,3
1,cross_class,01,01::000159109598,1
1,cross_class,01,01::000159199598,10
1,cross_class,01,01::000168219598,21
1,cross_class,01,01::000170209598,5
1,cross_class,01,01::000172749598,10
1,cross_class,01,01::000176579598,4
1,cross_class,01,01::000717000101,3
1,cross_class,01,01::001371000101,4
1,cross_class,01,01::002382000101,3
1,cross_class,01,01::002603000101,1
1,cross_class,01,01::003379675208,3
1,cross_class,01,01::003379685208,4
1,cross_class,01,01::003379835208,1
1,cross_class,01,01::003381525211,1
1,cross_class,01,01::003384235218,1
1,cross_class,01,01::003387715222,1
1,cross_class,01,01::003387725222,1
1,cross_class,01,01::003387815222,2
1,cross_class,01,01::003387825222,1
1,cross_class,01,01::003391425225,1
1,cross_class,01,01::003391715225,2
1,cross_class,01,01::003397305231,2
1,cross_class,01,01::003397465231,1
1,cross_class,01,01::003397475231,2
1,cross_class,01,01::003397605231,2
1,cross_class,01,01::003397655231,1
1,cross_class,01,01::003397705231,1
1,cross_class,01,01::003398345233,1
1,cross_class,01,01::003398395232,2
1,cross_class,01,01::003398665233,2
1,cross_class,01,01::003398895232,2
1,cross_class,01,01::003398965233,1
1,cross_class,01,01::003405825240,2
1,cross_class,01,01::003406015240,1
1,cross_class,01,01::003406315240,1
1,cross_class,01,01::003406365240,5
1,cross_class,01,01::003408825244,1
1,cross_class,01,01::003411735250,2
1,cross_class,01,01::003416895270,3
1,cross_class,01,01::003419275275,1
1,cross_class,01,01::003419335275,3
1,cross_class,01,01::003419615275,1
1,cross_class,01,01::003419715275,1
1,cross_class,01,01::003421065277,1
1,cross_class,01,01::003421265277,1
1,cross_class,01,01::003421605277,1
1,cross_class,01,01::003422035277,1
1,cross_class,01,01::003425425286,1
1,cross_class,01,01::003425515286,1
1,cross_class,01,01::003425575286,1
1,cross_class,01,01::003425615286,1
1,cross_class,01,01::003425765286,3
1,cross_class,01,01::003425845286,3
1,cross_class,01,01::003426125286,1
1,cross_class,01,01::003426215286,3
1,cross_class,01,01::003426385286,2
1,cross_class,01,01::003426495286,3
1,cross_class,01,01::003426535286,2
1,cross_class,01,01::003426585286,4
1,cross_class,01,01::003429965290,1
1,cross_class,01,01::003430115290,2
1,cross_class,01,01::003430265290,5
1,cross_class,01,01::003430475290,4
1,cross_class,01,01::003433065293,1
1,cross_class,01,01::003433525293,2
1,cross_class,01,01::003433555293,2
1,cross_class,01,01::003433605293,4
1,cross_class,01,01::003433655293,3
1,cross_class,01,01::003433675293,3
1,cross_class,01,01::003433705293,2
1,cross_class,01,01::003433745293,2
1,cross_class,01,01::003433885293,1
1,cross_class,01,01::003433935293,1
1,cross_class,01,01::003434025293,5
1,cross_class,01,01::003434335293,2
1,cross_class,01,01::003434495293,1
1,cross_class,01,01::003442255300,1
1,cross_class,01,01::003442385300,2
1,cross_class,01,01::003445685304,1
1,cross_class,01,01::003446215305,5
1,cross_class,01,01::003446555306,2
1,cross_class,01,01::003446565306,1
1,cross_class,01,01::003446585305,3
1,cross_class,01,01::003446715305,7
1,cross_class,01,01::003446985306,3
1,cross_class,01,01::003447085306,1
1,cross_class,01,01::003447115306,1
1,cross_class,01,01::003447475306,2
1,cross_class,01,01::003447715306,1
1,cross_class,01,01::003452915308,1
1,cross_class,01,01::003452935308,1
1,cross_class,01,01::003453405308,1
1,cross_class,01,01::003453735309,1
1,cross_class,01,01::003453895309,2
1,cross_class,01,01::003455745311,2
1,cross_class,01,01::003456125311,1
1,cross_class,01,01::003456225311,1
1,cross_class,01,01::003459125316,3
1,cross_class,01,01::003467415331,3
1,cross_class,01,01::003469375335,1
1,cross_class,01,01::003473565342,1
1,cross_class,01,01::003473595342,12
1,cross_class,01,01::003473605342,2
1,cross_class,01,01::003473835342,1
1,cross_class,01,01::003474135342,1
1,cross_class,01,01::003474535342,4
1,cross_class,01,01::003474555342,2
1,cross_class,01,01::003480335354,1
1,cross_class,01,01::003480575354,1
1,cross_class,01,01::003480795354,1
1,cross_class,01,01::003486235364,1
1,cross_class,01,01::003486395364,1
1,cross_class,01,01::003486905364,2
1,cross_class,01,01::003489625366,2
1,cross_class,01,01::003489695366,2
1,cross_class,01,01::003489715366,1
1,cross_class,01,01::003489775366,2
1,cross_class,01,01::003489795366,1
1,cross_class,01,01::003489845366,3
1,cross_class,01,01::003489895366,2
1,cross_class,01,01::003490025366,9
1,cross_class,01,01::003490415366,3
1,cross_class,01,01::003490435366,3
1,cross_class,01,01::003490545366,4
1,cross_class,01,01::003490695366,2
1,cross_class,01,01::003490735366,1
1,cross_class,01,01::003490745366,1
1,cross_class,01,01::003490845366,2
1,cross_class,01,01::003493535369,3
1,cross_class,01,01::003493555369,4
1,cross_class,01,01::003493585369,1
1,cross_class,01,01::003493735369,1
1,cross_class,01,01::003493985369,2
1,cross_class,01,01::003494875372,1
1,cross_class,01,01::003495095372,10
1,cross_class,01,01::003495825372,5
1,cross_class,01,01::003496015372,1
1,cross_class,01,01::003497025374,3
1,cross_class,01,01::003497135374,1
1,cross_class,01,01::003497385374,3
1,cross_class,01,01::003497465374,1
1,cross_class,01,01::003497775374,11
1,cross_class,01,01::003497845374,1
1,cross_class,01,01::003497875374,4
1,cross_class,01,01::003497885374,1
1,cross_class,01,01::003497975374,5
1,cross_class,01,01::003500805378,4
1,cross_class,01,01::003500895378,2
1,cross_class,01,01::003501035378,1
1,cross_class,01,01::003501185378,1
1,cross_class,01,01::003501335378,1
1,cross_class,01,01::003501425378,4
1,cross_class,01,01::003501455378,2
1,cross_class,01,01::003501535378,5
1,cross_class,01,01::003501745379,5
1,cross_class,01,01::003501805379,2
1,cross_class,01,01::003506000101,4
1,cross_class,01,01::003506505386,2
1,cross_class,01,01::003506685386,2
1,cross_class,01,01::003506715386,7
1,cross_class,01,01::003506845386,1
1,cross_class,01,01::003508765390,1
1,cross_class,01,01::003512355409,1
1,cross_class,01,01::003515535414,1
1,cross_class,01,01::003517165415,1
1,cross_class,01,01::003517195415,1
1,cross_class,01,01::003517295415,1
1,cross_class,01,01::003523205417,2
1,cross_class,01,01::003523715417,1
1,cross_class,01,01::003524005417,1
1,cross_class,01,01::003524695417,9
1,cross_class,01,01::003525555417,1
1,cross_class,01,01::003525895417,8
1,cross_class,01,01::003527075419,2
1,cross_class,01,01::003535205429,4
1,cross_class,01,01::003535215429,1
1,cross_class,01,01::003535385429,2
1,cross_class,01,01::003535415429,1
1,cross_class,01,01::003535425429,3
1,cross_class,01,01::003535675429,1
1,cross_class,01,01::003535725429,5
1,cross_class,01,01::003540155442,1
1,cross_class,01,01::003540545442,7
1,cross_class,01,01::003541385448,1
1,cross_class,01,01::003549825470,1
1,cross_class,01,01::003549845470,1
1,cross_class,01,01::003549885470,1
1,cross_class,01,01::003549935470,1
1,cross_class,01,01::003550205470,2
1,cross_class,01,01::003550245470,1
1,cross_class,01,01::003550265470,3
1,cross_class,01,01::003550455470,2
1,cross_class,01,01::003552555472,5
1,cross_class,01,01::003552605472,1
1,cross_class,01,01::003554115478,1
1,cross_class,01,01::003554315478,1
1,cross_class,01,01::003554915481,2
1,cross_class,01,01::003556405482,1
1,cross_class,01,01::003556485482,2
1,cross_class,01,01::003556505482,2
1,cross_class,01,01::003556565482,1
1,cross_class,01,01::003557285482,2
1,cross_class,01,01::003558715487,2
1,cross_class,01,01::003559005487,4
1,cross_class,01,01::003563415500,1
1,cross_class,01,01::003568685517,1
1,cross_class,01,01::003571585521,2
1,cross_class,01,01::003576935534,1
1,cross_class,01,01::003576975534,1
1,cross_class,01,01::003586365569,4
1,cross_class,01,01::003586385569,2
1,cross_class,01,01::003586985569,1
1,cross_class,01,01::003589295582,1
1,cross_class,01,01::003590545585,2
1,cross_class,01,01::003590615585,1
1,cross_class,01,01::003591165585,3
1,cross_class,01,01::003591295585,5
1,cross_class,01,01::003591345585,2
1,cross_class,01,01::003609825618,1
1,cross_class,01,01::003609925618,2
1,cross_class,01,01::003615025628,1
1,cross_class,01,01::003615035628,2
1,cross_class,01,01::003616625630,1
1,cross_class,01,01::003620765640,1
1,cross_class,01,01::003620785640,2
1,cross_class,01,01::003629525658,5
1,cross_class,01,01::003633295671,5
1,cross_class,01,01::003633635671,2
1,cross_class,01,01::003641975707,1
1,cross_class,01,01::003642055707,1
1,cross_class,01,01::003645335716,1
1,cross_class,01,01::003645395716,1
1,cross_class,01,01::003645435716,1
1,cross_class,01,01::003645645716,1
1,cross_class,01,01::003645665716,1
1,cross_class,01,01::003645705716,2
1,cross_class,01,01::003645755716,3
1,cross_class,01,01::003646015716,2
1,cross_class,01,01::003646405718,1
1,cross_class,01,01::003651565728,2
1,cross_class,01,01::003651865728,2
1,cross_class,01,01::003651995728,1
1,cross_class,01,01::003657255751,1
1,cross_class,01,01::003657955752,9
1,cross_class,01,01::003658075752,4
1,cross_class,01,01::003658135752,2
1,cross_class,01,01::003658185752,1
1,cross_class,01,01::003658215752,1
1,cross_class,01,01::003658315752,1
1,cross_class,01,01::003658395752,1
1,cross_class,01,01::003658445752,9
1,cross_class,01,01::003658495752,1
1,cross_class,01,01::003658515752,2
1,cross_class,01,01::003658715752,7
1,cross_class,01,01::003658895754,1
1,cross_class,01,01::003658945754,3
1,cross_class,01,01::003665105765,1
1,cross_class,01,01::003665405765,1
1,cross_class,01,01::003678335781,2
1,cross_class,01,01::003683155784,1
1,cross_class,01,01::003683445784,1
1,cross_class,01,01::003689785794,1
1,cross_class,01,01::003689815794,3
1,cross_class,01,01::003689895794,1
1,cross_class,01,01::003690155794,3
1,cross_class,01,01::003690385794,2
1,cross_class,01,01::003690405794,3
1,cross_class,01,01::003692095800,1
1,cross_class,01,01::003693955805,4
1,cross_class,01,01::003694405805,4
1,cross_class,01,01::003694415805,1
1,cross_class,01,01::003695735806,1
1,cross_class,01,01::003698345825,2
1,cross_class,01,01::003698535825,1
1,cross_class,01,01::003698795825,1
1,cross_class,01,01::003700895834,1
1,cross_class,01,01::003701015833,1
1,cross_class,01,01::003701425834,1
1,cross_class,01,01::003701445833,3
1,cross_class,01,01::003701565833,1
1,cross_class,01,01::003701615833,2
1,cross_class,01,01::003707215844,1
1,cross_class,01,01::003710245846,5
1,cross_class,01,01::003713445850,5
1,cross_class,01,01::003713515850,1
1,cross_class,01,01::003713665850,2
1,cross_class,01,01::003715135857,2
1,cross_class,01,01::003715405857,1
1,cross_class,01,01::003715465857,1
1,cross_class,01,01::003717305859,1
1,cross_class,01,01::003717395859,2
1,cross_class,01,01::003717545859,1
1,cross_class,01,01::003717695859,2
1,cross_class,01,01::003730435880,1
1,cross_class,01,01::003730665880,1
1,cross_class,01,01::003730775880,3
1,cross_class,01,01::003735585894,2
1,cross_class,01,01::003735695894,2
1,cross_class,01,01::003736075894,2
1,cross_class,01,01::003737175897,3
1,cross_class,01,01::003737215897,2
1,cross_class,01,01::003738595907,1
1,cross_class,01,01::003739385908,1
1,cross_class,01,01::003741075914,2
1,cross_class,01,01::003745565931,1
1,cross_class,01,01::003747785940,1
1,cross_class,01,01::003751715959,1
1,cross_class,01,01::003755835976,2
1,cross_class,01,01::003756185976,2
1,cross_class,01,01::003762595989,1
1,cross_class,01,01::003764575997,2
1,cross_class,01,01::003766355999,1
1,cross_class,01,01::003767946001,2
1,cross_class,01,01::003768016001,1
1,cross_class,01,01::003770806009,1
1,cross_class,01,01::003776586025,1
1,cross_class,01,01::003778806033,1
1,cross_class,01,01::003778826033,1
1,cross_class,01,01::003778926033,1
1,cross_class,01,01::003779036033,1
1,cross_class,01,01::003779086033,2
1,cross_class,01,01::003780546038,1
1,cross_class,01,01::003780656038,1
1,cross_class,01,01::003780766038,4
1,cross_class,01,01::003780796038,2
1,cross_class,01,01::003780826038,1
1,cross_class,01,01::003780946038,3
1,cross_class,01,01::003780956038,1
1,cross_class,01,01::003789466070,1
1,cross_class,01,01::003790926075,2
1,cross_class,01,01::003791286075,1
1,cross_class,01,01::003791366075,2
1,cross_class,01,01::003791846075,6
1,cross_class,01,01::003791866075,2
1,cross_class,01,01::003791896075,4
1,cross_class,01,01::003793056077,1
1,cross_class,01,01::003796626085,9
1,cross_class,01,01::003796636085,1
1,cross_class,01,01::003796836085,3
1,cross_class,01,01::003796926085,1
1,cross_class,01,01::003800436101,2
1,cross_class,01,01::003800796101,1
1,cross_class,01,01::003801276101,2
1,cross_class,01,01::003802496103,1
1,cross_class,01,01::003803606104,1
1,cross_class,01,01::003805156105,2
1,cross_class,01,01::003805806105,1
1,cross_class,01,01::003809766114,2
1,cross_class,01,01::003812836120,1
1,cross_class,01,01::003813286120,1
1,cross_class,01,01::003814076124,4
1,cross_class,01,01::003814506124,2
1,cross_class,01,01::003814566124,2
1,cross_class,01,01::003814736124,5
1,cross_class,01,01::003814766124,1
1,cross_class,01,01::003814966124,1
1,cross_class,01,01::003815176124,2
1,cross_class,01,01::003815196124,2
1,cross_class,01,01::003815366124,3
1,cross_class,01,01::003815446124,1
1,cross_class,01,01::003816976126,1
1,cross_class,01,01::003817206126,1
1,cross_class,01,01::003817226126,1
1,cross_class,01,01::003819426127,11
1,cross_class,01,01::003819526127,4
1,cross_class,01,01::003819806127,3
1,cross_class,01,01::003819946127,3
1,cross_class,01,01::003820006127,4
1,cross_class,01,01::003821486134,1
1,cross_class,01,01::003825916156,2
1,cross_class,01,01::003832756168,2
1,cross_class,01,01::003833216168,3
1,cross_class,01,01::003833436168,1
1,cross_class,01,01::003837156178,1
1,cross_class,01,01::003837186178,1
1,cross_class,01,01::003837436178,1
1,cross_class,01,01::003838236180,10
1,cross_class,01,01::003838376180,1
1,cross_class,01,01::003838456180,1
1,cross_class,01,01::003839366184,1
1,cross_class,01,01::003839536184,2
1,cross_class,01,01::003839736184,1
1,cross_class,01,01::003841016187,2
1,cross_class,01,01::003843416191,1
1,cross_class,01,01::003843426191,2
1,cross_class,01,01::003843576191,2
1,cross_class,01,01::003849026201,1
1,cross_class,01,01::003849106201,2
1,cross_class,01,01::003849116201,3
1,cross_class,01,01::003850236208,1
1,cross_class,01,01::003850276208,1
1,cross_class,01,01::003854766222,1
1,cross_class,01,01::003856636226,2
1,cross_class,01,01::003856736226,6
1,cross_class,01,01::003861276228,1
1,cross_class,01,01::003871446248,2
1,cross_class,01,01::003871646248,3
1,cross_class,01,01::003873876251,1
1,cross_class,01,01::003876556270,5
1,cross_class,01,01::003878836276,3
1,cross_class,01,01::003879096276,1
1,cross_class,01,01::003881596285,2
1,cross_class,01,01::003883296287,4
1,cross_class,01,01::003883486287,1
1,cross_class,01,01::003886316294,1
1,cross_class,01,01::003888036299,1
1,cross_class,01,01::003892026306,3
1,cross_class,01,01::003892086306,1
1,cross_class,01,01::003892276306,5
1,cross_class,01,01::003904366330,2
1,cross_class,01,01::003906766336,1
1,cross_class,01,01::003909906343,1
1,cross_class,01,01::003910036343,1
1,cross_class,01,01::003910286343,1
1,cross_class,01,01::003910786343,1
1,cross_class,01,01::003910856343,1
1,cross_class,01,01::003915936353,2
1,cross_class,01,01::003919216359,1
1,cross_class,01,01::003920856366,1
1,cross_class,01,01::003921476366,1
1,cross_class,01,01::003931736398,3
1,cross_class,01,01::003933216402,1
1,cross_class,01,01::003933296402,1
1,cross_class,01,01::003933316402,5
1,cross_class,01,01::003933876405,1
1,cross_class,01,01::003935246408,2
1,cross_class,01,01::003937276412,2
1,cross_class,01,01::003940036416,2
1,cross_class,01,01::003940096416,6
1,cross_class,01,01::003940106416,2
1,cross_class,01,01::003940186416,1
1,cross_class,01,01::003940426416,1
1,cross_class,01,01::003940486416,6
1,cross_class,01,01::003940506416,1
1,cross_class,01,01::003942036420,1
1,cross_class,01,01::003943426429,1
1,cross_class,01,01::003943546429,2
1,cross_class,01,01::003944016429,3
1,cross_class,01,01::003944096429,1
1,cross_class,01,01::003944136429,3
1,cross_class,01,01::003946496435,1
1,cross_class,01,01::003946596435,2
1,cross_class,01,01::003948526438,3
1,cross_class,01,01::003949476445,2
1,cross_class,01,01::003955496462,1
1,cross_class,01,01::003956506464,1
1,cross_class,01,01::003961116475,3
1,cross_class,01,01::003961176475,1
1,cross_class,01,01::003961386475,1
1,cross_class,01,01::003961496475,1
1,cross_class,01,01::003961566475,1
1,cross_class,01,01::003961836475,1
1,cross_class,01,01::003962256475,2
1,cross_class,01,01::003967956494,1
1,cross_class,01,01::004079026695,1
1,cross_class,01,01::004085766713,1
1,cross_class,01,01::004085956713,1
1,cross_class,01,01::004089466717,1
1,cross_class,01,01::004089516717,1
1,cross_class,01,01::004093156722,1
1,cross_class,01,01::004093286723,2
1,cross_class,01,01::004093496722,3
1,cross_class,01,01::004093816722,2
1,cross_class,01,01::004094416724,3
1,cross_class,01,01::004094576724,2
1,cross_class,01,01::004094656724,1
1,cross_class,01,01::004095076724,2
1,cross_class,01,01::004095326724,2
1,cross_class,01,01::004095546724,1
1,cross_class,01,01::004095936724,4
1,cross_class,01,01::004095976724,2
1,cross_class,01,01::004096046724,5
1,cross_class,01,01::004096226724,1
1,cross_class,01,01::004096496724,1
1,cross_class,01,01::004096986724,1
1,cross_class,01,01::004099316725,2
1,cross_class,01,01::004099516726,3
1,cross_class,01,01::004099606726,1
1,cross_class,01,01::004099886725,1
1,cross_class,01,01::004099956725,2
1,cross_class,01,01::004100146726,1
1,cross_class,01,01::004100166725,3
1,cross_class,01,01::004100576725,1
1,cross_class,01,01::004100616726,1
1,cross_class,01,01::004100816726,1
1,cross_class,01,01::004100946725,1
1,cross_class,01,01::004100966726,1
1,cross_class,01,01::004101286725,1
1,cross_class,01,01::004105656731,1
1,cross_class,01,01::004105786731,2
1,cross_class,01,01::004113766745,1
1,cross_class,01,01::004116246748,1
1,cross_class,01,01::004116876748,1
1,cross_class,01,01::004117016748,2
1,cross_class,01,01::004120696751,3
1,cross_class,01,01::004120816751,1
1,cross_class,01,01::004121126751,2
1,cross_class,01,01::004125886756,1
1,cross_class,01,01::004125986756,2
1,cross_class,01,01::004126146756,1
1,cross_class,01,01::004126176756,14
1,cross_class,01,01::004126226756,2
1,cross_class,01,01::004126286756,2
1,cross_class,01,01::004126356756,1
1,cross_class,01,01::004126366756,2
1,cross_class,01,01::004126526756,3
1,cross_class,01,01::004126676756,6
1,cross_class,01,01::004126906756,3
1,cross_class,01,01::004126996756,1
1,cross_class,01,01::004127086756,4
1,cross_class,01,01::004127126756,3
1,cross_class,01,01::004127206756,3
1,cross_class,01,01::004127306756,3
1,cross_class,01,01::004131856766,4
1,cross_class,01,01::004133516771,2
1,cross_class,01,01::004133526771,2
1,cross_class,01,01::004133546771,5
1,cross_class,01,01::004133636772,7
1,cross_class,01,01::004133796771,5
1,cross_class,01,01::004134116771,3
1,cross_class,01,01::004135906775,1
1,cross_class,01,01::004136156774,1
1,cross_class,01,01::004138396778,1
1,cross_class,01,01::004147446796,1
1,cross_class,01,01::004154876805,3
1,cross_class,01,01::004156436808,1
1,cross_class,01,01::004156606808,1
1,cross_class,01,01::004160486811,1
1,cross_class,01,01::004172676828,6
1,cross_class,01,01::004175556832,1
1,cross_class,01,01::004176536832,2
1,cross_class,01,01::004176556832,2
1,cross_class,01,01::004176586832,1
1,cross_class,01,01::004176926832,3
1,cross_class,01,01::004183706840,5
1,cross_class,01,01::004185946842,1
1,cross_class,01,01::004185956842,3
1,cross_class,01,01::004185996842,1
1,cross_class,01,01::004186266842,6
1,cross_class,01,01::004192626854,2
1,cross_class,01,01::004192716854,3
1,cross_class,01,01::004192726854,7
1,cross_class,01,01::004192996854,1
1,cross_class,01,01::004195816859,2
1,cross_class,01,01::004196096859,1
1,cross_class,01,01::004200506866,2
1,cross_class,01,01::004205456877,1
1,cross_class,01,01::004210626888,1
1,cross_class,01,01::004210986888,4
1,cross_class,01,01::004211116888,3
1,cross_class,01,01::004211256888,1
1,cross_class,01,01::004211546888,1
1,cross_class,01,01::004211586888,3
1,cross_class,01,01::004221616904,1
1,cross_class,01,01::004222456906,1
1,cross_class,01,01::004227736913,1
1,cross_class,01,01::004228196913,2
1,cross_class,01,01::004230666916,2
1,cross_class,01,01::004230936916,3
1,cross_class,01,01::004232006918,2
1,cross_class,01,01::004236286931,2
1,cross_class,01,01::004244526944,2
1,cross_class,01,01::004245076944,1
1,cross_class,01,01::004245126944,3
1,cross_class,01,01::004247406949,1
1,cross_class,01,01::004260016960,3
1,cross_class,01,01::004260076960,2
1,cross_class,01,01::004260246960,2
1,cross_class,01,01::004260296960,2
1,cross_class,01,01::004260516960,4
1,cross_class,01,01::004260786960,1
1,cross_class,01,01::004262636961,1
1,cross_class,01,01::004262866964,2
1,cross_class,01,01::004264436965,1
1,cross_class,01,01::004264646967,1
1,cross_class,01,01::004265136967,1
1,cross_class,01,01::004273456975,1
1,cross_class,01,01::004286447003,1
1,cross_class,01,01::004286557003,2
1,cross_class,01,01::004287067003,1
1,cross_class,01,01::004287117004,2
1,cross_class,01,01::004287667004,2
1,cross_class,01,01::004295687022,3
1,cross_class,01,01::004296087022,2
1,cross_class,01,01::004296127022,3
1,cross_class,01,01::004296147022,1
1,cross_class,01,01::004296227022,7
1,cross_class,01,01::004300037030,1
1,cross_class,01,01::004300047030,1
1,cross_class,01,01::004300207030,1
1,cross_class,01,01::004300227030,1
1,cross_class,01,01::004311967037,1
1,cross_class,01,01::004312017037,1
1,cross_class,01,01::004313727038,1
1,cross_class,01,01::004328447042,2
1,cross_class,01,01::004330027042,1
1,cross_class,01,01::004334227049,2
1,cross_class,01,01::004334317049,2
1,cross_class,01,01::004334427049,2
1,cross_class,01,01::004334687049,2
1,cross_class,01,01::004334837049,2
1,cross_class,01,01::004342697065,1
1,cross_class,01,01::004342787065,1
1,cross_class,01,01::004342807065,1
1,cross_class,01,01::004343007065,2
1,cross_class,01,01::004347307076,2
1,cross_class,01,01::004347557076,2
1,cross_class,01,01::004347567078,3
1,cross_class,01,01::004347867078,1
1,cross_class,01,01::004348697078,2
1,cross_class,01,01::004349027078,1
1,cross_class,01,01::004355167091,2
1,cross_class,01,01::004358907102,3
1,cross_class,01,01::004359087102,5
1,cross_class,01,01::004359207102,1
1,cross_class,01,01::004361107106,1
1,cross_class,01,01::004373387108,2
1,cross_class,01,01::004373477108,1
1,cross_class,01,01::004373607108,3
1,cross_class,01,01::004376997110,2
1,cross_class,01,01::004379817113,1
1,cross_class,01,01::004379847113,1
1,cross_class,01,01::004380057113,1
1,cross_class,01,01::004380187113,3
1,cross_class,01,01::004414157149,1
1,cross_class,01,01::004414277149,2
1,cross_class,01,01::004418577160,1
1,cross_class,01,01::004419347161,2
1,cross_class,01,01::004426327184,1
1,cross_class,01,01::004428627188,3
1,cross_class,01,01::004428667188,2
1,cross_class,01,01::004428697188,1
1,cross_class,01,01::004428757188,1
1,cross_class,01,01::004428927188,2
1,cross_class,01,01::004429237188,3
1,cross_class,01,01::004433447191,1
1,cross_class,01,01::004436897192,2
1,cross_class,01,01::004437347192,1
1,cross_class,01,01::004439877195,1
1,cross_class,01,01::004455597220,2
1,cross_class,01,01::004457977223,2
1,cross_class,01,01::004461117244,1
1,cross_class,01,01::004461177244,2
1,cross_class,01,01::004461337244,7
1,cross_class,01,01::004461577244,1
1,cross_class,01,01::004461777244,9
1,cross_class,01,01::004461787244,2
1,cross_class,01,01::004464997252,1
1,cross_class,01,01::004465087252,1
1,cross_class,01,01::004465327252,2
1,cross_class,01,01::004474927254,1
1,cross_class,01,01::004474967255,1
1,cross_class,01,01::004474977255,1
1,cross_class,01,01::004475057254,5
1,cross_class,01,01::004475427254,2
1,cross_class,01,01::004497017273,3
1,cross_class,01,01::004497127273,1
1,cross_class,01,01::004497147273,3
1,cross_class,01,01::004497787273,2
1,cross_class,01,01::004501957285,2
1,cross_class,01,01::004502877286,1
1,cross_class,01,01::004503257286,2
1,cross_class,01,01::004511377300,1
1,cross_class,01,01::004511957302,1
1,cross_class,01,01::004521337324,2
1,cross_class,01,01::004521537324,1
1,cross_class,01,01::004521627324,6
1,cross_class,01,01::004521657324,2
1,cross_class,01,01::004521937325,4
1,cross_class,01,01::004527147339,1
1,cross_class,01,01::004536107356,2
1,cross_class,01,01::004536797356,1
1,cross_class,01,01::004539587360,1
1,cross_class,01,01::004539877360,1
1,cross_class,01,01::004540147360,3
1,cross_class,01,01::004540457360,1
1,cross_class,01,01::004540627360,1
1,cross_class,01,01::004540647360,1
1,cross_class,01,01::004540747360,1
1,cross_class,01,01::004540777360,2
1,cross_class,01,01::004543457366,2
1,cross_class,01,01::004544007366,2
1,cross_class,01,01::004544117366,3
1,cross_class,01,01::004548387375,1
1,cross_class,01,01::004548407375,3
1,cross_class,01,01::004548507375,2
1,cross_class,01,01::004548657375,5
1,cross_class,01,01::004548767375,2
1,cross_class,01,01::004557417383,1
1,cross_class,01,01::004559847386,1
1,cross_class,01,01::004563087390,2
1,cross_class,01,01::004564197391,2
1,cross_class,01,01::004568317401,2
1,cross_class,01,01::004568867401,2
1,cross_class,01,01::004568897401,4
1,cross_class,01,01::004569167401,3
1,cross_class,01,01::004569197401,1
1,cross_class,01,01::004571787407,3
1,cross_class,01,01::004573377411,1
1,cross_class,01,01::004573457411,1
1,cross_class,01,01::004590717446,1
1,cross_class,01,01::004598287455,2
1,cross_class,01,01::004598537455,2
1,cross_class,01,01::004600207455,3
1,cross_class,01,01::004601257455,1
1,cross_class,01,01::004653133557,3
1,cross_class,01,01::004664493562,1
1,cross_class,01,01::004707163564,1
1,cross_class,01,01::004707183564,2
1,cross_class,01,01::004713633565,1
1,cross_class,01,01::004718573566,2
1,cross_class,01,01::339942523201,2
1,cross_class,01,01::408616671301,1
1,cross_class,01,01::434858707801,2
1,cross_class,02,02::000005569596,6
1,cross_class,02,02::000007609596,6
1,cross_class,02,02::000010429596,5
1,cross_class,02,02::000012689596,25
1,cross_class,02,02::000013330001,5
1,cross_class,02,02::000025549596,7
1,cross_class,02,02::000025779596,7
1,cross_class,02,02::000026200001,3
1,cross_class,02,02::000026720001,15
1,cross_class,02,02::000026740001,6
1,cross_class,02,02::000027350001,1
1,cross_class,02,02::000043109596,2
1,cross_class,02,02::000047469596,4
1,cross_class,02,02::000049479596,17
1,cross_class,02,02::000051759596,8
1,cross_class,02,02::000061829596,16
1,cross_class,02,02::000064269596,2
1,cross_class,02,02::000064449596,2
1,cross_class,02,02::000066209596,19
1,cross_class,02,02::000071319596,8
1,cross_class,02,02::000071819596,8
1,cross_class,02,02::000072589596,9
1,cross_class,02,02::003364000102,1
1,cross_class,02,02::003381725211,3
1,cross_class,02,02::003384225218,2
1,cross_class,02,02::003384545218,1
1,cross_class,02,02::003397185231,3
1,cross_class,02,02::003398015232,4
1,cross_class,02,02::003398905232,2
1,cross_class,02,02::003398935232,5
1,cross_class,02,02::003398995232,4
1,cross_class,02,02::003399965232,1
1,cross_class,02,02::003431105291,9
1,cross_class,02,02::003431135291,4
1,cross_class,02,02::003431345291,2
1,cross_class,02,02::003432315292,4
1,cross_class,02,02::003444285304,1
1,cross_class,02,02::003446905305,5
1,cross_class,02,02::003446995305,10
1,cross_class,02,02::003447505305,4
1,cross_class,02,02::003447595305,3
1,cross_class,02,02::003448105305,3
1,cross_class,02,02::003453295308,3
1,cross_class,02,02::003459535316,1
1,cross_class,02,02::003461995325,1
1,cross_class,02,02::003462005325,4
1,cross_class,02,02::003462055325,6
1,cross_class,02,02::003462155325,6
1,cross_class,02,02::003462505325,2
1,cross_class,02,02::003462635325,3
1,cross_class,02,02::003470775337,5
1,cross_class,02,02::003470805337,7
1,cross_class,02,02::003470865337,2
1,cross_class,02,02::003471975339,1
1,cross_class,02,02::003474325342,3
1,cross_class,02,02::003483575358,3
1,cross_class,02,02::003486175364,3
1,cross_class,02,02::003486185364,1
1,cross_class,02,02::003494825372,8
1,cross_class,02,02::003494845372,2
1,cross_class,02,02::003505375383,5
1,cross_class,02,02::003509785395,2
1,cross_class,02,02::003515985415,1
1,cross_class,02,02::003517495415,3
1,cross_class,02,02::003517525415,1
1,cross_class,02,02::003523605417,3
1,cross_class,02,02::003524475417,3
1,cross_class,02,02::003525715417,2
1,cross_class,02,02::003525875417,4
1,cross_class,02,02::003526245419,1
1,cross_class,02,02::003527625419,3
1,cross_class,02,02::003527835419,2
1,cross_class,02,02::003527905419,2
1,cross_class,02,02::003537135434,1
1,cross_class,02,02::003537165434,2
1,cross_class,02,02::003537495434,1
1,cross_class,02,02::003541815448,2
1,cross_class,02,02::003541965448,1
1,cross_class,02,02::003542065448,13
1,cross_class,02,02::003542245448,22
1,cross_class,02,02::003542265448,3
1,cross_class,02,02::003542295448,4
1,cross_class,02,02::003547525460,2
1,cross_class,02,02::003549085463,3
1,cross_class,02,02::003568255517,2
1,cross_class,02,02::003568305517,2
1,cross_class,02,02::003568315517,2
1,cross_class,02,02::003577355534,2
1,cross_class,02,02::003582735544,4
1,cross_class,02,02::003586825569,1
1,cross_class,02,02::003586865569,1
1,cross_class,02,02::003602485602,2
1,cross_class,02,02::003617615632,1
1,cross_class,02,02::003617775632,2
1,cross_class,02,02::003618065632,3
1,cross_class,02,02::003618095632,4
1,cross_class,02,02::003618435632,1
1,cross_class,02,02::003620375639,1
1,cross_class,02,02::003641825707,3
1,cross_class,02,02::003642275707,1
1,cross_class,02,02::003651295728,2
1,cross_class,02,02::003651505728,2
1,cross_class,02,02::003651605728,1
1,cross_class,02,02::003673885773,2
1,cross_class,02,02::003673965773,1
1,cross_class,02,02::003674065773,7
1,cross_class,02,02::003674785773,3
1,cross_class,02,02::003679945782,3
1,cross_class,02,02::003680765782,1
1,cross_class,02,02::003705715838,2
1,cross_class,02,02::003705775838,1
1,cross_class,02,02::003705925838,4
1,cross_class,02,02::003706475838,4
1,cross_class,02,02::003708405845,3
1,cross_class,02,02::003708665845,3
1,cross_class,02,02::003708755845,4
1,cross_class,02,02::003708785845,1
1,cross_class,02,02::003709045845,3
1,cross_class,02,02::003709265845,4
1,cross_class,02,02::003709305845,4
1,cross_class,02,02::003709355845,12
1,cross_class,02,02::003714725855,6
1,cross_class,02,02::003714935855,4
1,cross_class,02,02::003717285859,2
1,cross_class,02,02::003717845859,2
1,cross_class,02,02::003717985859,2
1,cross_class,02,02::003722155870,1
1,cross_class,02,02::003722215870,3
1,cross_class,02,02::003722525870,2
1,cross_class,02,02::003723005870,4
1,cross_class,02,02::003723045870,5
1,cross_class,02,02::003723135870,1
1,cross_class,02,02::003723505870,2
1,cross_class,02,02::003725295873,17
1,cross_class,02,02::003726315873,9
1,cross_class,02,02::003732075882,2
1,cross_class,02,02::003732345882,1
1,cross_class,02,02::003739165908,7
1,cross_class,02,02::003739215908,4
1,cross_class,02,02::003755335976,1
1,cross_class,02,02::003755475976,3
1,cross_class,02,02::003755575976,2
1,cross_class,02,02::003755635976,2
1,cross_class,02,02::003772376012,1
1,cross_class,02,02::003772536012,2
1,cross_class,02,02::003774786022,1
1,cross_class,02,02::003774916022,2
1,cross_class,02,02::003775836025,3
1,cross_class,02,02::003776246025,3
1,cross_class,02,02::003784526052,4
1,cross_class,02,02::003785126052,1
1,cross_class,02,02::003785176052,2
1,cross_class,02,02::003788926066,3
1,cross_class,02,02::003788996066,9
1,cross_class,02,02::003789016066,2
1,cross_class,02,02::003789066066,3
1,cross_class,02,02::003791166075,1
1,cross_class,02,02::003791796075,3
1,cross_class,02,02::003798426092,2
1,cross_class,02,02::003799016094,3
1,cross_class,02,02::003804986105,7
1,cross_class,02,02::003805546105,3
1,cross_class,02,02::003809556114,4
1,cross_class,02,02::003810186114,1
1,cross_class,02,02::003826026157,4
1,cross_class,02,02::003827326157,1
1,cross_class,02,02::003827506157,3
1,cross_class,02,02::003838976184,2
1,cross_class,02,02::003839086184,2
1,cross_class,02,02::003839096184,3
1,cross_class,02,02::003839106184,3
1,cross_class,02,02::003839196184,6
1,cross_class,02,02::003839696184,3
1,cross_class,02,02::003839776184,1
1,cross_class,02,02::003845336197,2
1,cross_class,02,02::003845756197,1
1,cross_class,02,02::003865136237,1
1,cross_class,02,02::003865226237,3
1,cross_class,02,02::003876566270,1
1,cross_class,02,02::003878636276,1
1,cross_class,02,02::003888016299,1
1,cross_class,02,02::003888866300,3
1,cross_class,02,02::003889006300,2
1,cross_class,02,02::003891766306,3
1,cross_class,02,02::003898646320,12
1,cross_class,02,02::003898736320,7
1,cross_class,02,02::003898976320,16
1,cross_class,02,02::003899166320,4
1,cross_class,02,02::003899326320,1
1,cross_class,02,02::003917586356,1
1,cross_class,02,02::003917886356,2
1,cross_class,02,02::003917986356,1
1,cross_class,02,02::003920966366,1
1,cross_class,02,02::003921776366,2
1,cross_class,02,02::003929746388,3
1,cross_class,02,02::003929856388,3
1,cross_class,02,02::003966206489,2
1,cross_class,02,02::003966226489,7
1,cross_class,02,02::003966556489,2
1,cross_class,02,02::003966636489,2
1,cross_class,02,02::003968666494,2
1,cross_class,02,02::003968856494,1
1,cross_class,02,02::003972896502,1
1,cross_class,02,02::004093076723,2
1,cross_class,02,02::004093356722,7
1,cross_class,02,02::004093426722,6
1,cross_class,02,02::004093926723,2
1,cross_class,02,02::004094796723,2
1,cross_class,02,02::004110676741,2
1,cross_class,02,02::004117286748,8
1,cross_class,02,02::004146496796,2
1,cross_class,02,02::004146666796,2
1,cross_class,02,02::004146676796,3
1,cross_class,02,02::004147006796,11
1,cross_class,02,02::004147156796,14
1,cross_class,02,02::004147486798,2
1,cross_class,02,02::004147816796,18
1,cross_class,02,02::004147956796,3
1,cross_class,02,02::004148216796,1
1,cross_class,02,02::004148316796,3
1,cross_class,02,02::004148356798,3
1,cross_class,02,02::004148516796,3
1,cross_class,02,02::004154076805,13
1,cross_class,02,02::004160076811,5
1,cross_class,02,02::004160406811,2
1,cross_class,02,02::004161156811,3
1,cross_class,02,02::004161186811,2
1,cross_class,02,02::004161236811,2
1,cross_class,02,02::004164866815,3
1,cross_class,02,02::004195766859,4
1,cross_class,02,02::004195776859,2
1,cross_class,02,02::004200406866,1
1,cross_class,02,02::004200766866,5
1,cross_class,02,02::004200846866,5
1,cross_class,02,02::004210886888,10
1,cross_class,02,02::004211206888,4
1,cross_class,02,02::004216596893,1
1,cross_class,02,02::004230846916,2
1,cross_class,02,02::004231936918,1
1,cross_class,02,02::004264896967,1
1,cross_class,02,02::004265316967,7
1,cross_class,02,02::004270506972,2
1,cross_class,02,02::004270526972,1
1,cross_class,02,02::004270826972,1
1,cross_class,02,02::004272696975,1
1,cross_class,02,02::004273916975,2
1,cross_class,02,02::004282546990,1
1,cross_class,02,02::004287557004,6
1,cross_class,02,02::004288187004,2
1,cross_class,02,02::004301577031,1
1,cross_class,02,02::004305777033,1
1,cross_class,02,02::004310087035,2
1,cross_class,02,02::004312077038,3
1,cross_class,02,02::004312577038,3
1,cross_class,02,02::004314327038,1
1,cross_class,02,02::004328367042,2
1,cross_class,02,02::004338897060,4
1,cross_class,02,02::004339327060,4
1,cross_class,02,02::004339407060,1
1,cross_class,02,02::004341677064,4
1,cross_class,02,02::004347907078,2
1,cross_class,02,02::004351077079,1
1,cross_class,02,02::004351257079,1
1,cross_class,02,02::004354917091,2
1,cross_class,02,02::004355237091,3
1,cross_class,02,02::004360617105,1
1,cross_class,02,02::004388537119,4
1,cross_class,02,02::004409727147,2
1,cross_class,02,02::004413967149,1
1,cross_class,02,02::004414977150,5
1,cross_class,02,02::004415177150,4
1,cross_class,02,02::004415237150,4
1,cross_class,02,02::004415387150,1
1,cross_class,02,02::004427147186,6
1,cross_class,02,02::004427197186,1
1,cross_class,02,02::004427227186,14
1,cross_class,02,02::004427307186,2
1,cross_class,02,02::004427377186,2
1,cross_class,02,02::004427617186,6
1,cross_class,02,02::004427637186,12
1,cross_class,02,02::004427667186,3
1,cross_class,02,02::004427697186,1
1,cross_class,02,02::004427737186,4
1,cross_class,02,02::004431757191,12
1,cross_class,02,02::004431967191,2
1,cross_class,02,02::004432317191,1
1,cross_class,02,02::004432607191,3
1,cross_class,02,02::004432747191,9
1,cross_class,02,02::004432977191,5
1,cross_class,02,02::004433147191,6
1,cross_class,02,02::004433307191,1
1,cross_class,02,02::004433347191,7
1,cross_class,02,02::004433427191,1
1,cross_class,02,02::004439197194,7
1,cross_class,02,02::004461217245,3
1,cross_class,02,02::004461237245,13
1,cross_class,02,02::004461457245,2
1,cross_class,02,02::004480497258,6
1,cross_class,02,02::004489487261,3
1,cross_class,02,02::004490357261,1
1,cross_class,02,02::004491097262,1
1,cross_class,02,02::004491127262,2
1,cross_class,02,02::004491267262,3
1,cross_class,02,02::004501877285,1
1,cross_class,02,02::004501897285,3
1,cross_class,02,02::004503037286,1
1,cross_class,02,02::004503417286,7
1,cross_class,02,02::004519117323,3
1,cross_class,02,02::004519867323,2
1,cross_class,02,02::004524067333,2
1,cross_class,02,02::004527057339,12
1,cross_class,02,02::004527437339,2
1,cross_class,02,02::004544557366,3
1,cross_class,02,02::004547647374,2
1,cross_class,02,02::004547847374,2
1,cross_class,02,02::004548017374,3
1,cross_class,02,02::004548167374,6
1,cross_class,02,02::004548267374,1
1,cross_class,02,02::004560057386,1
1,cross_class,02,02::004561587388,1
1,cross_class,02,02::004563287390,4
1,cross_class,02,02::004583697425,2
1,cross_class,02,02::004583737425,1
1,cross_class,02,02::004584177425,3
1,cross_class,02,02::004591897447,1
1,cross_class,02,02::004592507447,2
1,cross_class,02,02::004592597447,4
1,cross_class,02,02::004598457454,1
1,cross_class,02,02::004653303557,1
1,cross_class,02,02::004654053557,1
1,cross_class,02,02::004654233557,1
1,cross_class,02,02::004656833558,3
1,cross_class,02,02::004656873558,3
1,cross_class,02,02::004662723561,6
1,cross_class,02,02::370542583802,3
1,cross_class,02,02::411603674802,4
1,cross_class,02,02::421467689002,1
1,cross_class,02,02::455724738302,2
1,cross_class,02,02::460110745502,5
1,cross_class,03,03::000000679596,12
1,cross_class,03,03::000005109596,5
1,cross_class,03,03::000008279596,1
1,cross_class,03,03::000008979596,5
1,cross_class,03,03::000009549596,13
1,cross_class,03,03::000010199596,4
1,cross_class,03,03::000011349596,25
1,cross_class,03,03::000013140001,10
1,cross_class,03,03::000013230001,2
1,cross_class,03,03::000013440001,18
1,cross_class,03,03::000013450001,7
1,cross_class,03,03::000017169596,3
1,cross_class,03,03::000020430001,6
1,cross_class,03,03::000023049596,9
1,cross_class,03,03::000024739596,2
1,cross_class,03,03::000025949596,1
1,cross_class,03,03::000025960001,7
1,cross_class,03,03::000029249596,2
1,cross_class,03,03::000030819596,20
1,cross_class,03,03::000031989596,9
1,cross_class,03,03::000032559596,19
1,cross_class,03,03::000032899596,2
1,cross_class,03,03::000033249596,3
1,cross_class,03,03::000033560001,2
1,cross_class,03,03::000034050001,19
1,cross_class,03,03::000034280001,3
1,cross_class,03,03::000034370001,9
1,cross_class,03,03::000034390001,9
1,cross_class,03,03::000034690001,12
1,cross_class,03,03::000034699596,21
1,cross_class,03,03::000034719596,26
1,cross_class,03,03::000034850001,10
1,cross_class,03,03::000034930001,21
1,cross_class,03,03::000035070001,10
1,cross_class,03,03::000043999596,27
1,cross_class,03,03::000048769596,3
1,cross_class,03,03::000048789596,2
1,cross_class,03,03::000050939596,10
1,cross_class,03,03::000053709596,4
1,cross_class,03,03::000054849596,1
1,cross_class,03,03::000058169596,1
1,cross_class,03,03::000062519596,4
1,cross_class,03,03::000066869596,4
1,cross_class,03,03::000068669596,10
1,cross_class,03,03::002603000103,4
1,cross_class,03,03::002605000103,9
1,cross_class,03,03::003395165228,6
1,cross_class,03,03::003432455292,6
1,cross_class,03,03::003432625292,1
1,cross_class,03,03::003432855292,5
1,cross_class,03,03::003432895292,1
1,cross_class,03,03::003444965304,1
1,cross_class,03,03::003445235304,4
1,cross_class,03,03::003445255304,5
1,cross_class,03,03::003446625305,4
1,cross_class,03,03::003446935305,5
1,cross_class,03,03::003447185305,2
1,cross_class,03,03::003447665305,3
1,cross_class,03,03::003447815305,2
1,cross_class,03,03::003447855305,14
1,cross_class,03,03::003448215305,3
1,cross_class,03,03::003448255305,3
1,cross_class,03,03::003470495337,2
1,cross_class,03,03::003470785337,1
1,cross_class,03,03::003473635342,1
1,cross_class,03,03::003473905342,10
1,cross_class,03,03::003476035345,3
1,cross_class,03,03::003486655364,7
1,cross_class,03,03::003506000103,20
1,cross_class,03,03::003515325414,4
1,cross_class,03,03::003515895415,3
1,cross_class,03,03::003515945414,1
1,cross_class,03,03::003515975415,10
1,cross_class,03,03::003516225415,5
1,cross_class,03,03::003516885415,5
1,cross_class,03,03::003517575415,5
1,cross_class,03,03::003526225419,3
1,cross_class,03,03::003542105448,4
1,cross_class,03,03::003542365448,2
1,cross_class,03,03::003542605448,1
1,cross_class,03,03::003542855448,1
1,cross_class,03,03::003563285500,2
1,cross_class,03,03::003563435500,4
1,cross_class,03,03::003563455500,4
1,cross_class,03,03::003577145534,1
1,cross_class,03,03::003586955569,7
1,cross_class,03,03::003597105595,3
1,cross_class,03,03::003597535595,5
1,cross_class,03,03::003597685595,6
1,cross_class,03,03::003608765615,4
1,cross_class,03,03::003608975615,2
1,cross_class,03,03::003620475639,6
1,cross_class,03,03::003620485639,7
1,cross_class,03,03::003620655639,2
1,cross_class,03,03::003620805639,1
1,cross_class,03,03::003620875639,10
1,cross_class,03,03::003620925639,2
1,cross_class,03,03::003621015639,2
1,cross_class,03,03::003621275639,4
1,cross_class,03,03::003645495716,23
1,cross_class,03,03::003645695716,4
1,cross_class,03,03::003646215716,2
1,cross_class,03,03::003651365728,6
1,cross_class,03,03::003651775728,3
1,cross_class,03,03::003665605765,2
1,cross_class,03,03::003666285765,2
1,cross_class,03,03::003666515765,4
1,cross_class,03,03::003666615765,4
1,cross_class,03,03::003666625765,1
1,cross_class,03,03::003679595782,4
1,cross_class,03,03::003699865827,1
1,cross_class,03,03::003705455838,2
1,cross_class,03,03::003705475838,1
1,cross_class,03,03::003705785838,5
1,cross_class,03,03::003705845838,6
1,cross_class,03,03::003705855838,1
1,cross_class,03,03::003706065838,3
1,cross_class,03,03::003706075838,1
1,cross_class,03,03::003708935845,1
1,cross_class,03,03::003708965845,1
1,cross_class,03,03::003709385845,2
1,cross_class,03,03::003717265859,9
1,cross_class,03,03::003717435859,5
1,cross_class,03,03::003717585859,2
1,cross_class,03,03::003717765859,2
1,cross_class,03,03::003725005873,2
1,cross_class,03,03::003725905873,2
1,cross_class,03,03::003725955873,3
1,cross_class,03,03::003755685976,10
1,cross_class,03,03::003755705976,2
1,cross_class,03,03::003756555977,2
1,cross_class,03,03::003756705977,1
1,cross_class,03,03::003764475997,2
1,cross_class,03,03::003765235997,2
1,cross_class,03,03::003774586022,2
1,cross_class,03,03::003775876025,2
1,cross_class,03,03::003776086025,3
1,cross_class,03,03::003776166025,16
1,cross_class,03,03::003776186025,2
1,cross_class,03,03::003776216025,3
1,cross_class,03,03::003776316025,2
1,cross_class,03,03::003776356025,6
1,cross_class,03,03::003776526025,6
1,cross_class,03,03::003789056066,2
1,cross_class,03,03::003798476092,1
1,cross_class,03,03::003805536105,4
1,cross_class,03,03::003805666105,13
1,cross_class,03,03::003805746105,5
1,cross_class,03,03::003809566114,3
1,cross_class,03,03::003809906114,3
1,cross_class,03,03::003809926114,3
1,cross_class,03,03::003825926157,1
1,cross_class,03,03::003826526157,8
1,cross_class,03,03::003826726157,1
1,cross_class,03,03::003827466157,2
1,cross_class,03,03::003827676157,3
1,cross_class,03,03::003839146184,2
1,cross_class,03,03::003839566184,2
1,cross_class,03,03::003839936184,2
1,cross_class,03,03::003871246248,13
1,cross_class,03,03::003871286248,9
1,cross_class,03,03::003871376248,7
1,cross_class,03,03::003871536248,4
1,cross_class,03,03::003871546248,4
1,cross_class,03,03::003871596248,5
1,cross_class,03,03::003871666248,1
1,cross_class,03,03::003871676248,1
1,cross_class,03,03::003871826248,5
1,cross_class,03,03::003871896248,2
1,cross_class,03,03::003876386270,1
1,cross_class,03,03::003876486270,5
1,cross_class,03,03::003876736270,3
1,cross_class,03,03::003876776270,6
1,cross_class,03,03::003888766299,5
1,cross_class,03,03::003888886299,2
1,cross_class,03,03::003888976299,2
1,cross_class,03,03::003920796366,7
1,cross_class,03,03::003921046366,8
1,cross_class,03,03::003921216366,2
1,cross_class,03,03::003921246366,1
1,cross_class,03,03::003921276366,2
1,cross_class,03,03::003921386366,2
1,cross_class,03,03::003925916379,5
1,cross_class,03,03::003926476379,6
1,cross_class,03,03::003926496379,1
1,cross_class,03,03::003926536379,1
1,cross_class,03,03::004146466796,4
1,cross_class,03,03::004154216805,1
1,cross_class,03,03::004154656805,2
1,cross_class,03,03::004154806805,8
1,cross_class,03,03::004154956805,2
1,cross_class,03,03::004154976805,2
1,cross_class,03,03::004160136811,5
1,cross_class,03,03::004160726812,1
1,cross_class,03,03::004196946862,4
1,cross_class,03,03::004200726867,21
1,cross_class,03,03::004200936867,3
1,cross_class,03,03::004201166867,1
1,cross_class,03,03::004201216866,5
1,cross_class,03,03::004213516890,5
1,cross_class,03,03::004213536890,3
1,cross_class,03,03::004213646890,2
1,cross_class,03,03::004213746890,8
1,cross_class,03,03::004214096890,18
1,cross_class,03,03::004214406890,7
1,cross_class,03,03::004214456890,20
1,cross_class,03,03::004214466890,6
1,cross_class,03,03::004214476890,1
1,cross_class,03,03::004214566890,15
1,cross_class,03,03::004214656890,10
1,cross_class,03,03::004222036906,1
1,cross_class,03,03::004222416906,1
1,cross_class,03,03::004222496906,1
1,cross_class,03,03::004222826906,1
1,cross_class,03,03::004223116906,1
1,cross_class,03,03::004223266906,1
1,cross_class,03,03::004223386906,7
1,cross_class,03,03::004223656906,5
1,cross_class,03,03::004227386913,1
1,cross_class,03,03::004227896913,1
1,cross_class,03,03::004264656967,3
1,cross_class,03,03::004265036967,1
1,cross_class,03,03::004265196967,4
1,cross_class,03,03::004269336972,6
1,cross_class,03,03::004269716972,3
1,cross_class,03,03::004270086972,1
1,cross_class,03,03::004270216972,3
1,cross_class,03,03::004270226972,5
1,cross_class,03,03::004270326972,1
1,cross_class,03,03::004270376972,9
1,cross_class,03,03::004270486972,2
1,cross_class,03,03::004270796972,5
1,cross_class,03,03::004273416975,1
1,cross_class,03,03::004273446975,3
1,cross_class,03,03::004277166978,2
1,cross_class,03,03::004282456990,2
1,cross_class,03,03::004286967004,1
1,cross_class,03,03::004287487004,1
1,cross_class,03,03::004287617004,6
1,cross_class,03,03::004288107004,2
1,cross_class,03,03::004288117004,1
1,cross_class,03,03::004309507035,1
1,cross_class,03,03::004313357038,5
1,cross_class,03,03::004314057038,1
1,cross_class,03,03::004328937042,4
1,cross_class,03,03::004329567042,3
1,cross_class,03,03::004341787064,10
1,cross_class,03,03::004341897064,4
1,cross_class,03,03::004341967064,4
1,cross_class,03,03::004342527064,5
1,cross_class,03,03::004381687116,3
1,cross_class,03,03::004382157116,4
1,cross_class,03,03::004388997119,1
1,cross_class,03,03::004389267119,1
1,cross_class,03,03::004389287119,11
1,cross_class,03,03::004409617147,1
1,cross_class,03,03::004410217147,3
1,cross_class,03,03::004413517149,1
1,cross_class,03,03::004429537189,2
1,cross_class,03,03::004436577192,11
1,cross_class,03,03::004437627192,1
1,cross_class,03,03::004439857195,3
1,cross_class,03,03::004440257195,4
1,cross_class,03,03::004440317195,3
1,cross_class,03,03::004443787197,5
1,cross_class,03,03::004444437197,1
1,cross_class,03,03::004444497197,1
1,cross_class,03,03::004473627254,5
1,cross_class,03,03::004474497254,7
1,cross_class,03,03::004474867254,5
1,cross_class,03,03::004475397254,3
1,cross_class,03,03::004479057258,5
1,cross_class,03,03::004479907258,11
1,cross_class,03,03::004480477258,3
1,cross_class,03,03::004480697258,1
1,cross_class,03,03::004480747258,2
1,cross_class,03,03::004490657261,2
1,cross_class,03,03::004501937285,1
1,cross_class,03,03::004501977285,1
1,cross_class,03,03::004502277285,3
1,cross_class,03,03::004502517286,2
1,cross_class,03,03::004503147286,1
1,cross_class,03,03::004503367286,9
1,cross_class,03,03::004519627323,3
1,cross_class,03,03::004519657323,2
1,cross_class,03,03::004520997324,3
1,cross_class,03,03::004521387325,2
1,cross_class,03,03::004521547325,5
1,cross_class,03,03::004521747325,5
1,cross_class,03,03::004521827325,4
1,cross_class,03,03::004524077333,1
1,cross_class,03,03::004524357333,6
1,cross_class,03,03::004524427333,6
1,cross_class,03,03::004535527356,2
1,cross_class,03,03::004535767356,3
1,cross_class,03,03::004535917356,1
1,cross_class,03,03::004536087356,1
1,cross_class,03,03::004536417356,3
1,cross_class,03,03::004536787356,2
1,cross_class,03,03::004539897360,2
1,cross_class,03,03::004540227360,3
1,cross_class,03,03::004543277366,5
1,cross_class,03,03::004543347366,3
1,cross_class,03,03::004543637366,2
1,cross_class,03,03::004557137383,2
1,cross_class,03,03::004557167383,1
1,cross_class,03,03::004557407383,3
1,cross_class,03,03::004557607383,5
1,cross_class,03,03::004563277390,5
1,cross_class,03,03::004563477390,3
1,cross_class,03,03::004563527390,2
1,cross_class,03,03::004563857390,3
1,cross_class,03,03::004586187430,2
1,cross_class,03,03::004598087455,1
1,cross_class,03,03::004598247455,1
1,cross_class,03,03::004598317455,11
1,cross_class,03,03::004599547454,11
1,cross_class,03,03::004599647454,2
1,cross_class,03,03::004600607455,6
1,cross_class,03,03::004600837455,3
1,cross_class,03,03::004601127455,8
1,cross_class,03,03::004653253557,1
1,cross_class,03,03::004654123557,2
1,cross_class,03,03::004654173557,2
1,cross_class,03,03::004656563558,4
1,cross_class,03,03::004656983558,8
1,cross_class,03,03::004657693558,1
1,cross_class,03,03::004657813558,3
1,cross_class,03,03::004658303558,1
1,cross_class,03,03::004661063561,2
1,cross_class,03,03::004661863561,2
1,cross_class,03,03::004662463561,2
1,cross_class,03,03::343119529103,5
1,cross_class,03,03::347372534203,1
1,cross_class,03,03::370646583803,4
1,cross_class,03,03::376462599703,5
1,cross_class,03,03::377488602203,3
1,cross_class,03,03::380939611403,7
1,cross_class,03,03::421392689003,6
1,cross_class,03,03::421467689003,8
1,cross_class,03,03::422661691303,1
1,cross_class,03,03::466243356103,4
1,cross_class,04,04::000000819599,13
1,cross_class,04,04::000001009599,4
1,cross_class,04,04::000003979599,19
1,cross_class,04,04::000005069598,8
1,cross_class,04,04::000007209599,22
1,cross_class,04,04::000007669599,12
1,cross_class,04,04::000008279599,16
1,cross_class,04,04::000010129599,18
1,cross_class,04,04::000010679599,22
1,cross_class,04,04::000010909599,3
1,cross_class,04,04::000011329599,20
1,cross_class,04,04::000011769599,77
1,cross_class,04,04::000014389599,9
1,cross_class,04,04::000014989599,28
1,cross_class,04,04::000016179599,22
1,cross_class,04,04::000016909599,3
1,cross_class,04,04::000018169599,30
1,cross_class,04,04::000019259599,40
1,cross_class,04,04::000020639599,40
1,cross_class,04,04::000021119599,5
1,cross_class,04,04::000021419599,6
1,cross_class,04,04::000022729599,1
1,cross_class,04,04::000025279598,13
1,cross_class,04,04::000031070001,5
1,cross_class,04,04::000038229598,19
1,cross_class,04,04::000059159598,37
1,cross_class,04,04::000061579598,29
1,cross_class,04,04::000063299598,12
1,cross_class,04,04::000065969598,1
1,cross_class,04,04::000096339598,5
1,cross_class,04,04::000124679598,8
1,cross_class,04,04::000126969598,5
1,cross_class,04,04::000147069598,9
1,cross_class,04,04::000159279598,1
1,cross_class,04,04::002199000104,12
1,cross_class,04,04::003399195233,2
1,cross_class,04,04::003399575233,4
1,cross_class,04,04::003414695267,5
1,cross_class,04,04::003414815267,2
1,cross_class,04,04::003416915270,2
1,cross_class,04,04::003417085270,1
1,cross_class,04,04::003421115277,3
1,cross_class,04,04::003421555277,7
1,cross_class,04,04::003421565277,3
1,cross_class,04,04::003421755277,10
1,cross_class,04,04::003421805277,9
1,cross_class,04,04::003422015277,7
1,cross_class,04,04::003458305314,4
1,cross_class,04,04::003539595441,4
1,cross_class,04,04::003539685441,8
1,cross_class,04,04::003539735441,5
1,cross_class,04,04::003539775441,4
1,cross_class,04,04::003539805441,6
1,cross_class,04,04::003554495480,5
1,cross_class,04,04::003554805480,2
1,cross_class,04,04::003554895480,2
1,cross_class,04,04::003555315480,2
1,cross_class,04,04::003555335480,3
1,cross_class,04,04::003555355480,3
1,cross_class,04,04::003574985530,2
1,cross_class,04,04::003585205556,2
1,cross_class,04,04::003591355585,1
1,cross_class,04,04::003593095586,4
1,cross_class,04,04::003593195586,1
1,cross_class,04,04::003620435640,1
1,cross_class,04,04::003636275685,1
1,cross_class,04,04::003636435686,2
1,cross_class,04,04::003636495685,1
1,cross_class,04,04::003655375740,2
1,cross_class,04,04::003663695762,2
1,cross_class,04,04::003663875762,2
1,cross_class,04,04::003663895762,1
1,cross_class,04,04::003696805808,3
1,cross_class,04,04::003696825808,1
1,cross_class,04,04::003759105985,1
1,cross_class,04,04::003759355985,5
1,cross_class,04,04::003759375985,2
1,cross_class,04,04::003759455985,6
1,cross_class,04,04::003759635985,1
1,cross_class,04,04::003759895985,6
1,cross_class,04,04::003760035985,2
1,cross_class,04,04::003760045985,10
1,cross_class,04,04::003771286010,4
1,cross_class,04,04::003773736016,6
1,cross_class,04,04::003773846016,3
1,cross_class,04,04::003773856016,14
1,cross_class,04,04::003773896016,1
1,cross_class,04,04::003773936016,1
1,cross_class,04,04::003773986016,4
1,cross_class,04,04::003782246044,1
1,cross_class,04,04::003782316044,3
1,cross_class,04,04::003834296169,2
1,cross_class,04,04::003854296218,2
1,cross_class,04,04::003875916262,4
1,cross_class,04,04::003875926262,1
1,cross_class,04,04::003875976262,2
1,cross_class,04,04::003876006262,1
1,cross_class,04,04::003876026262,9
1,cross_class,04,04::003876046262,1
1,cross_class,04,04::003880706278,3
1,cross_class,04,04::003903226329,2
1,cross_class,04,04::003903346329,4
1,cross_class,04,04::003903516329,2
1,cross_class,04,04::003903606329,5
1,cross_class,04,04::003903666329,22
1,cross_class,04,04::003903796329,4
1,cross_class,04,04::003903836329,2
1,cross_class,04,04::003903926329,1
1,cross_class,04,04::003910246343,1
1,cross_class,04,04::003911006343,10
1,cross_class,04,04::003930916390,2
1,cross_class,04,04::004086276713,7
1,cross_class,04,04::004086326713,4
1,cross_class,04,04::004086356713,2
1,cross_class,04,04::004086476713,9
1,cross_class,04,04::004101136728,3
1,cross_class,04,04::004101166728,1
1,cross_class,04,04::004101246728,6
1,cross_class,04,04::004101356728,5
1,cross_class,04,04::004101626728,4
1,cross_class,04,04::004101976728,1
1,cross_class,04,04::004102036728,1
1,cross_class,04,04::004102146728,5
1,cross_class,04,04::004141936790,4
1,cross_class,04,04::004141946790,3
1,cross_class,04,04::004142066790,2
1,cross_class,04,04::004142086790,7
1,cross_class,04,04::004168696821,2
1,cross_class,04,04::004172826828,10
1,cross_class,04,04::004182476838,1
1,cross_class,04,04::004182616838,1
1,cross_class,04,04::004182626838,1
1,cross_class,04,04::004182686838,2
1,cross_class,04,04::004182716838,13
1,cross_class,04,04::004182776838,1
1,cross_class,04,04::004182786838,1
1,cross_class,04,04::004182796838,2
1,cross_class,04,04::004182916838,5
1,cross_class,04,04::004182986838,2
1,cross_class,04,04::004183036838,2
1,cross_class,04,04::004193116854,1
1,cross_class,04,04::004193806855,3
1,cross_class,04,04::004198926864,2
1,cross_class,04,04::004199046864,1
1,cross_class,04,04::004199386864,2
1,cross_class,04,04::004204606876,3
1,cross_class,04,04::004204646876,22
1,cross_class,04,04::004204746876,3
1,cross_class,04,04::004204796876,4
1,cross_class,04,04::004204896876,2
1,cross_class,04,04::004205086876,3
1,cross_class,04,04::004205206876,10
1,cross_class,04,04::004205266876,6
1,cross_class,04,04::004205436876,5
1,cross_class,04,04::004205546876,5
1,cross_class,04,04::004205656876,4
1,cross_class,04,04::004206346878,1
1,cross_class,04,04::004206466879,2
1,cross_class,04,04::004206546878,2
1,cross_class,04,04::004206586878,4
1,cross_class,04,04::004206816879,4
1,cross_class,04,04::004206896879,1
1,cross_class,04,04::004208776881,1
1,cross_class,04,04::004218696898,3
1,cross_class,04,04::004220856902,2
1,cross_class,04,04::004236846932,7
1,cross_class,04,04::004236866932,11
1,cross_class,04,04::004237026932,10
1,cross_class,04,04::004237056932,5
1,cross_class,04,04::004237086932,10
1,cross_class,04,04::004237116932,12
1,cross_class,04,04::004237306932,4
1,cross_class,04,04::004237396932,5
1,cross_class,04,04::004237446932,5
1,cross_class,04,04::004237516932,3
1,cross_class,04,04::004237536932,4
1,cross_class,04,04::004237566932,6
1,cross_class,04,04::004237636932,23
1,cross_class,04,04::004237716932,9
1,cross_class,04,04::004237996932,11
1,cross_class,04,04::004238126932,4
1,cross_class,04,04::004240046936,4
1,cross_class,04,04::004240146936,2
1,cross_class,04,04::004240646937,2
1,cross_class,04,04::004241176937,2
1,cross_class,04,04::004241326938,5
1,cross_class,04,04::004247166949,4
1,cross_class,04,04::004247196949,2
1,cross_class,04,04::004283156992,10
1,cross_class,04,04::004283186992,4
1,cross_class,04,04::004283266992,3
1,cross_class,04,04::004283296992,17
1,cross_class,04,04::004283386992,15
1,cross_class,04,04::004283516992,7
1,cross_class,04,04::004283586992,1
1,cross_class,04,04::004283606992,1
1,cross_class,04,04::004283616992,6
1,cross_class,04,04::004283656992,16
1,cross_class,04,04::004283686992,6
1,cross_class,04,04::004283836992,4
1,cross_class,04,04::004283896992,16
1,cross_class,04,04::004284026992,2
1,cross_class,04,04::004284636994,2
1,cross_class,04,04::004284756994,6
1,cross_class,04,04::004285897001,2
1,cross_class,04,04::004286007001,2
1,cross_class,04,04::004299887030,2
1,cross_class,04,04::004299977030,5
1,cross_class,04,04::004300407030,1
1,cross_class,04,04::004312807037,4
1,cross_class,04,04::004313047037,7
1,cross_class,04,04::004313597037,7
1,cross_class,04,04::004321617039,1
1,cross_class,04,04::004325487039,6
1,cross_class,04,04::004336737054,1
1,cross_class,04,04::004336827054,2
1,cross_class,04,04::004336907054,8
1,cross_class,04,04::004336927054,4
1,cross_class,04,04::004337117054,2
1,cross_class,04,04::004337267054,1
1,cross_class,04,04::004339767061,7
1,cross_class,04,04::004339827061,3
1,cross_class,04,04::004340857063,7
1,cross_class,04,04::004340977063,1
1,cross_class,04,04::004341027063,7
1,cross_class,04,04::004341037063,4
1,cross_class,04,04::004341067063,1
1,cross_class,04,04::004341137063,7
1,cross_class,04,04::004341237063,2
1,cross_class,04,04::004341397063,1
1,cross_class,04,04::004341417063,3
1,cross_class,04,04::004341497063,6
1,cross_class,04,04::004341547063,2
1,cross_class,04,04::004361167106,1
1,cross_class,04,04::004361267106,2
1,cross_class,04,04::004379887113,2
1,cross_class,04,04::004396977126,1
1,cross_class,04,04::004397257126,2
1,cross_class,04,04::004397977126,4
1,cross_class,04,04::004401687134,2
1,cross_class,04,04::004401847134,4
1,cross_class,04,04::004401977134,2
1,cross_class,04,04::004402047134,1
1,cross_class,04,04::004402267134,3
1,cross_class,04,04::004402997137,5
1,cross_class,04,04::004403047137,1
1,cross_class,04,04::004403057137,3
1,cross_class,04,04::004403337137,2
1,cross_class,04,04::004403817139,1
1,cross_class,04,04::004406457141,2
1,cross_class,04,04::004424487177,2
1,cross_class,04,04::004427387187,4
1,cross_class,04,04::004448247200,1
1,cross_class,04,04::004448427200,2
1,cross_class,04,04::004449647202,6
1,cross_class,04,04::004449767202,1
1,cross_class,04,04::004449787202,2
1,cross_class,04,04::004449917202,1
1,cross_class,04,04::004460297236,1
1,cross_class,04,04::004496137271,2
1,cross_class,04,04::004496207271,1
1,cross_class,04,04::004496247271,5
1,cross_class,04,04::004506907290,2
1,cross_class,04,04::004525187335,2
1,cross_class,04,04::004525607336,1
1,cross_class,04,04::004525687336,1
1,cross_class,04,04::004551307377,2
1,cross_class,04,04::004551357377,4
1,cross_class,04,04::004551387377,1
1,cross_class,04,04::004551517377,1
1,cross_class,04,04::004567907400,3
1,cross_class,04,04::004568007400,2
1,cross_class,04,04::004569337403,3
1,cross_class,04,04::004569657403,2
1,cross_class,04,04::004569687403,3
1,cross_class,04,04::004569877403,5
1,cross_class,04,04::004577427417,2
1,cross_class,04,04::004588657436,2
1,cross_class,04,04::004589047441,6
1,cross_class,04,04::004589127441,2
1,cross_class,04,04::004589217441,2
1,cross_class,04,04::004594697450,6
1,cross_class,04,04::004604597458,2
1,cross_class,04,04::004604677458,6
1,cross_class,04,04::004604837458,3
1,cross_class,04,04::004604887458,6
1,cross_class,04,04::004604897458,3
1,cross_class,04,04::004604997458,2
1,cross_class,04,04::004605497458,7
1,cross_class,05,05::003389985224,4
1,cross_class,05,05::003424625280,3
1,cross_class,05,05::003424655280,19
1,cross_class,05,05::003424725280,18
1,cross_class,05,05::003435115294,10
1,cross_class,05,05::003435135294,2
1,cross_class,05,05::003435335294,10
1,cross_class,05,05::003435345294,1
1,cross_class,05,05::003435515294,1
1,cross_class,05,05::003473275341,13
1,cross_class,05,05::003473285341,4
1,cross_class,05,05::003473325341,12
1,cross_class,05,05::003481675355,10
1,cross_class,05,05::003481955355,12
1,cross_class,05,05::003484315359,1
1,cross_class,05,05::003484325359,2
1,cross_class,05,05::003502985380,6
1,cross_class,05,05::003503055380,9
1,cross_class,05,05::003503375380,2
1,cross_class,05,05::003503405380,12
1,cross_class,05,05::003511355406,4
1,cross_class,05,05::003511375406,4
1,cross_class,05,05::003511385406,1
1,cross_class,05,05::003511415406,2
1,cross_class,05,05::003511445406,2
1,cross_class,05,05::003533665426,7
1,cross_class,05,05::003533965426,2
1,cross_class,05,05::003533985426,2
1,cross_class,05,05::003571415521,9
1,cross_class,05,05::003571475521,13
1,cross_class,05,05::003571685521,3
1,cross_class,05,05::003571865521,2
1,cross_class,05,05::003571905521,7
1,cross_class,05,05::003572035521,3
1,cross_class,05,05::003572055521,2
1,cross_class,05,05::003572105521,3
1,cross_class,05,05::003572185521,12
1,cross_class,05,05::003572215521,2
1,cross_class,05,05::003572225521,4
1,cross_class,05,05::003581185542,2
1,cross_class,05,05::003588905576,30
1,cross_class,05,05::003588965576,5
1,cross_class,05,05::003588975576,5
1,cross_class,05,05::003589025576,17
1,cross_class,05,05::003590185584,9
1,cross_class,05,05::003590255584,5
1,cross_class,05,05::003590325584,3
1,cross_class,05,05::003590465584,1
1,cross_class,05,05::003590505584,9
1,cross_class,05,05::003590565584,8
1,cross_class,05,05::003631385663,1
1,cross_class,05,05::003631415663,3
1,cross_class,05,05::003631425663,9
1,cross_class,05,05::003631625663,35
1,cross_class,05,05::003631805663,4
1,cross_class,05,05::003631905663,56
1,cross_class,05,05::003653645737,2
1,cross_class,05,05::003701535833,3
1,cross_class,05,05::003735605895,3
1,cross_class,05,05::003753095961,1
1,cross_class,05,05::003753115961,16
1,cross_class,05,05::003753125961,10
1,cross_class,05,05::003753135961,7
1,cross_class,05,05::003774346021,3
1,cross_class,05,05::003784006047,6
1,cross_class,05,05::003796356083,4
1,cross_class,05,05::003796466083,2
1,cross_class,05,05::003796506083,16
1,cross_class,05,05::003796536083,3
1,cross_class,05,05::003800916101,6
1,cross_class,05,05::003801166101,1
1,cross_class,05,05::003801186101,4
1,cross_class,05,05::003801206101,1
1,cross_class,05,05::003801676101,8
1,cross_class,05,05::003804106104,13
1,cross_class,05,05::003854666222,1
1,cross_class,05,05::003869596241,3
1,cross_class,05,05::003869696241,16
1,cross_class,05,05::003902996328,4
1,cross_class,05,05::003903206328,1
1,cross_class,05,05::003903446328,59
1,cross_class,05,05::003903496328,3
1,cross_class,05,05::003905966332,1
1,cross_class,05,05::003907506336,2
1,cross_class,05,05::003924026368,6
1,cross_class,05,05::003924086368,4
1,cross_class,05,05::003924236368,6
1,cross_class,05,05::003924266369,7
1,cross_class,05,05::003924286368,5
1,cross_class,05,05::003924296368,3
1,cross_class,05,05::003924306368,6
1,cross_class,05,05::003924336368,11
1,cross_class,05,05::003924396368,4
1,cross_class,05,05::003924426368,6
1,cross_class,05,05::003924446368,13
1,cross_class,05,05::003956436464,2
1,cross_class,05,05::003956466464,4
1,cross_class,05,05::003956536464,3
1,cross_class,05,05::004084356706,3
1,cross_class,05,05::004091176720,1
1,cross_class,05,05::004124716755,1
1,cross_class,05,05::004124756755,2
1,cross_class,05,05::004209266885,2
1,cross_class,05,05::004209336885,3
1,cross_class,05,05::004209376885,2
1,cross_class,05,05::004218106897,6
1,cross_class,05,05::004262726961,19
1,cross_class,05,05::004262786961,5
1,cross_class,05,05::004262826961,5
1,cross_class,05,05::004262836961,2
1,cross_class,05,05::004263106961,2
1,cross_class,05,05::004263216961,8
1,cross_class,05,05::004263336961,1
1,cross_class,05,05::004263386961,10
1,cross_class,05,05::004283126991,5
1,cross_class,05,05::004283206991,2
1,cross_class,05,05::004283276991,16
1,cross_class,05,05::004283316991,16
1,cross_class,05,05::004283556991,7
1,cross_class,05,05::004310987036,6
1,cross_class,05,05::004311187036,4
1,cross_class,05,05::004342297065,4
1,cross_class,05,05::004342477065,2
1,cross_class,05,05::004345557073,2
1,cross_class,05,05::004345767073,1
1,cross_class,05,05::004345777073,5
1,cross_class,05,05::004353747082,6
1,cross_class,05,05::004353777082,1
1,cross_class,05,05::004353787082,9
1,cross_class,05,05::004354537087,5
1,cross_class,05,05::004354667087,3
1,cross_class,05,05::004361037106,3
1,cross_class,05,05::004373257108,5
1,cross_class,05,05::004374237108,4
1,cross_class,05,05::004375257108,13
1,cross_class,05,05::004376227108,10
1,cross_class,05,05::004376507108,8
1,cross_class,05,05::004476847256,1
1,cross_class,05,05::004494397266,1
1,cross_class,05,05::004496577272,19
1,cross_class,05,05::004496637272,7
1,cross_class,05,05::004496737272,2
1,cross_class,05,05::004496807272,4
1,cross_class,05,05::004515367318,7
1,cross_class,05,05::004515397318,2
1,cross_class,05,05::004515427318,3
1,cross_class,05,05::004515587318,5
1,cross_class,05,05::004515837318,1
1,cross_class,05,05::004559377385,5
1,cross_class,05,05::004559407385,1
1,cross_class,05,05::004559557385,1
1,cross_class,05,05::004559587385,2
1,cross_class,05,05::004570727405,3
1,cross_class,05,05::004571077405,4
1,cross_class,05,05::004571187405,23
1,cross_class,05,05::004571277405,3
1,cross_class,05,05::004571377405,1
1,cross_class,05,05::004571387405,1
1,cross_class,05,05::004585307429,2
1,cross_class,05,05::004585367429,1
1,cross_class,05,05::004585387429,3
1,cross_class,05,05::004588717436,3
1,cross_class,05,05::420934688505,1
1,cross_class,05,05::426262696105,3
1,cross_class,06,06::000004960001,13
1,cross_class,06,06::000022429597,1
1,cross_class,06,06::000420000106,7
1,cross_class,06,06::000472000106,5
1,cross_class,06,06::003549645469,5
1,cross_class,06,06::003582835545,2
1,cross_class,06,06::003633925672,2
1,cross_class,06,06::003737195897,4
1,cross_class,06,06::003738745907,3
1,cross_class,06,06::003763845996,3
1,cross_class,06,06::003772126011,3
1,cross_class,06,06::003780786038,7
1,cross_class,06,06::003813566123,3
1,cross_class,06,06::003861116228,3
1,cross_class,06,06::003955046461,1
1,cross_class,06,06::004085436711,1
1,cross_class,06,06::004421527170,1
1,cross_class,06,06::435464708706,1
1,cross_class,07,07::000001979596,5
1,cross_class,07,07::000002489596,19
1,cross_class,07,07::000003249596,15
1,cross_class,07,07::000004349596,2
1,cross_class,07,07::000004979596,1
1,cross_class,07,07::000005099596,2
1,cross_class,07,07::000007759596,12
1,cross_class,07,07::000013350001,34
1,cross_class,07,07::000013460001,8
1,cross_class,07,07::000013640001,13
1,cross_class,07,07::003445125304,3
1,cross_class,07,07::003445335304,5
1,cross_class,07,07::003445485304,1
1,cross_class,07,07::003445515304,7
1,cross_class,07,07::003473815342,8
1,cross_class,07,07::003537465434,2
1,cross_class,07,07::003726235873,3
1,cross_class,07,07::004270236972,2
1,cross_class,07,07::004270246972,9
1,cross_class,07,07::004342197064,1
1,cross_class,07,07::004535717356,2
1,cross_class,08,08::000013890001,3
1,cross_class,08,08::000026190001,4
1,cross_class,08,08::000026380001,38
1,cross_class,08,08::000026610001,6
1,cross_class,08,08::000027280001,3
1,cross_class,08,08::000027480001,7
1,cross_class,08,08::000040719596,1
1,cross_class,08,08::000041839596,12
1,cross_class,08,08::000045569596,6
1,cross_class,08,08::003269959708,6
1,cross_class,08,08::003453305308,1
1,cross_class,08,08::003460000108,3
1,cross_class,08,08::003772196012,1
1,cross_class,08,08::003838526180,1
1,cross_class,08,08::003865466237,2
1,cross_class,08,08::003888196299,3
1,cross_class,08,08::003951606449,1
1,cross_class,08,08::004314047038,4
1,cross_class,08,08::004383827116,2
1,cross_class,08,08::004510057297,1
1,cross_class,09,09::000027490001,10
1,cross_class,09,09::000052479598,15
1,cross_class,09,09::003381315211,11
1,cross_class,09,09::003485995363,4
1,cross_class,09,09::003486045363,26
1,cross_class,09,09::003527285419,16
1,cross_class,09,09::003527485419,4
1,cross_class,09,09::003541445448,1
1,cross_class,09,09::003541715448,9
1,cross_class,09,09::003541765448,14
1,cross_class,09,09::003738765907,11
1,cross_class,09,09::003878416276,2
1,cross_class,09,09::003917936356,6
1,cross_class,09,09::004094756723,19
1,cross_class,09,09::004413297149,8
1,cross_class,09,09::004442477196,4
1,cross_class,09,09::004475087254,1
1,cross_class,09,09::004503047286,12
1,cross_class,10,10::003478695350,13
1,cross_class,10,10::003478815350,2
1,cross_class,10,10::003478845350,2
1,cross_class,10,10::003478885350,18
1,cross_class,10,10::003478895350,3
1,cross_class,10,10::003778336032,10
1,cross_class,10,10::003953246451,4
1,cross_class,10,10::003953306451,9
1,cross_class,10,10::003953386451,2
1,cross_class,10,10::003953406451,4
1,cross_class,10,10::004402137135,22
1,cross_class,10,10::004402157135,5
1,cross_class,10,10::004402277135,5
1,cross_class,10,10::004402307135,12
1,cross_class,10,10::004402397135,17
1,cross_class,10,10::004493047264,2
1,cross_class,11,11::000001719594,13
1,cross_class,11,11::000005949592,7
1,cross_class,11,11::000007369595,1
1,cross_class,11,11::003427675288,3
1,cross_class,11,11::003427805288,3
1,cross_class,11,11::003427825288,6
1,cross_class,11,11::003427965288,1
1,cross_class,11,11::003456265312,11
1,cross_class,11,11::003678625781,1
1,cross_class,11,11::003925716380,2
1,cross_class,11,11::003949606445,2
1,cross_class,12,12::000020830001,8
1,cross_class,12,12::003571805521,32
1,cross_class,12,12::003589975584,6
1,cross_class,12,12::003623955643,11
1,cross_class,12,12::003734755888,2
1,cross_class,12,12::003752805961,7
1,cross_class,12,12::004298347025,4
1,cross_class,12,12::004398307127,5
1,cross_class,13,13::000000999597,25
1,cross_class,13,13::000004479597,17
1,cross_class,13,13::000020999597,1
1,cross_class,13,13::003486145363,21
1,cross_class,13,13::003681515783,4
1,cross_class,13,13::003907226336,1
1,cross_class,13,13::003946476435,5
1,cross_class,13,13::004284866993,1
1,cross_class,13,13::004284966993,1
1,cross_class,14,14::000005089596,1
1,cross_class,14,14::000006139596,3
1,cross_class,14,14::000026710001,7
1,cross_class,14,14::000027310001,2
1,cross_class,14,14::000033670001,1
1,cross_class,14,14::003810066114,1
1,cross_class,14,14::004527157339,2
1,cross_class,15,15::003411775250,7
1,cross_class,15,15::003486885364,13
1,cross_class,15,15::003579115536,1
1,cross_class,15,15::004204236874,4
1,cross_class,15,15::004204266874,1
1,cross_class,15,15::004266136971,3
1,cross_class,16,16::000004939594,9
1,cross_class,16,16::000010089594,6
1,cross_class,16,16::000013099594,5
1,cross_class,16,16::000014979594,22
1,cross_class,16,16::000016659594,33
2,cross_class,01,01::000000009598,22
2,cross_class,01,01::000000479598,1
2,cross_class,01,01::000001239598,1
2,cross_class,01,01::000002019598,1
2,cross_class,01,01::000004220001,2
2,cross_class,01,01::000004230001,2
2,cross_class,01,01::000004250001,2
2,cross_class,01,01::000004280001,2
2,cross_class,01,01::000004300001,3
2,cross_class,01,01::000004310001,4
2,cross_class,01,01::000004380001,25
2,cross_class,01,01::000004400001,3
2,cross_class,01,01::000004470001,1
2,cross_class,01,01::000004490001,4
2,cross_class,01,01::000004690001,3
2,cross_class,01,01::000004700001,20
2,cross_class,01,01::000004750001,13
2,cross_class,01,01::000004770001,8
2,cross_class,01,01::000004790001,1
2,cross_class,01,01::000004800001,5
2,cross_class,01,01::000004810001,18
2,cross_class,01,01::000004820001,10
2,cross_class,01,01::000004840001,4
2,cross_class,01,01::000004910001,7
2,cross_class,01,01::000006910001,6
2,cross_class,01,01::000006960001,1
2,cross_class,01,01::000006970001,7
2,cross_class,01,01::000006990001,4
2,cross_class,01,01::000007010001,9
2,cross_class,01,01::000007020001,8
2,cross_class,01,01::000007030001,5
2,cross_class,01,01::000007080001,5
2,cross_class,01,01::000007090001,4
2,cross_class,01,01::000007120001,6
2,cross_class,01,01::000007140001,11
2,cross_class,01,01::000007150001,6
2,cross_class,01,01::000007260001,7
2,cross_class,01,01::000007320001,13
2,cross_class,01,01::000007340001,4
2,cross_class,01,01::000007380001,16
2,cross_class,01,01::000007470001,11
2,cross_class,01,01::000007490001,2
2,cross_class,01,01::000009989597,9
2,cross_class,01,01::000010229598,3
2,cross_class,01,01::000011279598,3
2,cross_class,01,01::000013500001,3
2,cross_class,01,01::000013520001,9
2,cross_class,01,01::000014499598,13
2,cross_class,01,01::000015860001,8
2,cross_class,01,01::000016069598,8
2,cross_class,01,01::000016229598,2
2,cross_class,01,01::000017259597,1
2,cross_class,01,01::000017499598,47
2,cross_class,01,01::000017510001,1
2,cross_class,01,01::000017560001,1
2,cross_class,01,01::000017590001,3
2,cross_class,01,01::000017690001,1
2,cross_class,01,01::000017700001,1
2,cross_class,01,01::000017750001,9
2,cross_class,01,01::000017840001,7
2,cross_class,01,01::000018000001,2
2,cross_class,01,01::000018030001,3
2,cross_class,01,01::000018060001,4
2,cross_class,01,01::000021800001,5
2,cross_class,01,01::000021890001,2
2,cross_class,01,01::000021940001,2
2,cross_class,01,01::000021950001,21
2,cross_class,01,01::000022000001,6
2,cross_class,01,01::000022010001,3
2,cross_class,01,01::000022030001,6
2,cross_class,01,01::000022070001,12
2,cross_class,01,01::000022130001,8
2,cross_class,01,01::000022210001,2
2,cross_class,01,01::000022220001,19
2,cross_class,01,01::000022850001,14
2,cross_class,01,01::000023070001,1
2,cross_class,01,01::000023090001,7
2,cross_class,01,01::000023180001,3
2,cross_class,01,01::000023460001,9
2,cross_class,01,01::000023540001,2
2,cross_class,01,01::000023710001,3
2,cross_class,01,01::000023749598,3
2,cross_class,01,01::000023940001,4
2,cross_class,01,01::000024089596,2
2,cross_class,01,01::000025990001,1
2,cross_class,01,01::000026060001,2
2,cross_class,01,01::000026079598,18
2,cross_class,01,01::000026620001,4
2,cross_class,01,01::000026850001,3
2,cross_class,01,01::000026870001,3
2,cross_class,01,01::000027020001,12
2,cross_class,01,01::000027050001,1
2,cross_class,01,01::000027150001,2
2,cross_class,01,01::000027200001,2
2,cross_class,01,01::000027210001,10
2,cross_class,01,01::000027340001,3
2,cross_class,01,01::000033590001,1
2,cross_class,01,01::000034880001,1
2,cross_class,01,01::000035090001,4
2,cross_class,01,01::000044599596,5
2,cross_class,01,01::000053049598,2
2,cross_class,01,01::000053419598,5
2,cross_class,01,01::000066469598,8
2,cross_class,01,01::000068229598,16
2,cross_class,01,01::000078909598,3
2,cross_class,01,01::000079579598,13
2,cross_class,01,01::000080349598,8
2,cross_class,01,01::000081289598,3
2,cross_class,01,01::000083099598,10
2,cross_class,01,01::000083459598,2
2,cross_class,01,01::000090519598,2
2,cross_class,01,01::000093829598,34
2,cross_class,01,01::000110989598,3
2,cross_class,01,01::000111979598,3
2,cross_class,01,01::000116089598,18
2,cross_class,01,01::000119689598,2
2,cross_class,01,01::000121259598,32
2,cross_class,01,01::000129779598,2
2,cross_class,01,01::000130639598,11
2,cross_class,01,01::000140849598,33
2,cross_class,01,01::000140879598,1
2,cross_class,01,01::000143079598,1
2,cross_class,01,01::000144149598,3
2,cross_class,01,01::000146769598,9
2,cross_class,01,01::000148389598,3
2,cross_class,01,01::000150659598,2
2,cross_class,01,01::000152499598,16
2,cross_class,01,01::000153179598,4
2,cross_class,01,01::000155679598,2
2,cross_class,01,01::000156629598,5
2,cross_class,01,01::000157169598,8
2,cross_class,01,01::000164509598,2
2,cross_class,01,01::000175059598,10
2,cross_class,01,01::000177699598,1
2,cross_class,01,01::000177739598,2
2,cross_class,01,01::000704000101,3
2,cross_class,01,01::002605000101,2
2,cross_class,01,01::003363000101,2
2,cross_class,01,01::003379315208,1
2,cross_class,01,01::003379345208,2
2,cross_class,01,01::003379515208,8
2,cross_class,01,01::003379535208,6
2,cross_class,01,01::003379555208,1
2,cross_class,01,01::003379615208,1
2,cross_class,01,01::003379765208,1
2,cross_class,01,01::003384475218,1
2,cross_class,01,01::003387595222,1
2,cross_class,01,01::003387775222,3
2,cross_class,01,01::003387845222,2
2,cross_class,01,01::003387895222,1
2,cross_class,01,01::003391225225,1
2,cross_class,01,01::003391255225,6
2,cross_class,01,01::003391305225,3
2,cross_class,01,01::003391335225,6
2,cross_class,01,01::003391415225,2
2,cross_class,01,01::003391535225,1
2,cross_class,01,01::003392045225,4
2,cross_class,01,01::003394845228,2
2,cross_class,01,01::003394885228,4
2,cross_class,01,01::003397455231,2
2,cross_class,01,01::003397615231,2
2,cross_class,01,01::003398205233,4
2,cross_class,01,01::003398215233,2
2,cross_class,01,01::003398295232,1
2,cross_class,01,01::003398565233,1
2,cross_class,01,01::003398655233,4
2,cross_class,01,01::003399365233,1
2,cross_class,01,01::003401835234,1
2,cross_class,01,01::003405265240,3
2,cross_class,01,01::003405635240,1
2,cross_class,01,01::003405665240,1
2,cross_class,01,01::003411645250,2
2,cross_class,01,01::003411765250,2
2,cross_class,01,01::003413185263,1
2,cross_class,01,01::003416985270,2
2,cross_class,01,01::003419265275,1
2,cross_class,01,01::003419365275,2
2,cross_class,01,01::003419375275,5
2,cross_class,01,01::003419395275,2
2,cross_class,01,01::003419405275,2
2,cross_class,01,01::003419415275,2
2,cross_class,01,01::003419455275,1
2,cross_class,01,01::003419665275,5
2,cross_class,01,01::003419765275,1
2,cross_class,01,01::003421175277,3
2,cross_class,01,01::003421215277,2
2,cross_class,01,01::003421365277,4
2,cross_class,01,01::003421915277,8
2,cross_class,01,01::003422195277,2
2,cross_class,01,01::003425455286,2
2,cross_class,01,01::003425465286,2
2,cross_class,01,01::003425475286,3
2,cross_class,01,01::003425595286,6
2,cross_class,01,01::003425665286,1
2,cross_class,01,01::003425805286,2
2,cross_class,01,01::003425815286,2
2,cross_class,01,01::003426005286,2
2,cross_class,01,01::003426015286,2
2,cross_class,01,01::003426045286,3
2,cross_class,01,01::003426075286,8
2,cross_class,01,01::003426105286,1
2,cross_class,01,01::003426175286,6
2,cross_class,01,01::003426195286,2
2,cross_class,01,01::003426255286,1
2,cross_class,01,01::003426475286,6
2,cross_class,01,01::003426515286,2
2,cross_class,01,01::003427845288,1
2,cross_class,01,01::003430125290,1
2,cross_class,01,01::003430225290,1
2,cross_class,01,01::003430375290,2
2,cross_class,01,01::003430455290,1
2,cross_class,01,01::003430545290,1
2,cross_class,01,01::003433465293,4
2,cross_class,01,01::003433695293,1
2,cross_class,01,01::003434055293,1
2,cross_class,01,01::003434075293,1
2,cross_class,01,01::003434115293,1
2,cross_class,01,01::003434295293,1
2,cross_class,01,01::003434545293,5
2,cross_class,01,01::003434575293,1
2,cross_class,01,01::003436985295,1
2,cross_class,01,01::003437405295,1
2,cross_class,01,01::003440415298,2
2,cross_class,01,01::003442475300,1
2,cross_class,01,01::003442635300,1
2,cross_class,01,01::003444425304,1
2,cross_class,01,01::003446295306,2
2,cross_class,01,01::003446405306,1
2,cross_class,01,01::003446735305,1
2,cross_class,01,01::003447175305,3
2,cross_class,01,01::003447275306,1
2,cross_class,01,01::003447375306,2
2,cross_class,01,01::003447755306,1
2,cross_class,01,01::003447765306,1
2,cross_class,01,01::003447785306,1
2,cross_class,01,01::003448045305,4
2,cross_class,01,01::003453125308,4
2,cross_class,01,01::003453755309,4
2,cross_class,01,01::003453825309,2
2,cross_class,01,01::003455915311,1
2,cross_class,01,01::003456205311,1
2,cross_class,01,01::003459075316,1
2,cross_class,01,01::003467345330,1
2,cross_class,01,01::003467765331,3
2,cross_class,01,01::003469155334,2
2,cross_class,01,01::003470655337,2
2,cross_class,01,01::003473915342,6
2,cross_class,01,01::003473995342,1
2,cross_class,01,01::003474445342,16
2,cross_class,01,01::003474575342,2
2,cross_class,01,01::003474605342,2
2,cross_class,01,01::003474625342,1
2,cross_class,01,01::003480315354,2
2,cross_class,01,01::003480325354,2
2,cross_class,01,01::003480455354,1
2,cross_class,01,01::003480615354,1
2,cross_class,01,01::003480985354,1
2,cross_class,01,01::003483615358,1
2,cross_class,01,01::003486445364,3
2,cross_class,01,01::003486695364,1
2,cross_class,01,01::003487235364,10
2,cross_class,01,01::003489745366,1
2,cross_class,01,01::003489765366,1
2,cross_class,01,01::003489815366,1
2,cross_class,01,01::003489835366,1
2,cross_class,01,01::003489855366,4
2,cross_class,01,01::003489865366,4
2,cross_class,01,01::003489875366,5
2,cross_class,01,01::003490095366,2
2,cross_class,01,01::003490205366,1
2,cross_class,01,01::003490285366,2
2,cross_class,01,01::003490715366,1
2,cross_class,01,01::003490795366,5
2,cross_class,01,01::003490805366,1
2,cross_class,01,01::003493505369,3
2,cross_class,01,01::003493515369,2
2,cross_class,01,01::003493675369,2
2,cross_class,01,01::003493805369,4
2,cross_class,01,01::003493855369,1
2,cross_class,01,01::003493935369,3
2,cross_class,01,01::003494095369,1
2,cross_class,01,01::003495845372,2
2,cross_class,01,01::003496075372,3
2,cross_class,01,01::003496565374,2
2,cross_class,01,01::003496625374,1
2,cross_class,01,01::003496685374,5
2,cross_class,01,01::003496725374,1
2,cross_class,01,01::003496795374,3
2,cross_class,01,01::003496965374,1
2,cross_class,01,01::003496995374,3
2,cross_class,01,01::003497065374,1
2,cross_class,01,01::003497165374,3
2,cross_class,01,01::003497235374,2
2,cross_class,01,01::003497305374,1
2,cross_class,01,01::003497395374,5
2,cross_class,01,01::003497485374,2
2,cross_class,01,01::003497595374,6
2,cross_class,01,01::003497655374,1
2,cross_class,01,01::003497665374,1
2,cross_class,01,01::003497825374,5
2,cross_class,01,01::003497915374,4
2,cross_class,01,01::003500755378,1
2,cross_class,01,01::003500855378,4
2,cross_class,01,01::003500925378,1
2,cross_class,01,01::003500935378,3
2,cross_class,01,01::003500975378,2
2,cross_class,01,01::003501095378,1
2,cross_class,01,01::003501285378,2
2,cross_class,01,01::003501355378,1
2,cross_class,01,01::003501385378,3
2,cross_class,01,01::003501405378,1
2,cross_class,01,01::003501655379,13
2,cross_class,01,01::003501835379,4
2,cross_class,01,01::003501885378,2
2,cross_class,01,01::003501935378,3
2,cross_class,01,01::003503135380,1
2,cross_class,01,01::003506245386,2
2,cross_class,01,01::003506425386,1
2,cross_class,01,01::003506745386,1
2,cross_class,01,01::003506755386,1
2,cross_class,01,01::003508725390,3
2,cross_class,01,01::003508755390,1
2,cross_class,01,01::003508805390,1
2,cross_class,01,01::003512665409,1
2,cross_class,01,01::003515315414,1
2,cross_class,01,01::003515925415,2
2,cross_class,01,01::003515955414,2
2,cross_class,01,01::003516345414,2
2,cross_class,01,01::003516455415,4
2,cross_class,01,01::003517235415,1
2,cross_class,01,01::003517405415,2
2,cross_class,01,01::003524595417,1
2,cross_class,01,01::003524855417,2
2,cross_class,01,01::003525465417,2
2,cross_class,01,01::003525825417,4
2,cross_class,01,01::003526365419,3
2,cross_class,01,01::003526475419,2
2,cross_class,01,01::003527245419,2
2,cross_class,01,01::003527395419,2
2,cross_class,01,01::003534145426,2
2,cross_class,01,01::003535085429,3
2,cross_class,01,01::003535145429,4
2,cross_class,01,01::003535225429,1
2,cross_class,01,01::003535245429,3
2,cross_class,01,01::003535285429,3
2,cross_class,01,01::003535335429,2
2,cross_class,01,01::003535405429,1
2,cross_class,01,01::003535495429,1
2,cross_class,01,01::003535565429,2
2,cross_class,01,01::003535695429,1
2,cross_class,01,01::003537345434,3
2,cross_class,01,01::003540615442,1
2,cross_class,01,01::003542995448,2
2,cross_class,01,01::003549895470,1
2,cross_class,01,01::003549965470,2
2,cross_class,01,01::003550075470,1
2,cross_class,01,01::003550165470,4
2,cross_class,01,01::003550195470,1
2,cross_class,01,01::003550295470,4
2,cross_class,01,01::003550305470,2
2,cross_class,01,01::003550315470,3
2,cross_class,01,01::003550335470,1
2,cross_class,01,01::003555445481,1
2,cross_class,01,01::003555565481,2
2,cross_class,01,01::003555575481,2
2,cross_class,01,01::003555695481,2
2,cross_class,01,01::003555715481,3
2,cross_class,01,01::003556575482,2
2,cross_class,01,01::003556745482,1
2,cross_class,01,01::003557015482,1
2,cross_class,01,01::003558735487,8
2,cross_class,01,01::003558755487,4
2,cross_class,01,01::003558825487,6
2,cross_class,01,01::003560245495,1
2,cross_class,01,01::003560435495,1
2,cross_class,01,01::003560715495,1
2,cross_class,01,01::003568365517,4
2,cross_class,01,01::003568615517,2
2,cross_class,01,01::003571965521,1
2,cross_class,01,01::003571975521,2
2,cross_class,01,01::003577025534,1
2,cross_class,01,01::003586455569,4
2,cross_class,01,01::003586525569,1
2,cross_class,01,01::003586615569,1
2,cross_class,01,01::003590775585,1
2,cross_class,01,01::003590975585,1
2,cross_class,01,01::003591005585,2
2,cross_class,01,01::003591595585,2
2,cross_class,01,01::003603045602,1
2,cross_class,01,01::003604435609,3
2,cross_class,01,01::003604565610,1
2,cross_class,01,01::003607155612,2
2,cross_class,01,01::003607225612,1
2,cross_class,01,01::003609445618,3
2,cross_class,01,01::003615765630,2
2,cross_class,01,01::003616175630,2
2,cross_class,01,01::003618565632,1
2,cross_class,01,01::003620305639,1
2,cross_class,01,01::003620615640,2
2,cross_class,01,01::003621225640,5
2,cross_class,01,01::003621235640,1
2,cross_class,01,01::003628845658,6
2,cross_class,01,01::003628975658,1
2,cross_class,01,01::003629365658,2
2,cross_class,01,01::003633515671,4
2,cross_class,01,01::003641985707,2
2,cross_class,01,01::003642435707,2
2,cross_class,01,01::003645175716,2
2,cross_class,01,01::003645215716,1
2,cross_class,01,01::003645275716,5
2,cross_class,01,01::003645295716,2
2,cross_class,01,01::003645545716,1
2,cross_class,01,01::003645675716,6
2,cross_class,01,01::003645745716,1
2,cross_class,01,01::003645865716,1
2,cross_class,01,01::003646315718,1
2,cross_class,01,01::003651625728,1
2,cross_class,01,01::003653855736,1
2,cross_class,01,01::003656345748,1
2,cross_class,01,01::003657775752,3
2,cross_class,01,01::003657965752,3
2,cross_class,01,01::003658015752,1
2,cross_class,01,01::003658155752,2
2,cross_class,01,01::003658175752,3
2,cross_class,01,01::003658415752,4
2,cross_class,01,01::003658425752,1
2,cross_class,01,01::003658435752,6
2,cross_class,01,01::003658575752,1
2,cross_class,01,01::003661745760,6
2,cross_class,01,01::003661765760,1
2,cross_class,01,01::003665095766,3
2,cross_class,01,01::003665415765,1
2,cross_class,01,01::003665835765,2
2,cross_class,01,01::003665935765,1
2,cross_class,01,01::003669075772,1
2,cross_class,01,01::003678585781,1
2,cross_class,01,01::003681415782,2
2,cross_class,01,01::003682415784,1
2,cross_class,01,01::003683185784,2
2,cross_class,01,01::003683305784,1
2,cross_class,01,01::003689905794,1
2,cross_class,01,01::003690435794,8
2,cross_class,01,01::003690455794,1
2,cross_class,01,01::003693695804,1
2,cross_class,01,01::003693835805,1
2,cross_class,01,01::003695575806,1
2,cross_class,01,01::003698265825,1
2,cross_class,01,01::003698275825,1
2,cross_class,01,01::003698725825,7
2,cross_class,01,01::003698735825,2
2,cross_class,01,01::003698755825,2
2,cross_class,01,01::003700695834,1
2,cross_class,01,01::003700955834,1
2,cross_class,01,01::003701215834,1
2,cross_class,01,01::003701745833,3
2,cross_class,01,01::003702175833,1
2,cross_class,01,01::003708915845,1
2,cross_class,01,01::003710145846,3
2,cross_class,01,01::003710215846,1
2,cross_class,01,01::003710575846,2
2,cross_class,01,01::003710795846,2
2,cross_class,01,01::003713435850,2
2,cross_class,01,01::003713675850,2
2,cross_class,01,01::003714895855,2
2,cross_class,01,01::003715145857,1
2,cross_class,01,01::003715285857,1
2,cross_class,01,01::003715345857,2
2,cross_class,01,01::003715605857,2
2,cross_class,01,01::003717635859,1
2,cross_class,01,01::003717735859,2
2,cross_class,01,01::003717825859,3
2,cross_class,01,01::003725505873,1
2,cross_class,01,01::003730545880,4
2,cross_class,01,01::003730805880,1
2,cross_class,01,01::003734855888,1
2,cross_class,01,01::003735685894,1
2,cross_class,01,01::003735795894,2
2,cross_class,01,01::003736085894,3
2,cross_class,01,01::003745745931,1
2,cross_class,01,01::003747535940,2
2,cross_class,01,01::003747705940,1
2,cross_class,01,01::003751645959,2
2,cross_class,01,01::003751725959,2
2,cross_class,01,01::003755825976,1
2,cross_class,01,01::003756265977,3
2,cross_class,01,01::003762095989,1
2,cross_class,01,01::003768306002,2
2,cross_class,01,01::003771986011,5
2,cross_class,01,01::003776436025,2
2,cross_class,01,01::003778956033,1
2,cross_class,01,01::003779046033,1
2,cross_class,01,01::003780566038,2
2,cross_class,01,01::003780616038,7
2,cross_class,01,01::003780716038,2
2,cross_class,01,01::003780776038,5
2,cross_class,01,01::003780816038,1
2,cross_class,01,01::003780876038,2
2,cross_class,01,01::003780886038,2
2,cross_class,01,01::003780896038,2
2,cross_class,01,01::003782176043,1
2,cross_class,01,01::003788886066,1
2,cross_class,01,01::003791206075,2
2,cross_class,01,01::003791336075,1
2,cross_class,01,01::003791596076,1
2,cross_class,01,01::003796696085,3
2,cross_class,01,01::003796796085,2
2,cross_class,01,01::003796816085,1
2,cross_class,01,01::003798306092,1
2,cross_class,01,01::003800446101,1
2,cross_class,01,01::003802746103,2
2,cross_class,01,01::003803936104,2
2,cross_class,01,01::003805976105,1
2,cross_class,01,01::003806766110,1
2,cross_class,01,01::003813316120,2
2,cross_class,01,01::003813696123,1
2,cross_class,01,01::003814196124,1
2,cross_class,01,01::003814446124,1
2,cross_class,01,01::003814786124,1
2,cross_class,01,01::003814856124,1
2,cross_class,01,01::003815026124,5
2,cross_class,01,01::003815136124,7
2,cross_class,01,01::003815146124,1
2,cross_class,01,01::003815256124,1
2,cross_class,01,01::003815396124,2
2,cross_class,01,01::003815466124,2
2,cross_class,01,01::003817616126,1
2,cross_class,01,01::003819616127,1
2,cross_class,01,01::003819656127,1
2,cross_class,01,01::003819826127,4
2,cross_class,01,01::003822026135,3
2,cross_class,01,01::003825756156,1
2,cross_class,01,01::003826166157,1
2,cross_class,01,01::003827406157,3
2,cross_class,01,01::003832986168,1
2,cross_class,01,01::003833136168,1
2,cross_class,01,01::003833306168,1
2,cross_class,01,01::003833396168,1
2,cross_class,01,01::003833406168,2
2,cross_class,01,01::003836876177,1
2,cross_class,01,01::003837076178,5
2,cross_class,01,01::003837126178,1
2,cross_class,01,01::003838116180,1
2,cross_class,01,01::003838176180,1
2,cross_class,01,01::003838396180,2
2,cross_class,01,01::003838516180,2
2,cross_class,01,01::003840686187,1
2,cross_class,01,01::003840896187,1
2,cross_class,01,01::003840936187,5
2,cross_class,01,01::003841106187,1
2,cross_class,01,01::003841366187,1
2,cross_class,01,01::003843386191,3
2,cross_class,01,01::003843476191,2
2,cross_class,01,01::003843656191,2
2,cross_class,01,01::003843686191,2
2,cross_class,01,01::003843806191,1
2,cross_class,01,01::003843846191,2
2,cross_class,01,01::003845206197,2
2,cross_class,01,01::003846696198,1
2,cross_class,01,01::003846916198,2
2,cross_class,01,01::003848846201,3
2,cross_class,01,01::003849176201,3
2,cross_class,01,01::003871206248,2
2,cross_class,01,01::003873726251,1
2,cross_class,01,01::003873856251,1
2,cross_class,01,01::003874706255,1
2,cross_class,01,01::003878296276,1
2,cross_class,01,01::003878706276,1
2,cross_class,01,01::003879116276,7
2,cross_class,01,01::003882946287,2
2,cross_class,01,01::003882956287,3
2,cross_class,01,01::003883166287,2
2,cross_class,01,01::003883186287,2
2,cross_class,01,01::003883276287,2
2,cross_class,01,01::003883396287,1
2,cross_class,01,01::003883606287,2
2,cross_class,01,01::003887566298,5
2,cross_class,01,01::003888256299,1
2,cross_class,01,01::003889026299,1
2,cross_class,01,01::003891906306,20
2,cross_class,01,01::003892146306,3
2,cross_class,01,01::003892216306,11
2,cross_class,01,01::003892226306,2
2,cross_class,01,01::003892346306,3
2,cross_class,01,01::003896196309,4
2,cross_class,01,01::003908986342,2
2,cross_class,01,01::003909946343,1
2,cross_class,01,01::003910086343,2
2,cross_class,01,01::003910376343,1
2,cross_class,01,01::003910926343,7
2,cross_class,01,01::003916036353,1
2,cross_class,01,01::003916066354,1
2,cross_class,01,01::003916236353,1
2,cross_class,01,01::003919356360,2
2,cross_class,01,01::003933346402,1
2,cross_class,01,01::003933436402,2
2,cross_class,01,01::003933516402,1
2,cross_class,01,01::003933836405,1
2,cross_class,01,01::003935146408,2
2,cross_class,01,01::003935306408,4
2,cross_class,01,01::003935456408,4
2,cross_class,01,01::003935666408,7
2,cross_class,01,01::003937116411,6
2,cross_class,01,01::003937206412,2
2,cross_class,01,01::003937736411,2
2,cross_class,01,01::003937796411,1
2,cross_class,01,01::003939866416,4
2,cross_class,01,01::003939966416,3
2,cross_class,01,01::003939986416,1
2,cross_class,01,01::003940136416,1
2,cross_class,01,01::003940256416,3
2,cross_class,01,01::003942006420,1
2,cross_class,01,01::003942056420,1
2,cross_class,01,01::003943416429,1
2,cross_class,01,01::003943506429,1
2,cross_class,01,01::003943566429,6
2,cross_class,01,01::003943596429,4
2,cross_class,01,01::003943706429,3
2,cross_class,01,01::003943726429,2
2,cross_class,01,01::003943906429,1
2,cross_class,01,01::003943946429,1
2,cross_class,01,01::003943986429,3
2,cross_class,01,01::003943996429,3
2,cross_class,01,01::003944046429,3
2,cross_class,01,01::003944176429,1
2,cross_class,01,01::003946256435,3
2,cross_class,01,01::003948716438,1
2,cross_class,01,01::003955796462,2
2,cross_class,01,01::003956076462,1
2,cross_class,01,01::003958316470,2
2,cross_class,01,01::003958336470,3
2,cross_class,01,01::003958426470,2
2,cross_class,01,01::003958456470,1
2,cross_class,01,01::003961616475,2
2,cross_class,01,01::003961756475,1
2,cross_class,01,01::003962276475,1
2,cross_class,01,01::003966376489,1
2,cross_class,01,01::003968766494,3
2,cross_class,01,01::003969506494,1
2,cross_class,01,01::003976716512,2
2,cross_class,01,01::003976946512,2
2,cross_class,01,01::003977056512,3
2,cross_class,01,01::003977106512,2
2,cross_class,01,01::003977206512,1
2,cross_class,01,01::003977286512,8
2,cross_class,01,01::004078716695,2
2,cross_class,01,01::004085666713,1
2,cross_class,01,01::004085686713,3
2,cross_class,01,01::004085756713,1
2,cross_class,01,01::004086126713,1
2,cross_class,01,01::004089206715,1
2,cross_class,01,01::004094566724,1
2,cross_class,01,01::004094666724,3
2,cross_class,01,01::004094896724,4
2,cross_class,01,01::004095226724,3
2,cross_class,01,01::004095656724,1
2,cross_class,01,01::004095886724,2
2,cross_class,01,01::004096116724,5
2,cross_class,01,01::004096166724,3
2,cross_class,01,01::004096676724,7
2,cross_class,01,01::004099326726,1
2,cross_class,01,01::004099646725,3
2,cross_class,01,01::004100006725,2
2,cross_class,01,01::004100346725,1
2,cross_class,01,01::004100486725,1
2,cross_class,01,01::004100626726,2
2,cross_class,01,01::004100726725,3
2,cross_class,01,01::004100756726,1
2,cross_class,01,01::004100806725,1
2,cross_class,01,01::004105536731,1
2,cross_class,01,01::004105866731,2
2,cross_class,01,01::004105996731,6
2,cross_class,01,01::004110266741,1
2,cross_class,01,01::004110586741,3
2,cross_class,01,01::004115316747,1
2,cross_class,01,01::004115326747,2
2,cross_class,01,01::004115736747,1
2,cross_class,01,01::004116526748,1
2,cross_class,01,01::004120666751,1
2,cross_class,01,01::004120746751,4
2,cross_class,01,01::004121026751,1
2,cross_class,01,01::004121096751,2
2,cross_class,01,01::004121616751,3
2,cross_class,01,01::004121716751,2
2,cross_class,01,01::004121816751,2
2,cross_class,01,01::004125936756,1
2,cross_class,01,01::004126186756,2
2,cross_class,01,01::004126256756,2
2,cross_class,01,01::004126656756,10
2,cross_class,01,01::004126696756,1
2,cross_class,01,01::004126796756,2
2,cross_class,01,01::004126896756,1
2,cross_class,01,01::004127116756,3
2,cross_class,01,01::004127196756,5
2,cross_class,01,01::004127236756,1
2,cross_class,01,01::004127316756,8
2,cross_class,01,01::004127386756,8
2,cross_class,01,01::004128446758,2
2,cross_class,01,01::004132016766,1
2,cross_class,01,01::004132126766,2
2,cross_class,01,01::004133556771,3
2,cross_class,01,01::004133626771,2
2,cross_class,01,01::004133816771,3
2,cross_class,01,01::004134196771,2
2,cross_class,01,01::004134256772,5
2,cross_class,01,01::004136036775,1
2,cross_class,01,01::004138596778,1
2,cross_class,01,01::004139206779,1
2,cross_class,01,01::004139516779,1
2,cross_class,01,01::004139566779,4
2,cross_class,01,01::004147826798,3
2,cross_class,01,01::004154756805,5
2,cross_class,01,01::004154836805,3
2,cross_class,01,01::004156676808,1
2,cross_class,01,01::004156966808,1
2,cross_class,01,01::004157806809,1
2,cross_class,01,01::004160386811,1
2,cross_class,01,01::004160536811,1
2,cross_class,01,01::004160906811,1
2,cross_class,01,01::004161506811,1
2,cross_class,01,01::004164686815,1
2,cross_class,01,01::004164816815,2
2,cross_class,01,01::004165006815,1
2,cross_class,01,01::004165336815,1
2,cross_class,01,01::004165366815,1
2,cross_class,01,01::004172516828,1
2,cross_class,01,01::004172616828,5
2,cross_class,01,01::004172866828,2
2,cross_class,01,01::004173226828,1
2,cross_class,01,01::004173256828,1
2,cross_class,01,01::004173556828,1
2,cross_class,01,01::004176456832,1
2,cross_class,01,01::004176836832,4
2,cross_class,01,01::004176966832,3
2,cross_class,01,01::004180206835,2
2,cross_class,01,01::004185616842,1
2,cross_class,01,01::004185896842,1
2,cross_class,01,01::004192776854,1
2,cross_class,01,01::004194386857,2
2,cross_class,01,01::004194526858,1
2,cross_class,01,01::004194546858,2
2,cross_class,01,01::004196766862,1
2,cross_class,01,01::004200826866,1
2,cross_class,01,01::004202746869,1
2,cross_class,01,01::004204756877,3
2,cross_class,01,01::004205216877,2
2,cross_class,01,01::004205306877,1
2,cross_class,01,01::004210566888,3
2,cross_class,01,01::004211066888,3
2,cross_class,01,01::004227116913,1
2,cross_class,01,01::004227346913,1
2,cross_class,01,01::004227356913,1
2,cross_class,01,01::004227376913,1
2,cross_class,01,01::004227536913,1
2,cross_class,01,01::004232316919,1
2,cross_class,01,01::004235636929,1
2,cross_class,01,01::004244556944,3
2,cross_class,01,01::004244726944,1
2,cross_class,01,01::004247446949,1
2,cross_class,01,01::004258096957,2
2,cross_class,01,01::004258266957,3
2,cross_class,01,01::004259746960,1
2,cross_class,01,01::004259926960,1
2,cross_class,01,01::004260126960,4
2,cross_class,01,01::004260256960,1
2,cross_class,01,01::004260716960,1
2,cross_class,01,01::004260976960,1
2,cross_class,01,01::004265336967,5
2,cross_class,01,01::004265536967,1
2,cross_class,01,01::004266226971,1
2,cross_class,01,01::004274926976,4
2,cross_class,01,01::004275256976,2
2,cross_class,01,01::004276086976,2
2,cross_class,01,01::004286117003,1
2,cross_class,01,01::004286257003,3
2,cross_class,01,01::004288027004,1
2,cross_class,01,01::004288577004,1
2,cross_class,01,01::004295757022,1
2,cross_class,01,01::004298617027,1
2,cross_class,01,01::004300097030,1
2,cross_class,01,01::004300667031,1
2,cross_class,01,01::004302907031,3
2,cross_class,01,01::004306547033,4
2,cross_class,01,01::004309287035,1
2,cross_class,01,01::004310577035,2
2,cross_class,01,01::004313087038,2
2,cross_class,01,01::004313477038,2
2,cross_class,01,01::004314227038,2
2,cross_class,01,01::004328057042,1
2,cross_class,01,01::004328417042,1
2,cross_class,01,01::004328427042,4
2,cross_class,01,01::004334147049,2
2,cross_class,01,01::004334567049,1
2,cross_class,01,01::004335587052,1
2,cross_class,01,01::004335727052,2
2,cross_class,01,01::004342357065,4
2,cross_class,01,01::004343267065,1
2,cross_class,01,01::004346967076,1
2,cross_class,01,01::004347227078,1
2,cross_class,01,01::004348297078,1
2,cross_class,01,01::004348757078,2
2,cross_class,01,01::004348907078,1
2,cross_class,01,01::004351687079,1
2,cross_class,01,01::004358857102,3
2,cross_class,01,01::004359067102,5
2,cross_class,01,01::004359197102,1
2,cross_class,01,01::004360167105,2
2,cross_class,01,01::004360997106,5
2,cross_class,01,01::004361317106,1
2,cross_class,01,01::004361387106,1
2,cross_class,01,01::004367857107,2
2,cross_class,01,01::004370147107,2
2,cross_class,01,01::004370347107,4
2,cross_class,01,01::004371747107,1
2,cross_class,01,01::004380017113,10
2,cross_class,01,01::004380157113,1
2,cross_class,01,01::004380307113,1
2,cross_class,01,01::004383777117,2
2,cross_class,01,01::004387277118,1
2,cross_class,01,01::004388707119,1
2,cross_class,01,01::004399447131,1
2,cross_class,01,01::004409907147,1
2,cross_class,01,01::004409947147,1
2,cross_class,01,01::004409967148,1
2,cross_class,01,01::004414267149,2
2,cross_class,01,01::004414347149,1
2,cross_class,01,01::004414457149,1
2,cross_class,01,01::004418707161,2
2,cross_class,01,01::004418797161,2
2,cross_class,01,01::004418847161,1
2,cross_class,01,01::004421447170,2
2,cross_class,01,01::004421457170,5
2,cross_class,01,01::004426207184,2
2,cross_class,01,01::004427477186,1
2,cross_class,01,01::004428507188,1
2,cross_class,01,01::004429037188,2
2,cross_class,01,01::004430157190,1
2,cross_class,01,01::004430337190,1
2,cross_class,01,01::004431107190,3
2,cross_class,01,01::004435967192,1
2,cross_class,01,01::004436047192,1
2,cross_class,01,01::004436977192,1
2,cross_class,01,01::004451887211,1
2,cross_class,01,01::004452307211,1
2,cross_class,01,01::004452547212,1
2,cross_class,01,01::004455227220,2
2,cross_class,01,01::004458037223,2
2,cross_class,01,01::004458057223,2
2,cross_class,01,01::004460907244,6
2,cross_class,01,01::004460917244,10
2,cross_class,01,01::004461087244,2
2,cross_class,01,01::004461227244,6
2,cross_class,01,01::004461757244,2
2,cross_class,01,01::004461937244,3
2,cross_class,01,01::004465307252,7
2,cross_class,01,01::004474627254,2
2,cross_class,01,01::004474917255,1
2,cross_class,01,01::004475377254,2
2,cross_class,01,01::004480077258,1
2,cross_class,01,01::004495067267,3
2,cross_class,01,01::004495087267,2
2,cross_class,01,01::004497697273,1
2,cross_class,01,01::004497797273,1
2,cross_class,01,01::004501907285,2
2,cross_class,01,01::004502197285,2
2,cross_class,01,01::004502247285,2
2,cross_class,01,01::004502267285,2
2,cross_class,01,01::004502287285,1
2,cross_class,01,01::004502947286,1
2,cross_class,01,01::004503127286,4
2,cross_class,01,01::004511837302,4
2,cross_class,01,01::004511907302,1
2,cross_class,01,01::004514057315,1
2,cross_class,01,01::004521217324,1
2,cross_class,01,01::004521527324,1
2,cross_class,01,01::004521677324,4
2,cross_class,01,01::004524137333,1
2,cross_class,01,01::004524207333,2
2,cross_class,01,01::004527237339,1
2,cross_class,01,01::004536617356,1
2,cross_class,01,01::004540047360,1
2,cross_class,01,01::004543497366,2
2,cross_class,01,01::004544057366,1
2,cross_class,01,01::004544167366,2
2,cross_class,01,01::004544277366,1
2,cross_class,01,01::004544347366,1
2,cross_class,01,01::004548597375,1
2,cross_class,01,01::004548747375,3
2,cross_class,01,01::004550527377,1
2,cross_class,01,01::004550587377,2
2,cross_class,01,01::004551437377,5
2,cross_class,01,01::004551587377,1
2,cross_class,01,01::004568277401,1
2,cross_class,01,01::004568447401,2
2,cross_class,01,01::004568807401,1
2,cross_class,01,01::004568927401,1
2,cross_class,01,01::004569047401,1
2,cross_class,01,01::004571597407,2
2,cross_class,01,01::004571637407,1
2,cross_class,01,01::004571737407,8
2,cross_class,01,01::004571767407,6
2,cross_class,01,01::004571867407,2
2,cross_class,01,01::004573387411,1
2,cross_class,01,01::004577517417,1
2,cross_class,01,01::004577527417,3
2,cross_class,01,01::004577917417,1
2,cross_class,01,01::004584127425,1
2,cross_class,01,01::004590557446,5
2,cross_class,01,01::004590597446,3
2,cross_class,01,01::004594167451,1
2,cross_class,01,01::004597877454,2
2,cross_class,01,01::004598177455,1
2,cross_class,01,01::004598197455,1
2,cross_class,01,01::004598917455,1
2,cross_class,01,01::004599727455,1
2,cross_class,01,01::004658213558,1
2,cross_class,01,01::004706803564,2
2,cross_class,01,01::004712683565,1
2,cross_class,01,01::004714803565,1
2,cross_class,01,01::342161527701,5
2,cross_class,01,01::342224527701,1
2,cross_class,01,01::344736530501,4
2,cross_class,01,01::347372534201,1
2,cross_class,01,01::370071583401,1
2,cross_class,01,01::377488602201,1
2,cross_class,01,01::389955632001,1
2,cross_class,01,01::420934688501,1
2,cross_class,01,01::422661691301,1
2,cross_class,01,01::443205719101,1
2,cross_class,01,01::447513725401,2
2,cross_class,02,02::000000249596,5
2,cross_class,02,02::000005579596,3
2,cross_class,02,02::000012709596,2
2,cross_class,02,02::000013120001,23
2,cross_class,02,02::000013560001,5
2,cross_class,02,02::000013630001,7
2,cross_class,02,02::000019620001,1
2,cross_class,02,02::000019870001,6
2,cross_class,02,02::000021719596,7
2,cross_class,02,02::000022849596,12
2,cross_class,02,02::000026410001,7
2,cross_class,02,02::000026820001,5
2,cross_class,02,02::000026900001,7
2,cross_class,02,02::000027390001,1
2,cross_class,02,02::000030359596,11
2,cross_class,02,02::000034150001,3
2,cross_class,02,02::000034289596,16
2,cross_class,02,02::000050649596,5
2,cross_class,02,02::000059259596,2
2,cross_class,02,02::000062189596,5
2,cross_class,02,02::000062389596,2
2,cross_class,02,02::000062609596,4
2,cross_class,02,02::000062829596,2
2,cross_class,02,02::000068429596,4
2,cross_class,02,02::000069119596,22
2,cross_class,02,02::000069169596,9
2,cross_class,02,02::000069709596,1
2,cross_class,02,02::000070549596,8
2,cross_class,02,02::000072049596,7
2,cross_class,02,02::000072479596,9
2,cross_class,02,02::001394000102,12
2,cross_class,02,02::002382000102,1
2,cross_class,02,02::002600000102,1
2,cross_class,02,02::002605000102,1
2,cross_class,02,02::003380915211,5
2,cross_class,02,02::003381075211,8
2,cross_class,02,02::003381185211,1
2,cross_class,02,02::003381365211,2
2,cross_class,02,02::003381605211,7
2,cross_class,02,02::003381645211,3
2,cross_class,02,02::003388185223,2
2,cross_class,02,02::003388265223,3
2,cross_class,02,02::003388425223,2
2,cross_class,02,02::003388695223,3
2,cross_class,02,02::003397965232,2
2,cross_class,02,02::003398385232,10
2,cross_class,02,02::003399095232,4
2,cross_class,02,02::003399185232,2
2,cross_class,02,02::003405895240,2
2,cross_class,02,02::003406055240,4
2,cross_class,02,02::003428215288,1
2,cross_class,02,02::003428285288,2
2,cross_class,02,02::003430905291,4
2,cross_class,02,02::003431045291,1
2,cross_class,02,02::003432095292,4
2,cross_class,02,02::003432565292,2
2,cross_class,02,02::003444995304,2
2,cross_class,02,02::003446275305,1
2,cross_class,02,02::003459435316,1
2,cross_class,02,02::003461875325,2
2,cross_class,02,02::003462245325,6
2,cross_class,02,02::003462265325,5
2,cross_class,02,02::003462355325,12
2,cross_class,02,02::003462515325,2
2,cross_class,02,02::003470685337,3
2,cross_class,02,02::003474065342,3
2,cross_class,02,02::003474075342,2
2,cross_class,02,02::003474165342,2
2,cross_class,02,02::003474195342,3
2,cross_class,02,02::003494745372,1
2,cross_class,02,02::003495495372,1
2,cross_class,02,02::003495685372,13
2,cross_class,02,02::003495995372,3
2,cross_class,02,02::003516075415,16
2,cross_class,02,02::003516145415,1
2,cross_class,02,02::003525655417,5
2,cross_class,02,02::003526455419,6
2,cross_class,02,02::003526645419,1
2,cross_class,02,02::003526965419,4
2,cross_class,02,02::003537245434,3
2,cross_class,02,02::003537485434,3
2,cross_class,02,02::003541925448,1
2,cross_class,02,02::003541985448,2
2,cross_class,02,02::003542125448,6
2,cross_class,02,02::003542275448,3
2,cross_class,02,02::003542325448,1
2,cross_class,02,02::003542625448,2
2,cross_class,02,02::003543035448,5
2,cross_class,02,02::003552705472,4
2,cross_class,02,02::003554155478,3
2,cross_class,02,02::003564745506,3
2,cross_class,02,02::003577705534,3
2,cross_class,02,02::003582005544,1
2,cross_class,02,02::003582325544,2
2,cross_class,02,02::003586555569,1
2,cross_class,02,02::003586605569,4
2,cross_class,02,02::003586855569,2
2,cross_class,02,02::003597305595,1
2,cross_class,02,02::003609075618,2
2,cross_class,02,02::003612465621,2
2,cross_class,02,02::003613045623,2
2,cross_class,02,02::003617705632,5
2,cross_class,02,02::003617855632,3
2,cross_class,02,02::003617865632,8
2,cross_class,02,02::003620465639,2
2,cross_class,02,02::003621075639,1
2,cross_class,02,02::003642155707,3
2,cross_class,02,02::003642315707,4
2,cross_class,02,02::003642425707,1
2,cross_class,02,02::003651335728,2
2,cross_class,02,02::003651685728,2
2,cross_class,02,02::003651705728,2
2,cross_class,02,02::003651885728,1
2,cross_class,02,02::003672585773,2
2,cross_class,02,02::003673535773,2
2,cross_class,02,02::003674735773,1
2,cross_class,02,02::003679705782,2
2,cross_class,02,02::003679825782,4
2,cross_class,02,02::003680755782,4
2,cross_class,02,02::003680795782,1
2,cross_class,02,02::003680815782,1
2,cross_class,02,02::003680845782,5
2,cross_class,02,02::003681375782,4
2,cross_class,02,02::003697575818,3
2,cross_class,02,02::003705555838,9
2,cross_class,02,02::003705665838,1
2,cross_class,02,02::003706175838,3
2,cross_class,02,02::003707265844,1
2,cross_class,02,02::003708385845,1
2,cross_class,02,02::003708645845,2
2,cross_class,02,02::003708725845,1
2,cross_class,02,02::003708995845,2
2,cross_class,02,02::003709015845,3
2,cross_class,02,02::003709195845,8
2,cross_class,02,02::003709345845,1
2,cross_class,02,02::003709495845,2
2,cross_class,02,02::003713415850,8
2,cross_class,02,02::003714515855,7
2,cross_class,02,02::003714535855,2
2,cross_class,02,02::003714795855,2
2,cross_class,02,02::003722125870,2
2,cross_class,02,02::003722615870,1
2,cross_class,02,02::003723355870,4
2,cross_class,02,02::003723475870,1
2,cross_class,02,02::003723495870,3
2,cross_class,02,02::003723525870,2
2,cross_class,02,02::003725095873,1
2,cross_class,02,02::003725185873,3
2,cross_class,02,02::003725615873,3
2,cross_class,02,02::003732395882,1
2,cross_class,02,02::003738615908,1
2,cross_class,02,02::003739015908,1
2,cross_class,02,02::003739325908,1
2,cross_class,02,02::003745145931,1
2,cross_class,02,02::003755375976,6
2,cross_class,02,02::003755525976,1
2,cross_class,02,02::003755755976,4
2,cross_class,02,02::003764695997,3
2,cross_class,02,02::003772386012,2
2,cross_class,02,02::003772406012,2
2,cross_class,02,02::003774806022,3
2,cross_class,02,02::003775036022,3
2,cross_class,02,02::003782086043,1
2,cross_class,02,02::003784246052,7
2,cross_class,02,02::003784956052,3
2,cross_class,02,02::003789026066,2
2,cross_class,02,02::003791256075,10
2,cross_class,02,02::003798656092,2
2,cross_class,02,02::003804946105,2
2,cross_class,02,02::003805026105,3
2,cross_class,02,02::003805306105,4
2,cross_class,02,02::003805926105,5
2,cross_class,02,02::003809296114,2
2,cross_class,02,02::003809406114,2
2,cross_class,02,02::003819856127,3
2,cross_class,02,02::003826236157,2
2,cross_class,02,02::003826446157,6
2,cross_class,02,02::003826536157,1
2,cross_class,02,02::003826566157,2
2,cross_class,02,02::003827386157,5
2,cross_class,02,02::003839346184,1
2,cross_class,02,02::003845266197,1
2,cross_class,02,02::003845866197,1
2,cross_class,02,02::003865196237,2
2,cross_class,02,02::003865206237,1
2,cross_class,02,02::003865236237,2
2,cross_class,02,02::003889396299,2
2,cross_class,02,02::003895386309,2
2,cross_class,02,02::003898836320,8
2,cross_class,02,02::003898916320,1
2,cross_class,02,02::003899336320,2
2,cross_class,02,02::003899356320,1
2,cross_class,02,02::003917516356,5
2,cross_class,02,02::003921076366,3
2,cross_class,02,02::003921616366,2
2,cross_class,02,02::003921686366,6
2,cross_class,02,02::003925666379,4
2,cross_class,02,02::003926206379,4
2,cross_class,02,02::003926246379,2
2,cross_class,02,02::003961346475,1
2,cross_class,02,02::003962096475,2
2,cross_class,02,02::003966236489,2
2,cross_class,02,02::003966256489,4
2,cross_class,02,02::003966266489,1
2,cross_class,02,02::003967996494,2
2,cross_class,02,02::003968546494,2
2,cross_class,02,02::003972776502,1
2,cross_class,02,02::004079506696,5
2,cross_class,02,02::004080056696,1
2,cross_class,02,02::004093046723,4
2,cross_class,02,02::004093056722,5
2,cross_class,02,02::004094226722,1
2,cross_class,02,02::004094286723,10
2,cross_class,02,02::004094676723,5
2,cross_class,02,02::004094686723,2
2,cross_class,02,02::004146406796,1
2,cross_class,02,02::004146456796,6
2,cross_class,02,02::004147186798,8
2,cross_class,02,02::004148136796,3
2,cross_class,02,02::004148166798,5
2,cross_class,02,02::004148676796,3
2,cross_class,02,02::004154116805,1
2,cross_class,02,02::004154156805,7
2,cross_class,02,02::004154646805,2
2,cross_class,02,02::004155016805,4
2,cross_class,02,02::004160476811,4
2,cross_class,02,02::004161036811,5
2,cross_class,02,02::004161316811,1
2,cross_class,02,02::004161366811,4
2,cross_class,02,02::004161386811,6
2,cross_class,02,02::004164756815,5
2,cross_class,02,02::004165026815,4
2,cross_class,02,02::004165226815,1
2,cross_class,02,02::004169016823,1
2,cross_class,02,02::004178946835,2
2,cross_class,02,02::004184126840,3
2,cross_class,02,02::004196826862,1
2,cross_class,02,02::004199236865,5
2,cross_class,02,02::004200306866,1
2,cross_class,02,02::004200356867,1
2,cross_class,02,02::004210856888,6
2,cross_class,02,02::004210866888,2
2,cross_class,02,02::004223916906,1
2,cross_class,02,02::004226996913,1
2,cross_class,02,02::004227276913,2
2,cross_class,02,02::004232166918,1
2,cross_class,02,02::004264826967,6
2,cross_class,02,02::004264866967,1
2,cross_class,02,02::004270306972,2
2,cross_class,02,02::004270686972,1
2,cross_class,02,02::004272726975,1
2,cross_class,02,02::004275866976,2
2,cross_class,02,02::004288527004,2
2,cross_class,02,02::004306927033,1
2,cross_class,02,02::004329437042,1
2,cross_class,02,02::004339117060,5
2,cross_class,02,02::004342067064,1
2,cross_class,02,02::004342247064,2
2,cross_class,02,02::004347717078,1
2,cross_class,02,02::004349327078,1
2,cross_class,02,02::004355047091,1
2,cross_class,02,02::004355127091,2
2,cross_class,02,02::004355707094,5
2,cross_class,02,02::004360517105,3
2,cross_class,02,02::004389387119,1
2,cross_class,02,02::004396327125,1
2,cross_class,02,02::004396427125,4
2,cross_class,02,02::004410427147,2
2,cross_class,02,02::004413177149,2
2,cross_class,02,02::004413617149,3
2,cross_class,02,02::004414097149,1
2,cross_class,02,02::004414517149,1
2,cross_class,02,02::004414537149,4
2,cross_class,02,02::004415017150,2
2,cross_class,02,02::004415037150,2
2,cross_class,02,02::004427167186,1
2,cross_class,02,02::004427187186,4
2,cross_class,02,02::004427277186,2
2,cross_class,02,02::004427297186,3
2,cross_class,02,02::004427327186,1
2,cross_class,02,02::004427357186,10
2,cross_class,02,02::004427457186,4
2,cross_class,02,02::004427537186,1
2,cross_class,02,02::004427627186,5
2,cross_class,02,02::004431807191,7
2,cross_class,02,02::004431827191,5
2,cross_class,02,02::004431997191,2
2,cross_class,02,02::004432147191,2
2,cross_class,02,02::004432307191,4
2,cross_class,02,02::004432387191,8
2,cross_class,02,02::004432527191,6
2,cross_class,02,02::004432617191,2
2,cross_class,02,02::004432697191,3
2,cross_class,02,02::004439927195,1
2,cross_class,02,02::004443867197,2
2,cross_class,02,02::004489337261,16
2,cross_class,02,02::004503337286,1
2,cross_class,02,02::004503387286,8
2,cross_class,02,02::004503547286,2
2,cross_class,02,02::004509897297,1
2,cross_class,02,02::004518947323,2
2,cross_class,02,02::004519597323,4
2,cross_class,02,02::004521947325,1
2,cross_class,02,02::004523947333,3
2,cross_class,02,02::004524007333,3
2,cross_class,02,02::004524027333,3
2,cross_class,02,02::004524057333,4
2,cross_class,02,02::004526647339,1
2,cross_class,02,02::004527367339,1
2,cross_class,02,02::004536387356,1
2,cross_class,02,02::004537147356,2
2,cross_class,02,02::004537327356,2
2,cross_class,02,02::004547767374,3
2,cross_class,02,02::004547917374,3
2,cross_class,02,02::004547947374,4
2,cross_class,02,02::004547997374,3
2,cross_class,02,02::004548117374,4
2,cross_class,02,02::004548177374,5
2,cross_class,02,02::004559997386,4
2,cross_class,02,02::004571937407,5
2,cross_class,02,02::004575127412,10
2,cross_class,02,02::004577147416,1
2,cross_class,02,02::004583747425,2
2,cross_class,02,02::004584297425,2
2,cross_class,02,02::004591817447,8
2,cross_class,02,02::004591967447,1
2,cross_class,02,02::004592687447,5
2,cross_class,02,02::004598237455,1
2,cross_class,02,02::004656573558,2
2,cross_class,02,02::004661693561,8
2,cross_class,02,02::004665003562,1
2,cross_class,02,02::004706543563,4
2,cross_class,02,02::347006533702,2
2,cross_class,02,02::365159572802,2
2,cross_class,02,02::389955632002,5
2,cross_class,02,02::421407689002,1
2,cross_class,03,03::000003089596,25
2,cross_class,03,03::000004599596,5
2,cross_class,03,03::000005729596,10
2,cross_class,03,03::000009449596,2
2,cross_class,03,03::000010079596,2
2,cross_class,03,03::000011239596,2
2,cross_class,03,03::000013090001,4
2,cross_class,03,03::000013160001,49
2,cross_class,03,03::000013180001,24
2,cross_class,03,03::000013320001,6
2,cross_class,03,03::000013490001,4
2,cross_class,03,03::000016069596,1
2,cross_class,03,03::000017329596,4
2,cross_class,03,03::000020230001,1
2,cross_class,03,03::000020330001,4
2,cross_class,03,03::000020979596,7
2,cross_class,03,03::000023879596,2
2,cross_class,03,03::000025529596,7
2,cross_class,03,03::000026859596,3
2,cross_class,03,03::000027160001,1
2,cross_class,03,03::000027319596,1
2,cross_class,03,03::000027799596,4
2,cross_class,03,03::000028099596,3
2,cross_class,03,03::000033480001,4
2,cross_class,03,03::000033570001,10
2,cross_class,03,03::000033680001,16
2,cross_class,03,03::000033700001,8
2,cross_class,03,03::000033820001,26
2,cross_class,03,03::000034189596,22
2,cross_class,03,03::000034610001,6
2,cross_class,03,03::000036049596,16
2,cross_class,03,03::000037509596,28
2,cross_class,03,03::000038829596,8
2,cross_class,03,03::000040729596,99
2,cross_class,03,03::000057239596,1
2,cross_class,03,03::000058399596,4
2,cross_class,03,03::000058729596,37
2,cross_class,03,03::000062339596,8
2,cross_class,03,03::000063989596,19
2,cross_class,03,03::000065009596,15
2,cross_class,03,03::000067919596,10
2,cross_class,03,03::000068119596,3
2,cross_class,03,03::000068419596,3
2,cross_class,03,03::001343000103,13
2,cross_class,03,03::001379000103,33
2,cross_class,03,03::002600000103,8
2,cross_class,03,03::003395135228,2
2,cross_class,03,03::003405405240,3
2,cross_class,03,03::003432175292,2
2,cross_class,03,03::003432805292,4
2,cross_class,03,03::003445305304,2
2,cross_class,03,03::003445365304,1
2,cross_class,03,03::003445635304,10
2,cross_class,03,03::003445795304,3
2,cross_class,03,03::003446335305,8
2,cross_class,03,03::003446435305,4
2,cross_class,03,03::003446575305,9
2,cross_class,03,03::003446765305,5
2,cross_class,03,03::003447095305,2
2,cross_class,03,03::003447135305,4
2,cross_class,03,03::003447395305,3
2,cross_class,03,03::003447485305,2
2,cross_class,03,03::003447735305,10
2,cross_class,03,03::003448005305,1
2,cross_class,03,03::003448085305,4
2,cross_class,03,03::003448395305,3
2,cross_class,03,03::003448455305,6
2,cross_class,03,03::003470485337,5
2,cross_class,03,03::003470535337,3
2,cross_class,03,03::003470575337,3
2,cross_class,03,03::003470905337,3
2,cross_class,03,03::003470965337,1
2,cross_class,03,03::003473545342,9
2,cross_class,03,03::003473715342,4
2,cross_class,03,03::003473795342,5
2,cross_class,03,03::003473865342,5
2,cross_class,03,03::003474375342,2
2,cross_class,03,03::003515305414,22
2,cross_class,03,03::003515705414,19
2,cross_class,03,03::003515825415,3
2,cross_class,03,03::003516085414,1
2,cross_class,03,03::003516175415,9
2,cross_class,03,03::003525775417,1
2,cross_class,03,03::003541895448,4
2,cross_class,03,03::003542095448,1
2,cross_class,03,03::003542215448,1
2,cross_class,03,03::003548885463,3
2,cross_class,03,03::003563085500,2
2,cross_class,03,03::003563355500,1
2,cross_class,03,03::003577495534,1
2,cross_class,03,03::003586445569,3
2,cross_class,03,03::003596735595,2
2,cross_class,03,03::003596825595,3
2,cross_class,03,03::003608715615,1
2,cross_class,03,03::003621165639,3
2,cross_class,03,03::003641815707,8
2,cross_class,03,03::003641875707,7
2,cross_class,03,03::003641895707,4
2,cross_class,03,03::003645355716,5
2,cross_class,03,03::003645655716,12
2,cross_class,03,03::003645985716,4
2,cross_class,03,03::003651755728,2
2,cross_class,03,03::003651795728,1
2,cross_class,03,03::003651925728,9
2,cross_class,03,03::003664795765,2
2,cross_class,03,03::003666435765,1
2,cross_class,03,03::003680205782,4
2,cross_class,03,03::003699815827,1
2,cross_class,03,03::003705405838,2
2,cross_class,03,03::003706085838,7
2,cross_class,03,03::003706365838,14
2,cross_class,03,03::003706405838,2
2,cross_class,03,03::003708535845,3
2,cross_class,03,03::003708595845,2
2,cross_class,03,03::003708985845,2
2,cross_class,03,03::003717975859,1
2,cross_class,03,03::003722875870,2
2,cross_class,03,03::003724795873,2
2,cross_class,03,03::003724805873,6
2,cross_class,03,03::003726075873,8
2,cross_class,03,03::003726085873,2
2,cross_class,03,03::003735225892,3
2,cross_class,03,03::003735275892,2
2,cross_class,03,03::003756175977,3
2,cross_class,03,03::003756505977,10
2,cross_class,03,03::003764525997,1
2,cross_class,03,03::003775056022,2
2,cross_class,03,03::003776026025,3
2,cross_class,03,03::003776076025,2
2,cross_class,03,03::003776236025,6
2,cross_class,03,03::003784446052,1
2,cross_class,03,03::003798496092,3
2,cross_class,03,03::003805336105,4
2,cross_class,03,03::003805376105,1
2,cross_class,03,03::003805426105,4
2,cross_class,03,03::003809286114,1
2,cross_class,03,03::003809376114,7
2,cross_class,03,03::003809616114,2
2,cross_class,03,03::003809866114,1
2,cross_class,03,03::003809966114,1
2,cross_class,03,03::003826316157,1
2,cross_class,03,03::003826756157,1
2,cross_class,03,03::003826976157,6
2,cross_class,03,03::003827336157,1
2,cross_class,03,03::003839396184,3
2,cross_class,03,03::003839466184,2
2,cross_class,03,03::003839506184,4
2,cross_class,03,03::003839656184,3
2,cross_class,03,03::003839806184,5
2,cross_class,03,03::003839836184,2
2,cross_class,03,03::003871236248,1
2,cross_class,03,03::003871336248,6
2,cross_class,03,03::003871396248,1
2,cross_class,03,03::003871706248,2
2,cross_class,03,03::003876406270,1
2,cross_class,03,03::003876416270,2
2,cross_class,03,03::003876456270,7
2,cross_class,03,03::003888396299,4
2,cross_class,03,03::003894936309,2
2,cross_class,03,03::003895176309,3
2,cross_class,03,03::003895416309,2
2,cross_class,03,03::003896216309,1
2,cross_class,03,03::003920886366,1
2,cross_class,03,03::003921456366,4
2,cross_class,03,03::003921966366,1
2,cross_class,03,03::003925586379,4
2,cross_class,03,03::003925906379,1
2,cross_class,03,03::003961436475,1
2,cross_class,03,03::003966326489,2
2,cross_class,03,03::004146536796,9
2,cross_class,03,03::004146596796,3
2,cross_class,03,03::004146646796,1
2,cross_class,03,03::004154106805,2
2,cross_class,03,03::004154186805,7
2,cross_class,03,03::004154966805,1
2,cross_class,03,03::004160116811,1
2,cross_class,03,03::004160166811,2
2,cross_class,03,03::004160756812,1
2,cross_class,03,03::004160926812,2
2,cross_class,03,03::004170276826,2
2,cross_class,03,03::004180386835,3
2,cross_class,03,03::004196576862,3
2,cross_class,03,03::004197056862,5
2,cross_class,03,03::004199376865,2
2,cross_class,03,03::004201146866,1
2,cross_class,03,03::004201186866,2
2,cross_class,03,03::004213496890,3
2,cross_class,03,03::004213946890,9
2,cross_class,03,03::004214056890,2
2,cross_class,03,03::004214206890,1
2,cross_class,03,03::004214356890,6
2,cross_class,03,03::004214606890,2
2,cross_class,03,03::004214666890,8
2,cross_class,03,03::004222046906,8
2,cross_class,03,03::004222866906,2
2,cross_class,03,03::004222886906,3
2,cross_class,03,03::004222946906,9
2,cross_class,03,03::004223036906,4
2,cross_class,03,03::004227496913,5
2,cross_class,03,03::004227566913,5
2,cross_class,03,03::004227746913,6
2,cross_class,03,03::004227916913,2
2,cross_class,03,03::004265806970,3
2,cross_class,03,03::004266386970,3
2,cross_class,03,03::004269786972,1
2,cross_class,03,03::004269876972,4
2,cross_class,03,03::004269966972,2
2,cross_class,03,03::004269976972,4
2,cross_class,03,03::004270106972,4
2,cross_class,03,03::004270116972,2
2,cross_class,03,03::004270746972,7
2,cross_class,03,03::004272406975,8
2,cross_class,03,03::004272616975,1
2,cross_class,03,03::004272746975,2
2,cross_class,03,03::004272836975,1
2,cross_class,03,03::004272876975,2
2,cross_class,03,03::004272886975,1
2,cross_class,03,03::004272966975,1
2,cross_class,03,03::004273346975,2
2,cross_class,03,03::004273616975,2
2,cross_class,03,03::004273906975,3
2,cross_class,03,03::004273946975,7
2,cross_class,03,03::004276616978,1
2,cross_class,03,03::004276786978,6
2,cross_class,03,03::004276846978,5
2,cross_class,03,03::004282466990,1
2,cross_class,03,03::004282516990,3
2,cross_class,03,03::004286787004,1
2,cross_class,03,03::004286817004,2
2,cross_class,03,03::004286927004,3
2,cross_class,03,03::004287027004,1
2,cross_class,03,03::004287357004,3
2,cross_class,03,03::004287407004,1
2,cross_class,03,03::004288097004,1
2,cross_class,03,03::004288517004,4
2,cross_class,03,03::004310127035,1
2,cross_class,03,03::004312007038,2
2,cross_class,03,03::004312147038,8
2,cross_class,03,03::004313427038,4
2,cross_class,03,03::004313897038,14
2,cross_class,03,03::004314317038,1
2,cross_class,03,03::004314347038,2
2,cross_class,03,03::004341737064,7
2,cross_class,03,03::004341857064,1
2,cross_class,03,03::004341987064,8
2,cross_class,03,03::004342047064,3
2,cross_class,03,03::004342237064,2
2,cross_class,03,03::004342337064,4
2,cross_class,03,03::004342557064,1
2,cross_class,03,03::004360207105,3
2,cross_class,03,03::004388507119,2
2,cross_class,03,03::004388657119,16
2,cross_class,03,03::004388917119,3
2,cross_class,03,03::004410027147,1
2,cross_class,03,03::004415427150,2
2,cross_class,03,03::004429817189,3
2,cross_class,03,03::004435657192,2
2,cross_class,03,03::004436767192,6
2,cross_class,03,03::004436797192,1
2,cross_class,03,03::004437657192,1
2,cross_class,03,03::004439907195,5
2,cross_class,03,03::004443717197,2
2,cross_class,03,03::004444127197,4
2,cross_class,03,03::004474997254,9
2,cross_class,03,03::004479637258,4
2,cross_class,03,03::004480517258,1
2,cross_class,03,03::004480727258,1
2,cross_class,03,03::004490877262,1
2,cross_class,03,03::004491057262,2
2,cross_class,03,03::004502407286,11
2,cross_class,03,03::004502487286,5
2,cross_class,03,03::004503317286,4
2,cross_class,03,03::004509827297,3
2,cross_class,03,03::004518207321,2
2,cross_class,03,03::004519497323,2
2,cross_class,03,03::004519577323,7
2,cross_class,03,03::004519687323,2
2,cross_class,03,03::004519827323,1
2,cross_class,03,03::004520937324,1
2,cross_class,03,03::004521517325,6
2,cross_class,03,03::004521757324,1
2,cross_class,03,03::004521977325,1
2,cross_class,03,03::004523957333,1
2,cross_class,03,03::004523987333,3
2,cross_class,03,03::004524037333,1
2,cross_class,03,03::004524447333,2
2,cross_class,03,03::004557267383,2
2,cross_class,03,03::004557497383,10
2,cross_class,03,03::004557687383,2
2,cross_class,03,03::004558067383,1
2,cross_class,03,03::004559497386,10
2,cross_class,03,03::004559547386,3
2,cross_class,03,03::004559827386,2
2,cross_class,03,03::004562177388,3
2,cross_class,03,03::004563207390,1
2,cross_class,03,03::004563637390,1
2,cross_class,03,03::004591437447,2
2,cross_class,03,03::004591567447,2
2,cross_class,03,03::004591637447,8
2,cross_class,03,03::004591747447,6
2,cross_class,03,03::004592237447,2
2,cross_class,03,03::004597967455,4
2,cross_class,03,03::004598497454,2
2,cross_class,03,03::004598527455,1
2,cross_class,03,03::004599037455,6
2,cross_class,03,03::004599157454,2
2,cross_class,03,03::004599447454,2
2,cross_class,03,03::004652863557,5
2,cross_class,03,03::004653433557,1
2,cross_class,03,03::004653643557,2
2,cross_class,03,03::004657603558,2
2,cross_class,03,03::004658223558,4
2,cross_class,03,03::004658283558,3
2,cross_class,03,03::004661083561,3
2,cross_class,03,03::004665373562,2
2,cross_class,03,03::004712343565,3
2,cross_class,03,03::004718783566,1
2,cross_class,03,03::342789528803,7
2,cross_class,03,03::365159572803,1
2,cross_class,03,03::370542583803,3
2,cross_class,03,03::382611615703,1
2,cross_class,03,03::392615637903,5
2,cross_class,03,03::419664686203,3
2,cross_class,03,03::421407689003,5
2,cross_class,03,03::421423689003,3
2,cross_class,03,03::422383690603,5
2,cross_class,03,03::423260691803,1
2,cross_class,03,03::443685719203,3
2,cross_class,03,03::447463725403,3
2,cross_class,03,03::447532725403,5
2,cross_class,03,03::450284728603,3
2,cross_class,03,03::454043736003,2
2,cross_class,03,03::454460736603,5
2,cross_class,03,03::455724738303,3
2,cross_class,04,04::000000019599,44
2,cross_class,04,04::000000619599,1
2,cross_class,04,04::000001099599,40
2,cross_class,04,04::000003279599,24
2,cross_class,04,04::000003889599,2
2,cross_class,04,04::000004249599,47
2,cross_class,04,04::000005509599,19
2,cross_class,04,04::000006999599,11
2,cross_class,04,04::000008919599,55
2,cross_class,04,04::000009569599,37
2,cross_class,04,04::000013269599,31
2,cross_class,04,04::000014549599,19
2,cross_class,04,04::000016569599,1
2,cross_class,04,04::000017069599,2
2,cross_class,04,04::000017139599,29
2,cross_class,04,04::000017799599,25
2,cross_class,04,04::000018939599,19
2,cross_class,04,04::000019199598,12
2,cross_class,04,04::000021009599,8
2,cross_class,04,04::000031020001,7
2,cross_class,04,04::000044239598,59
2,cross_class,04,04::000060489598,25
2,cross_class,04,04::000064219598,41
2,cross_class,04,04::000068759598,51
2,cross_class,04,04::000082529598,21
2,cross_class,04,04::000122669598,2
2,cross_class,04,04::000138389598,15
2,cross_class,04,04::000155219598,30
2,cross_class,04,04::003398615233,1
2,cross_class,04,04::003399225233,2
2,cross_class,04,04::003399255233,2
2,cross_class,04,04::003414005266,4
2,cross_class,04,04::003414655267,18
2,cross_class,04,04::003414685267,2
2,cross_class,04,04::003421475277,15
2,cross_class,04,04::003421485277,3
2,cross_class,04,04::003421525277,24
2,cross_class,04,04::003421535277,4
2,cross_class,04,04::003421575277,8
2,cross_class,04,04::003421785277,9
2,cross_class,04,04::003421865277,5
2,cross_class,04,04::003421875277,9
2,cross_class,04,04::003458495314,2
2,cross_class,04,04::003539645441,1
2,cross_class,04,04::003539675441,9
2,cross_class,04,04::003539745441,6
2,cross_class,04,04::003539755441,8
2,cross_class,04,04::003539865441,3
2,cross_class,04,04::003539895441,2
2,cross_class,04,04::003539955441,2
2,cross_class,04,04::003554635480,13
2,cross_class,04,04::003554645480,2
2,cross_class,04,04::003554705480,2
2,cross_class,04,04::003554715480,5
2,cross_class,04,04::003554745480,4
2,cross_class,04,04::003554855480,1
2,cross_class,04,04::003555055480,5
2,cross_class,04,04::003555065480,8
2,cross_class,04,04::003555085480,9
2,cross_class,04,04::003555135480,6
2,cross_class,04,04::003555215480,1
2,cross_class,04,04::003555275480,1
2,cross_class,04,04::003575045530,2
2,cross_class,04,04::003584755552,1
2,cross_class,04,04::003584985556,3
2,cross_class,04,04::003585295556,5
2,cross_class,04,04::003585335556,1
2,cross_class,04,04::003591195585,4
2,cross_class,04,04::003636515685,1
2,cross_class,04,04::003663655762,8
2,cross_class,04,04::003663745762,2
2,cross_class,04,04::003663765762,1
2,cross_class,04,04::003663835762,3
2,cross_class,04,04::003663855762,1
2,cross_class,04,04::003690245794,4
2,cross_class,04,04::003696615808,7
2,cross_class,04,04::003696665808,6
2,cross_class,04,04::003696775808,3
2,cross_class,04,04::003741475916,5
2,cross_class,04,04::003742885920,1
2,cross_class,04,04::003742915920,2
2,cross_class,04,04::003743035920,5
2,cross_class,04,04::003744505928,3
2,cross_class,04,04::003754245970,5
2,cross_class,04,04::003754265970,8
2,cross_class,04,04::003759295985,3
2,cross_class,04,04::003759385985,2
2,cross_class,04,04::003759485985,3
2,cross_class,04,04::003759515985,3
2,cross_class,04,04::003759555985,1
2,cross_class,04,04::003759575985,2
2,cross_class,04,04::003759595985,2
2,cross_class,04,04::003759725985,2
2,cross_class,04,04::003759835985,2
2,cross_class,04,04::003759885985,14
2,cross_class,04,04::003759915985,2
2,cross_class,04,04::003760125985,16
2,cross_class,04,04::003771406010,1
2,cross_class,04,04::003771546010,1
2,cross_class,04,04::003771616010,4
2,cross_class,04,04::003773806016,1
2,cross_class,04,04::003773886016,1
2,cross_class,04,04::003773966016,4
2,cross_class,04,04::003774096016,3
2,cross_class,04,04::003782576044,1
2,cross_class,04,04::003782606044,2
2,cross_class,04,04::003782636044,3
2,cross_class,04,04::003790296073,2
2,cross_class,04,04::003823746136,2
2,cross_class,04,04::003853996218,1
2,cross_class,04,04::003854126218,1
2,cross_class,04,04::003854216218,1
2,cross_class,04,04::003856516226,2
2,cross_class,04,04::003856896226,4
2,cross_class,04,04::003875896262,10
2,cross_class,04,04::003875986262,6
2,cross_class,04,04::003876016262,6
2,cross_class,04,04::003876056262,8
2,cross_class,04,04::003880726278,1
2,cross_class,04,04::003894166308,2
2,cross_class,04,04::003903286329,1
2,cross_class,04,04::003903416329,1
2,cross_class,04,04::003903436329,3
2,cross_class,04,04::003903456329,1
2,cross_class,04,04::003903596329,12
2,cross_class,04,04::003903686329,3
2,cross_class,04,04::003903736329,3
2,cross_class,04,04::003903816329,2
2,cross_class,04,04::003903856329,7
2,cross_class,04,04::003904106329,2
2,cross_class,04,04::003904356329,6
2,cross_class,04,04::003910496343,1
2,cross_class,04,04::003930856390,2
2,cross_class,04,04::003931036390,5
2,cross_class,04,04::003959516471,1
2,cross_class,04,04::004086336713,4
2,cross_class,04,04::004086396713,8
2,cross_class,04,04::004086436713,2
2,cross_class,04,04::004086496713,7
2,cross_class,04,04::004101436728,1
2,cross_class,04,04::004101526728,4
2,cross_class,04,04::004101546728,4
2,cross_class,04,04::004101796728,2
2,cross_class,04,04::004131866766,2
2,cross_class,04,04::004142056790,1
2,cross_class,04,04::004142076790,5
2,cross_class,04,04::004144256793,2
2,cross_class,04,04::004168476821,2
2,cross_class,04,04::004168496821,1
2,cross_class,04,04::004168526821,2
2,cross_class,04,04::004168536821,2
2,cross_class,04,04::004182506838,6
2,cross_class,04,04::004182596838,12
2,cross_class,04,04::004182646838,3
2,cross_class,04,04::004182826838,2
2,cross_class,04,04::004182876838,18
2,cross_class,04,04::004182896838,11
2,cross_class,04,04::004183016838,1
2,cross_class,04,04::004183066838,1
2,cross_class,04,04::004186456843,6
2,cross_class,04,04::004188846845,4
2,cross_class,04,04::004189186845,2
2,cross_class,04,04::004192766854,1
2,cross_class,04,04::004193726855,4
2,cross_class,04,04::004193786855,1
2,cross_class,04,04::004194416857,1
2,cross_class,04,04::004198906864,2
2,cross_class,04,04::004204566876,5
2,cross_class,04,04::004204636876,1
2,cross_class,04,04::004204876876,3
2,cross_class,04,04::004205006876,5
2,cross_class,04,04::004205026876,2
2,cross_class,04,04::004205246876,2
2,cross_class,04,04::004205336876,6
2,cross_class,04,04::004205366876,1
2,cross_class,04,04::004205466876,3
2,cross_class,04,04::004205486876,2
2,cross_class,04,04::004205596876,1
2,cross_class,04,04::004205616876,1
2,cross_class,04,04::004206356878,1
2,cross_class,04,04::004206536879,3
2,cross_class,04,04::004206976879,2
2,cross_class,04,04::004208696881,3
2,cross_class,04,04::004208706881,12
2,cross_class,04,04::004208736881,3
2,cross_class,04,04::004208846881,5
2,cross_class,04,04::004208866881,2
2,cross_class,04,04::004208906881,2
2,cross_class,04,04::004208916881,1
2,cross_class,04,04::004208946881,2
2,cross_class,04,04::004220726902,3
2,cross_class,04,04::004235676929,1
2,cross_class,04,04::004236906932,2
2,cross_class,04,04::004236946932,20
2,cross_class,04,04::004236956932,7
2,cross_class,04,04::004236966932,6
2,cross_class,04,04::004237016932,24
2,cross_class,04,04::004237036932,3
2,cross_class,04,04::004237176933,2
2,cross_class,04,04::004237256933,1
2,cross_class,04,04::004237286932,5
2,cross_class,04,04::004237366932,7
2,cross_class,04,04::004237466932,9
2,cross_class,04,04::004237476932,1
2,cross_class,04,04::004237656932,10
2,cross_class,04,04::004237676932,1
2,cross_class,04,04::004237746932,4
2,cross_class,04,04::004237766932,1
2,cross_class,04,04::004237856932,8
2,cross_class,04,04::004237906932,23
2,cross_class,04,04::004238056932,9
2,cross_class,04,04::004238106932,17
2,cross_class,04,04::004240186936,1
2,cross_class,04,04::004240946937,2
2,cross_class,04,04::004241476938,1
2,cross_class,04,04::004241486938,3
2,cross_class,04,04::004241626938,5
2,cross_class,04,04::004247226949,7
2,cross_class,04,04::004247276949,1
2,cross_class,04,04::004264276965,1
2,cross_class,04,04::004264316965,5
2,cross_class,04,04::004264336965,1
2,cross_class,04,04::004283236992,4
2,cross_class,04,04::004283416992,3
2,cross_class,04,04::004283596992,12
2,cross_class,04,04::004283716992,1
2,cross_class,04,04::004284816994,1
2,cross_class,04,04::004285907001,2
2,cross_class,04,04::004285927001,19
2,cross_class,04,04::004285937001,19
2,cross_class,04,04::004286227001,3
2,cross_class,04,04::004286247001,2
2,cross_class,04,04::004296297022,1
2,cross_class,04,04::004299817030,3
2,cross_class,04,04::004300357030,2
2,cross_class,04,04::004312657037,1
2,cross_class,04,04::004312697037,6
2,cross_class,04,04::004313317037,15
2,cross_class,04,04::004313497037,4
2,cross_class,04,04::004336477054,1
2,cross_class,04,04::004336547054,2
2,cross_class,04,04::004336627054,4
2,cross_class,04,04::004337007054,4
2,cross_class,04,04::004337387054,1
2,cross_class,04,04::004339757061,1
2,cross_class,04,04::004339927061,1
2,cross_class,04,04::004339977061,5
2,cross_class,04,04::004340797063,2
2,cross_class,04,04::004340927063,5
2,cross_class,04,04::004340997063,11
2,cross_class,04,04::004341197063,2
2,cross_class,04,04::004341447063,1
2,cross_class,04,04::004361197106,2
2,cross_class,04,04::004361517106,3
2,cross_class,04,04::004397517126,1
2,cross_class,04,04::004401617134,2
2,cross_class,04,04::004401697134,9
2,cross_class,04,04::004401807134,5
2,cross_class,04,04::004401917134,5
2,cross_class,04,04::004401937134,2
2,cross_class,04,04::004402017134,2
2,cross_class,04,04::004402187134,1
2,cross_class,04,04::004402217134,6
2,cross_class,04,04::004403717139,1
2,cross_class,04,04::004404217139,1
2,cross_class,04,04::004406547141,1
2,cross_class,04,04::004417987153,2
2,cross_class,04,04::004448307200,1
2,cross_class,04,04::004448507200,1
2,cross_class,04,04::004449637202,1
2,cross_class,04,04::004449737202,3
2,cross_class,04,04::004449757202,7
2,cross_class,04,04::004451937210,7
2,cross_class,04,04::004495897271,1
2,cross_class,04,04::004496177271,1
2,cross_class,04,04::004498937275,1
2,cross_class,04,04::004525387336,1
2,cross_class,04,04::004525717335,9
2,cross_class,04,04::004567877400,7
2,cross_class,04,04::004567977400,2
2,cross_class,04,04::004569457403,2
2,cross_class,04,04::004571457406,2
2,cross_class,04,04::004588637436,2
2,cross_class,04,04::004589457441,5
2,cross_class,04,04::004595397451,1
2,cross_class,04,04::004604507458,1
2,cross_class,04,04::004604667458,2
2,cross_class,04,04::004604757458,8
2,cross_class,04,04::004604957458,5
2,cross_class,04,04::004676215109,2
2,cross_class,04,04::342161527704,5
2,cross_class,04,04::342224527704,5
2,cross_class,04,04::408616671304,1
2,cross_class,05,05::003424575280,5
2,cross_class,05,05::003424585280,4
2,cross_class,05,05::003424605280,22
2,cross_class,05,05::003424615280,10
2,cross_class,05,05::003424825280,1
2,cross_class,05,05::003424835280,1
2,cross_class,05,05::003435165294,2
2,cross_class,05,05::003435255294,3
2,cross_class,05,05::003435395294,9
2,cross_class,05,05::003435415294,1
2,cross_class,05,05::003435585294,5
2,cross_class,05,05::003435605294,4
2,cross_class,05,05::003435855294,3
2,cross_class,05,05::003461305323,13
2,cross_class,05,05::003461425323,2
2,cross_class,05,05::003461545323,20
2,cross_class,05,05::003473265341,5
2,cross_class,05,05::003473295341,4
2,cross_class,05,05::003473305341,5
2,cross_class,05,05::003481635355,23
2,cross_class,05,05::003481665355,12
2,cross_class,05,05::003481865355,1
2,cross_class,05,05::003484275359,15
2,cross_class,05,05::003484365359,3
2,cross_class,05,05::003503285380,6
2,cross_class,05,05::003503425380,3
2,cross_class,05,05::003533675426,9
2,cross_class,05,05::003553605474,1
2,cross_class,05,05::003571385521,11
2,cross_class,05,05::003571425521,3
2,cross_class,05,05::003571625521,1
2,cross_class,05,05::003571785521,1
2,cross_class,05,05::003571815521,3
2,cross_class,05,05::003572015521,4
2,cross_class,05,05::003572085521,10
2,cross_class,05,05::003588895576,3
2,cross_class,05,05::003588915576,10
2,cross_class,05,05::003588955576,39
2,cross_class,05,05::003589015576,4
2,cross_class,05,05::003590135584,3
2,cross_class,05,05::003590215584,24
2,cross_class,05,05::003590275584,5
2,cross_class,05,05::003590345584,4
2,cross_class,05,05::003590595584,6
2,cross_class,05,05::003595745589,5
2,cross_class,05,05::003595765589,3
2,cross_class,05,05::003631685663,10
2,cross_class,05,05::003631775663,7
2,cross_class,05,05::003631845663,3
2,cross_class,05,05::003631975663,9
2,cross_class,05,05::003632375665,1
2,cross_class,05,05::003653665737,1
2,cross_class,05,05::003688825793,2
2,cross_class,05,05::003701555833,2
2,cross_class,05,05::003742335918,12
2,cross_class,05,05::003752815961,17
2,cross_class,05,05::003752915961,1
2,cross_class,05,05::003752925961,22
2,cross_class,05,05::003752955961,35
2,cross_class,05,05::003753155961,11
2,cross_class,05,05::003783866047,6
2,cross_class,05,05::003783876047,1
2,cross_class,05,05::003796266083,1
2,cross_class,05,05::003796336083,11
2,cross_class,05,05::003796366083,7
2,cross_class,05,05::003796396083,1
2,cross_class,05,05::003796526083,1
2,cross_class,05,05::003800476101,8
2,cross_class,05,05::003801086101,4
2,cross_class,05,05::003801616101,1
2,cross_class,05,05::003804136104,2
2,cross_class,05,05::003856376226,1
2,cross_class,05,05::003869456241,2
2,cross_class,05,05::003903076328,21
2,cross_class,05,05::003903326328,3
2,cross_class,05,05::003915866351,4
2,cross_class,05,05::003924046368,2
2,cross_class,05,05::003924136368,6
2,cross_class,05,05::003924226368,4
2,cross_class,05,05::003924276368,2
2,cross_class,05,05::003924316368,2
2,cross_class,05,05::003924436368,1
2,cross_class,05,05::003956426464,3
2,cross_class,05,05::004083096702,3
2,cross_class,05,05::004089306717,3
2,cross_class,05,05::004191226853,7
2,cross_class,05,05::004191516853,33
2,cross_class,05,05::004191576853,8
2,cross_class,05,05::004191606853,29
2,cross_class,05,05::004191646853,1
2,cross_class,05,05::004209276885,8
2,cross_class,05,05::004209356885,2
2,cross_class,05,05::004209366885,1
2,cross_class,05,05::004218026897,2
2,cross_class,05,05::004259986960,2
2,cross_class,05,05::004260526960,5
2,cross_class,05,05::004262566961,37
2,cross_class,05,05::004262586961,7
2,cross_class,05,05::004262646961,4
2,cross_class,05,05::004262686961,9
2,cross_class,05,05::004262706961,14
2,cross_class,05,05::004262776961,6
2,cross_class,05,05::004262846961,9
2,cross_class,05,05::004262856961,4
2,cross_class,05,05::004262916961,23
2,cross_class,05,05::004262976961,14
2,cross_class,05,05::004263066961,5
2,cross_class,05,05::004263196961,4
2,cross_class,05,05::004263426961,16
2,cross_class,05,05::004266516971,1
2,cross_class,05,05::004283356991,2
2,cross_class,05,05::004283406991,16
2,cross_class,05,05::004283446991,10
2,cross_class,05,05::004342317065,1
2,cross_class,05,05::004345607073,12
2,cross_class,05,05::004345617073,16
2,cross_class,05,05::004345627073,5
2,cross_class,05,05::004345747073,4
2,cross_class,05,05::004353707082,15
2,cross_class,05,05::004353737082,5
2,cross_class,05,05::004353837082,7
2,cross_class,05,05::004353887082,4
2,cross_class,05,05::004353917082,18
2,cross_class,05,05::004353947082,6
2,cross_class,05,05::004354557087,7
2,cross_class,05,05::004354567087,11
2,cross_class,05,05::004375447108,6
2,cross_class,05,05::004375577108,3
2,cross_class,05,05::004375627108,1
2,cross_class,05,05::004375677108,1
2,cross_class,05,05::004376527108,6
2,cross_class,05,05::004376587108,1
2,cross_class,05,05::004476117256,1
2,cross_class,05,05::004476147256,10
2,cross_class,05,05::004476167256,1
2,cross_class,05,05::004476567256,3
2,cross_class,05,05::004476757256,2
2,cross_class,05,05::004476867256,1
2,cross_class,05,05::004496557272,10
2,cross_class,05,05::004496587272,35
2,cross_class,05,05::004496607272,6
2,cross_class,05,05::004515457318,3
2,cross_class,05,05::004515507318,4
2,cross_class,05,05::004515527318,3
2,cross_class,05,05::004515567318,2
2,cross_class,05,05::004559307385,3
2,cross_class,05,05::004559317385,4
2,cross_class,05,05::004559337385,3
2,cross_class,05,05::004559387385,6
2,cross_class,05,05::004570747405,12
2,cross_class,05,05::004570997405,6
2,cross_class,05,05::004571237405,5
2,cross_class,05,05::004571337405,2
2,cross_class,05,05::004585287429,33
2,cross_class,05,05::004585317429,13
2,cross_class,06,06::000004210001,19
2,cross_class,06,06::000004590001,18
2,cross_class,06,06::000004900001,13
2,cross_class,06,06::000023850001,5
2,cross_class,06,06::003409055245,3
2,cross_class,06,06::003456085312,3
2,cross_class,06,06::003465045327,7
2,cross_class,06,06::003516895416,22
2,cross_class,06,06::003549585469,4
2,cross_class,06,06::003581225542,1
2,cross_class,06,06::003590095584,1
2,cross_class,06,06::003692205800,4
2,cross_class,06,06::003692515800,2
2,cross_class,06,06::003698575825,3
2,cross_class,06,06::003738705907,6
2,cross_class,06,06::003796316083,6
2,cross_class,06,06::003813596123,2
2,cross_class,06,06::003874666255,1
2,cross_class,06,06::003915716351,1
2,cross_class,06,06::003955136461,1
2,cross_class,06,06::004310937036,8
2,cross_class,06,06::004353937082,1
2,cross_class,07,07::000000019596,6
2,cross_class,07,07::000001229596,24
2,cross_class,07,07::000002439596,1
2,cross_class,07,07::000005419596,5
2,cross_class,07,07::000005559596,1
2,cross_class,07,07::000013410001,5
2,cross_class,07,07::000015059596,5
2,cross_class,07,07::000026140001,6
2,cross_class,07,07::000026240001,14
2,cross_class,07,07::000071289596,24
2,cross_class,07,07::003444955304,2
2,cross_class,07,07::003445325304,1
2,cross_class,07,07::003726325873,2
2,cross_class,07,07::004115976748,2
2,cross_class,07,07::004270366972,10
2,cross_class,07,07::004270536972,5
2,cross_class,07,07::004479959607,13
2,cross_class,07,07::004521607325,2
2,cross_class,07,07::004536267356,8
2,cross_class,07,07::004536297356,1
2,cross_class,07,07::004597827454,1
2,cross_class,07,07::453570735607,4
2,cross_class,08,08::000006019596,10
2,cross_class,08,08::000006479596,2
2,cross_class,08,08::000008919597,11
2,cross_class,08,08::000010669597,2
2,cross_class,08,08::000016839596,1
2,cross_class,08,08::000026630001,15
2,cross_class,08,08::000026920001,9
2,cross_class,08,08::000026940001,9
2,cross_class,08,08::000034560001,3
2,cross_class,08,08::000037699596,5
2,cross_class,08,08::000039119596,1
2,cross_class,08,08::000046919598,1
2,cross_class,08,08::002667000108,3
2,cross_class,08,08::003412465253,2
2,cross_class,08,08::003418245273,1
2,cross_class,08,08::003418295273,10
2,cross_class,08,08::003555475481,1
2,cross_class,08,08::003568205517,2
2,cross_class,08,08::003722805870,2
2,cross_class,08,08::003755435976,1
2,cross_class,08,08::003888846299,2
2,cross_class,08,08::004267166970,1
2,cross_class,09,09::000027420001,8
2,cross_class,09,09::000055399598,6
2,cross_class,09,09::003527045419,11
2,cross_class,09,09::003527275419,2
2,cross_class,09,09::003527595419,25
2,cross_class,09,09::003738795907,1
2,cross_class,09,09::003917956356,3
2,cross_class,09,09::004094026722,10
2,cross_class,09,09::004094426723,4
2,cross_class,09,09::004199646865,1
2,cross_class,09,09::004220766902,3
2,cross_class,09,09::004264286965,3
2,cross_class,09,09::004413247149,5
2,cross_class,09,09::004540267360,5
2,cross_class,09,09::379176607509,3
2,cross_class,10,10::003478675350,2
2,cross_class,10,10::003478685350,16
2,cross_class,10,10::003478705350,4
2,cross_class,10,10::003478765350,7
2,cross_class,10,10::003478805350,5
2,cross_class,10,10::003478915350,10
2,cross_class,10,10::003478955350,21
2,cross_class,10,10::003953266451,41
2,cross_class,10,10::003953326451,8
2,cross_class,10,10::003953336451,2
2,cross_class,10,10::003953356451,9
2,cross_class,10,10::004203426872,9
2,cross_class,10,10::004203516872,7
2,cross_class,10,10::004203526872,11
2,cross_class,10,10::004402177135,15
2,cross_class,10,10::004402207135,10
2,cross_class,10,10::004402327135,4
2,cross_class,10,10::004402407135,2
2,cross_class,11,11::000005829592,11
2,cross_class,11,11::000011109595,3
2,cross_class,11,11::000017569594,1
2,cross_class,11,11::000057549598,4
2,cross_class,11,11::000064639598,2
2,cross_class,11,11::003389205223,4
2,cross_class,11,11::003389265223,5
2,cross_class,11,11::003427715288,6
2,cross_class,11,11::003427815288,4
2,cross_class,11,11::004203606872,2
2,cross_class,11,11::004402427135,3
2,cross_class,12,12::003424815280,23
2,cross_class,12,12::003553545474,33
2,cross_class,12,12::003590525584,5
2,cross_class,12,12::003698295825,5
2,cross_class,12,12::003733245884,2
2,cross_class,12,12::003919206359,7
2,cross_class,12,12::004262886961,23
2,cross_class,13,13::000001399597,70
2,cross_class,13,13::000007729597,23
2,cross_class,13,13::000023250001,20
2,cross_class,13,13::003486135363,5
2,cross_class,13,13::003681435783,3
2,cross_class,13,13::003681525783,2
2,cross_class,13,13::003732795883,1
2,cross_class,13,13::004141116787,4
2,cross_class,13,13::004358417101,1
2,cross_class,14,14::000003219596,15
2,cross_class,14,14::000026690001,8
2,cross_class,14,14::000026750001,6
2,cross_class,14,14::000034430001,2
2,cross_class,14,14::002667000114,1
2,cross_class,14,14::003524425417,2
2,cross_class,14,14::003568085517,8
2,cross_class,14,14::003845746197,1
2,cross_class,15,15::000021980001,2
2,cross_class,15,15::003763975996,3
2,cross_class,15,15::003921366366,6
2,cross_class,15,15::004282046988,2
2,cross_class,15,15::004282166989,2
2,cross_class,16,16::000000819594,42
2,cross_class,16,16::000010519594,38
2,cross_class,16,16::000011679594,42
2,cross_class,16,16::000014129594,32
2,cross_class,16,16::000016469594,5
3,cross_class,01,01::000000029598,15
3,cross_class,01,01::000000039598,17
3,cross_class,01,01::000004390001,2
3,cross_class,01,01::000004410001,2
3,cross_class,01,01::000004420001,5
3,cross_class,01,01::000004430001,2
3,cross_class,01,01::000004460001,33
3,cross_class,01,01::000004500001,7
3,cross_class,01,01::000004510001,5
3,cross_class,01,01::000004530001,3
3,cross_class,01,01::000004540001,4
3,cross_class,01,01::000004580001,4
3,cross_class,01,01::000004630001,1
3,cross_class,01,01::000004670001,4
3,cross_class,01,01::000004680001,3
3,cross_class,01,01::000004760001,14
3,cross_class,01,01::000004780001,1
3,cross_class,01,01::000004850001,4
3,cross_class,01,01::000004870001,3
3,cross_class,01,01::000004880001,1
3,cross_class,01,01::000004890001,2
3,cross_class,01,01::000004940001,2
3,cross_class,01,01::000004970001,2
3,cross_class,01,01::000005299598,5
3,cross_class,01,01::000006389597,7
3,cross_class,01,01::000006900001,6
3,cross_class,01,01::000006950001,4
3,cross_class,01,01::000007000001,2
3,cross_class,01,01::000007100001,2
3,cross_class,01,01::000007180001,5
3,cross_class,01,01::000007310001,4
3,cross_class,01,01::000007350001,3
3,cross_class,01,01::000007450001,2
3,cross_class,01,01::000007500001,2
3,cross_class,01,01::000009809598,1
3,cross_class,01,01::000010699598,9
3,cross_class,01,01::000011280001,2
3,cross_class,01,01::000011390001,4
3,cross_class,01,01::000011659597,3
3,cross_class,01,01::000012739597,12
3,cross_class,01,01::000013360001,1
3,cross_class,01,01::000013620001,5
3,cross_class,01,01::000013690001,2
3,cross_class,01,01::000013720001,3
3,cross_class,01,01::000013770001,14
3,cross_class,01,01::000014179598,1
3,cross_class,01,01::000015280001,1
3,cross_class,01,01::000016389598,3
3,cross_class,01,01::000017170001,5
3,cross_class,01,01::000017250001,5
3,cross_class,01,01::000017350001,6
3,cross_class,01,01::000017360001,2
3,cross_class,01,01::000017390001,1
3,cross_class,01,01::000017480001,5
3,cross_class,01,01::000017640001,1
3,cross_class,01,01::000017760001,6
3,cross_class,01,01::000017790001,9
3,cross_class,01,01::000017830001,5
3,cross_class,01,01::000017970001,7
3,cross_class,01,01::000019460001,3
3,cross_class,01,01::000019820001,2
3,cross_class,01,01::000021379597,1
3,cross_class,01,01::000021730001,4
3,cross_class,01,01::000021750001,10
3,cross_class,01,01::000021780001,2
3,cross_class,01,01::000022110001,13
3,cross_class,01,01::000022120001,12
3,cross_class,01,01::000022150001,7
3,cross_class,01,01::000022170001,5
3,cross_class,01,01::000022180001,1
3,cross_class,01,01::000022200001,6
3,cross_class,01,01::000022699598,4
3,cross_class,01,01::000023130001,1
3,cross_class,01,01::000023160001,4
3,cross_class,01,01::000023170001,4
3,cross_class,01,01::000023200001,1
3,cross_class,01,01::000023210001,2
3,cross_class,01,01::000023430001,2
3,cross_class,01,01::000023740001,4
3,cross_class,01,01::000026040001,1
3,cross_class,01,01::000026070001,2
3,cross_class,01,01::000026080001,4
3,cross_class,01,01::000026150001,1
3,cross_class,01,01::000026210001,11
3,cross_class,01,01::000026220001,8
3,cross_class,01,01::000026270001,1
3,cross_class,01,01::000026430001,1
3,cross_class,01,01::000026440001,5
3,cross_class,01,01::000026460001,2
3,cross_class,01,01::000026510001,19
3,cross_class,01,01::000026520001,1
3,cross_class,01,01::000026580001,2
3,cross_class,01,01::000026660001,6
3,cross_class,01,01::000026700001,3
3,cross_class,01,01::000026770001,2
3,cross_class,01,01::000026880001,4
3,cross_class,01,01::000026910001,1
3,cross_class,01,01::000027010001,14
3,cross_class,01,01::000029249597,1
3,cross_class,01,01::000030959597,2
3,cross_class,01,01::000033460001,1
3,cross_class,01,01::000034109596,2
3,cross_class,01,01::000034220001,6
3,cross_class,01,01::000034250001,3
3,cross_class,01,01::000034639598,3
3,cross_class,01,01::000039019598,3
3,cross_class,01,01::000039059598,25
3,cross_class,01,01::000041499598,1
3,cross_class,01,01::000049479598,19
3,cross_class,01,01::000050489596,2
3,cross_class,01,01::000050759598,1
3,cross_class,01,01::000051199596,1
3,cross_class,01,01::000067809598,6
3,cross_class,01,01::000069349598,22
3,cross_class,01,01::000069549598,49
3,cross_class,01,01::000076569598,3
3,cross_class,01,01::000078569598,1
3,cross_class,01,01::000081909598,11
3,cross_class,01,01::000082559598,1
3,cross_class,01,01::000083139598,2
3,cross_class,01,01::000085369598,9
3,cross_class,01,01::000086459598,12
3,cross_class,01,01::000087869598,9
3,cross_class,01,01::000090079598,4
3,cross_class,01,01::000093029598,2
3,cross_class,01,01::000094389598,7
3,cross_class,01,01::000094579598,5
3,cross_class,01,01::000099129598,29
3,cross_class,01,01::000100979598,1
3,cross_class,01,01::000101739598,4
3,cross_class,01,01::000102409598,1
3,cross_class,01,01::000104729598,1
3,cross_class,01,01::000107669598,6
3,cross_class,01,01::000112029598,5
3,cross_class,01,01::000121069598,5
3,cross_class,01,01::000128789598,30
3,cross_class,01,01::000140859598,18
3,cross_class,01,01::000141599598,1
3,cross_class,01,01::000149499598,5
3,cross_class,01,01::000157259598,23
3,cross_class,01,01::000160939598,4
3,cross_class,01,01::000161919598,8
3,cross_class,01,01::000162409598,5
3,cross_class,01,01::000162519598,3
3,cross_class,01,01::000163309598,3
3,cross_class,01,01::000164899598,7
3,cross_class,01,01::000166779598,4
3,cross_class,01,01::000168089598,19
3,cross_class,01,01::000171869598,3
3,cross_class,01,01::000172359598,1
3,cross_class,01,01::000176699598,6
3,cross_class,01,01::000420000101,17
3,cross_class,01,01::001394000101,4
3,cross_class,01,01::002664000101,1
3,cross_class,01,01::003360000101,3
3,cross_class,01,01::003364000101,2
3,cross_class,01,01::003379325208,1
3,cross_class,01,01::003379405208,4
3,cross_class,01,01::003379875208,1
3,cross_class,01,01::003381105211,3
3,cross_class,01,01::003387745222,1
3,cross_class,01,01::003391695225,1
3,cross_class,01,01::003391755225,1
3,cross_class,01,01::003391805225,3
3,cross_class,01,01::003394915228,1
3,cross_class,01,01::003397375231,1
3,cross_class,01,01::003397525231,4
3,cross_class,01,01::003399355233,4
3,cross_class,01,01::003401975234,2
3,cross_class,01,01::003402085234,2
3,cross_class,01,01::003402515234,1
3,cross_class,01,01::003405815240,2
3,cross_class,01,01::003405915240,1
3,cross_class,01,01::003406265240,1
3,cross_class,01,01::003413205263,1
3,cross_class,01,01::003413625266,2
3,cross_class,01,01::003418375273,1
3,cross_class,01,01::003419215275,3
3,cross_class,01,01::003419225275,1
3,cross_class,01,01::003419605275,2
3,cross_class,01,01::003421145277,2
3,cross_class,01,01::003421955277,2
3,cross_class,01,01::003425485286,3
3,cross_class,01,01::003425525286,8
3,cross_class,01,01::003425545286,1
3,cross_class,01,01::003425585286,7
3,cross_class,01,01::003425605286,2
3,cross_class,01,01::003425625286,1
3,cross_class,01,01::003425645286,2
3,cross_class,01,01::003425655286,2
3,cross_class,01,01::003425675286,3
3,cross_class,01,01::003425725286,3
3,cross_class,01,01::003426055286,11
3,cross_class,01,01::003426065286,5
3,cross_class,01,01::003426145286,1
3,cross_class,01,01::003426185286,1
3,cross_class,01,01::003426205286,1
3,cross_class,01,01::003426225286,2
3,cross_class,01,01::003426275286,8
3,cross_class,01,01::003426295286,2
3,cross_class,01,01::003426365286,8
3,cross_class,01,01::003426545286,2
3,cross_class,01,01::003426565286,1
3,cross_class,01,01::003430015290,3
3,cross_class,01,01::003430045290,3
3,cross_class,01,01::003430205290,3
3,cross_class,01,01::003430295290,1
3,cross_class,01,01::003430365290,1
3,cross_class,01,01::003430415290,1
3,cross_class,01,01::003430515290,1
3,cross_class,01,01::003431415291,2
3,cross_class,01,01::003433175293,7
3,cross_class,01,01::003433285293,2
3,cross_class,01,01::003433325293,3
3,cross_class,01,01::003433375293,1
3,cross_class,01,01::003433395293,4
3,cross_class,01,01::003433615293,1
3,cross_class,01,01::003433725293,1
3,cross_class,01,01::003433755293,1
3,cross_class,01,01::003433775293,1
3,cross_class,01,01::003433855293,2
3,cross_class,01,01::003433875293,1
3,cross_class,01,01::003434035293,2
3,cross_class,01,01::003434505293,2
3,cross_class,01,01::003434565293,1
3,cross_class,01,01::003442555300,3
3,cross_class,01,01::003444415304,1
3,cross_class,01,01::003446265305,2
3,cross_class,01,01::003447125305,2
3,cross_class,01,01::003447285306,1
3,cross_class,01,01::003447605305,1
3,cross_class,01,01::003447645306,2
3,cross_class,01,01::003447725306,4
3,cross_class,01,01::003452925308,3
3,cross_class,01,01::003453015308,2
3,cross_class,01,01::003453355308,1
3,cross_class,01,01::003453375308,1
3,cross_class,01,01::003453455308,1
3,cross_class,01,01::003453775309,3
3,cross_class,01,01::003455695311,1
3,cross_class,01,01::003455855311,3
3,cross_class,01,01::003458685315,3
3,cross_class,01,01::003459285316,1
3,cross_class,01,01::003460000101,6
3,cross_class,01,01::003467595330,4
3,cross_class,01,01::003468625332,3
3,cross_class,01,01::003470135337,1
3,cross_class,01,01::003470395337,1
3,cross_class,01,01::003473765342,4
3,cross_class,01,01::003473775342,1
3,cross_class,01,01::003474025342,8
3,cross_class,01,01::003474045342,2
3,cross_class,01,01::003474495342,1
3,cross_class,01,01::003480345354,2
3,cross_class,01,01::003480395354,1
3,cross_class,01,01::003480415354,2
3,cross_class,01,01::003480435354,2
3,cross_class,01,01::003480485354,1
3,cross_class,01,01::003480735354,1
3,cross_class,01,01::003480865354,3
3,cross_class,01,01::003480885354,1
3,cross_class,01,01::003480975354,1
3,cross_class,01,01::003483545358,1
3,cross_class,01,01::003483695358,2
3,cross_class,01,01::003483725358,1
3,cross_class,01,01::003486335364,2
3,cross_class,01,01::003489825366,2
3,cross_class,01,01::003489885366,2
3,cross_class,01,01::003489965366,4
3,cross_class,01,01::003490105366,1
3,cross_class,01,01::003490245366,2
3,cross_class,01,01::003490395366,5
3,cross_class,01,01::003490665366,5
3,cross_class,01,01::003490685366,2
3,cross_class,01,01::003493655369,2
3,cross_class,01,01::003493865369,2
3,cross_class,01,01::003493925369,2
3,cross_class,01,01::003493955369,1
3,cross_class,01,01::003494045369,6
3,cross_class,01,01::003494085369,5
3,cross_class,01,01::003494155369,1
3,cross_class,01,01::003495295372,1
3,cross_class,01,01::003496735374,2
3,cross_class,01,01::003497365374,4
3,cross_class,01,01::003497435374,3
3,cross_class,01,01::003497455374,2
3,cross_class,01,01::003497545374,3
3,cross_class,01,01::003497725374,9
3,cross_class,01,01::003497805374,2
3,cross_class,01,01::003497955374,1
3,cross_class,01,01::003497985374,1
3,cross_class,01,01::003498045374,1
3,cross_class,01,01::003498075374,3
3,cross_class,01,01::003500785378,1
3,cross_class,01,01::003500865378,4
3,cross_class,01,01::003500875378,1
3,cross_class,01,01::003500915378,1
3,cross_class,01,01::003501045378,2
3,cross_class,01,01::003501445378,5
3,cross_class,01,01::003501545379,1
3,cross_class,01,01::003501785378,6
3,cross_class,01,01::003501915378,2
3,cross_class,01,01::003502065378,1
3,cross_class,01,01::003502855380,1
3,cross_class,01,01::003506675386,2
3,cross_class,01,01::003508685390,2
3,cross_class,01,01::003509905395,1
3,cross_class,01,01::003512205409,4
3,cross_class,01,01::003513835411,6
3,cross_class,01,01::003515525414,1
3,cross_class,01,01::003515565414,1
3,cross_class,01,01::003515905415,4
3,cross_class,01,01::003515915415,3
3,cross_class,01,01::003516285415,2
3,cross_class,01,01::003516445414,1
3,cross_class,01,01::003516775415,1
3,cross_class,01,01::003523275417,1
3,cross_class,01,01::003524845417,1
3,cross_class,01,01::003525065417,6
3,cross_class,01,01::003525795417,3
3,cross_class,01,01::003526575419,2
3,cross_class,01,01::003526755419,2
3,cross_class,01,01::003534175426,1
3,cross_class,01,01::003535035429,4
3,cross_class,01,01::003535095429,1
3,cross_class,01,01::003535195429,2
3,cross_class,01,01::003535575429,4
3,cross_class,01,01::003535625429,2
3,cross_class,01,01::003535645429,2
3,cross_class,01,01::003535685429,1
3,cross_class,01,01::003540715442,2
3,cross_class,01,01::003541885448,2
3,cross_class,01,01::003549005463,1
3,cross_class,01,01::003549745470,2
3,cross_class,01,01::003549925470,2
3,cross_class,01,01::003549975470,1
3,cross_class,01,01::003549985470,8
3,cross_class,01,01::003550005470,1
3,cross_class,01,01::003550055470,1
3,cross_class,01,01::003550095470,4
3,cross_class,01,01::003550115470,1
3,cross_class,01,01::003550125470,3
3,cross_class,01,01::003550235470,1
3,cross_class,01,01::003550445470,8
3,cross_class,01,01::003552495472,1
3,cross_class,01,01::003552965472,1
3,cross_class,01,01::003554105478,1
3,cross_class,01,01::003554385478,4
3,cross_class,01,01::003555595481,1
3,cross_class,01,01::003556375482,1
3,cross_class,01,01::003556585482,7
3,cross_class,01,01::003556605482,2
3,cross_class,01,01::003557165482,2
3,cross_class,01,01::003558885487,1
3,cross_class,01,01::003560255495,1
3,cross_class,01,01::003560605495,1
3,cross_class,01,01::003563185500,1
3,cross_class,01,01::003568165517,3
3,cross_class,01,01::003568405517,1
3,cross_class,01,01::003571745521,1
3,cross_class,01,01::003572025521,1
3,cross_class,01,01::003582335544,2
3,cross_class,01,01::003586435569,2
3,cross_class,01,01::003586575569,2
3,cross_class,01,01::003586625569,1
3,cross_class,01,01::003586845569,1
3,cross_class,01,01::003586895569,1
3,cross_class,01,01::003586905569,1
3,cross_class,01,01::003587075569,3
3,cross_class,01,01::003589425583,1
3,cross_class,01,01::003590585585,3
3,cross_class,01,01::003590865585,3
3,cross_class,01,01::003590935585,1
3,cross_class,01,01::003591315585,3
3,cross_class,01,01::003591475585,2
3,cross_class,01,01::003591615585,1
3,cross_class,01,01::003591765585,1
3,cross_class,01,01::003603095602,1
3,cross_class,01,01::003604335609,1
3,cross_class,01,01::003604665610,2
3,cross_class,01,01::003607235612,1
3,cross_class,01,01::003609085618,2
3,cross_class,01,01::003609155618,3
3,cross_class,01,01::003615005628,1
3,cross_class,01,01::003615045628,1
3,cross_class,01,01::003615175628,1
3,cross_class,01,01::003616365630,1
3,cross_class,01,01::003617725632,3
3,cross_class,01,01::003618405632,3
3,cross_class,01,01::003618575632,2
3,cross_class,01,01::003620545640,1
3,cross_class,01,01::003620905640,1
3,cross_class,01,01::003621195640,4
3,cross_class,01,01::003625505651,2
3,cross_class,01,01::003628065657,3
3,cross_class,01,01::003629465658,3
3,cross_class,01,01::003633475671,4
3,cross_class,01,01::003645185716,2
3,cross_class,01,01::003645525716,1
3,cross_class,01,01::003645595716,1
3,cross_class,01,01::003645715716,1
3,cross_class,01,01::003645895716,2
3,cross_class,01,01::003646145716,1
3,cross_class,01,01::003646225716,2
3,cross_class,01,01::003646295718,1
3,cross_class,01,01::003646525718,1
3,cross_class,01,01::003650445725,1
3,cross_class,01,01::003653585736,8
3,cross_class,01,01::003657375751,2
3,cross_class,01,01::003657915752,1
3,cross_class,01,01::003657945752,1
3,cross_class,01,01::003658205752,1
3,cross_class,01,01::003658385752,1
3,cross_class,01,01::003658465752,5
3,cross_class,01,01::003658655752,2
3,cross_class,01,01::003658685754,3
3,cross_class,01,01::003658765752,5
3,cross_class,01,01::003658795754,2
3,cross_class,01,01::003659025754,2
3,cross_class,01,01::003661865760,1
3,cross_class,01,01::003664875765,1
3,cross_class,01,01::003665255765,1
3,cross_class,01,01::003678685781,1
3,cross_class,01,01::003680015782,2
3,cross_class,01,01::003680655782,2
3,cross_class,01,01::003680735782,3
3,cross_class,01,01::003681045783,2
3,cross_class,01,01::003682725784,1
3,cross_class,01,01::003689515794,1
3,cross_class,01,01::003693625804,2
3,cross_class,01,01::003693815805,1
3,cross_class,01,01::003693995805,1
3,cross_class,01,01::003694055805,1
3,cross_class,01,01::003694105805,1
3,cross_class,01,01::003695685806,4
3,cross_class,01,01::003700455833,1
3,cross_class,01,01::003701255834,1
3,cross_class,01,01::003702115833,1
3,cross_class,01,01::003707245844,1
3,cross_class,01,01::003708685845,2
3,cross_class,01,01::003715165857,2
3,cross_class,01,01::003715375857,3
3,cross_class,01,01::003715395857,4
3,cross_class,01,01::003715455857,1
3,cross_class,01,01::003717235859,2
3,cross_class,01,01::003717405859,1
3,cross_class,01,01::003725465874,1
3,cross_class,01,01::003730535880,4
3,cross_class,01,01::003735555894,4
3,cross_class,01,01::003735635894,1
3,cross_class,01,01::003735735894,2
3,cross_class,01,01::003735925894,1
3,cross_class,01,01::003736065894,1
3,cross_class,01,01::003736095894,2
3,cross_class,01,01::003737295897,1
3,cross_class,01,01::003738725907,3
3,cross_class,01,01::003738995907,1
3,cross_class,01,01::003743445926,3
3,cross_class,01,01::003744905931,1
3,cross_class,01,01::003745035931,2
3,cross_class,01,01::003745385931,2
3,cross_class,01,01::003745555931,1
3,cross_class,01,01::003747405940,1
3,cross_class,01,01::003755545976,2
3,cross_class,01,01::003755865976,2
3,cross_class,01,01::003756095977,3
3,cross_class,01,01::003763915996,3
3,cross_class,01,01::003766515999,2
3,cross_class,01,01::003768446002,3
3,cross_class,01,01::003771996012,2
3,cross_class,01,01::003773356014,3
3,cross_class,01,01::003775766025,1
3,cross_class,01,01::003775996025,1
3,cross_class,01,01::003776016025,4
3,cross_class,01,01::003776156026,1
3,cross_class,01,01::003776196026,1
3,cross_class,01,01::003778946033,3
3,cross_class,01,01::003779026033,3
3,cross_class,01,01::003780586038,2
3,cross_class,01,01::003780936038,1
3,cross_class,01,01::003780966038,2
3,cross_class,01,01::003782206043,3
3,cross_class,01,01::003782616043,2
3,cross_class,01,01::003788906066,2
3,cross_class,01,01::003789046066,1
3,cross_class,01,01::003789096066,1
3,cross_class,01,01::003789636070,2
3,cross_class,01,01::003789746070,1
3,cross_class,01,01::003790676075,2
3,cross_class,01,01::003791186075,5
3,cross_class,01,01::003791276075,4
3,cross_class,01,01::003791306075,1
3,cross_class,01,01::003791876075,2
3,cross_class,01,01::003796956085,2
3,cross_class,01,01::003799126094,1
3,cross_class,01,01::003800786102,1
3,cross_class,01,01::003800986102,1
3,cross_class,01,01::003801156101,2
3,cross_class,01,01::003802526103,1
3,cross_class,01,01::003803956104,2
3,cross_class,01,01::003804976105,1
3,cross_class,01,01::003805076105,1
3,cross_class,01,01::003805526105,3
3,cross_class,01,01::003805946105,3
3,cross_class,01,01::003807016110,1
3,cross_class,01,01::003807056110,1
3,cross_class,01,01::003811586116,4
3,cross_class,01,01::003812936120,2
3,cross_class,01,01::003813676123,4
3,cross_class,01,01::003814016124,2
3,cross_class,01,01::003814096124,1
3,cross_class,01,01::003814716124,2
3,cross_class,01,01::003814796124,1
3,cross_class,01,01::003814846124,1
3,cross_class,01,01::003814936124,4
3,cross_class,01,01::003814986124,8
3,cross_class,01,01::003815216124,2
3,cross_class,01,01::003816906126,2
3,cross_class,01,01::003817406126,3
3,cross_class,01,01::003817416126,1
3,cross_class,01,01::003817426126,3
3,cross_class,01,01::003819896127,1
3,cross_class,01,01::003821456134,4
3,cross_class,01,01::003825726156,1
3,cross_class,01,01::003826196156,1
3,cross_class,01,01::003826696156,3
3,cross_class,01,01::003826836157,1
3,cross_class,01,01::003832576168,2
3,cross_class,01,01::003832826168,1
3,cross_class,01,01::003838066180,3
3,cross_class,01,01::003838076180,1
3,cross_class,01,01::003838426180,2
3,cross_class,01,01::003839036184,1
3,cross_class,01,01::003840716187,2
3,cross_class,01,01::003841226187,1
3,cross_class,01,01::003841306187,1
3,cross_class,01,01::003841526187,3
3,cross_class,01,01::003843356191,2
3,cross_class,01,01::003843596191,3
3,cross_class,01,01::003843726191,1
3,cross_class,01,01::003846396198,1
3,cross_class,01,01::003849076201,1
3,cross_class,01,01::003849146201,2
3,cross_class,01,01::003850096208,2
3,cross_class,01,01::003856286225,1
3,cross_class,01,01::003860816228,1
3,cross_class,01,01::003864306234,3
3,cross_class,01,01::003868136240,1
3,cross_class,01,01::003868226240,1
3,cross_class,01,01::003868846240,2
3,cross_class,01,01::003878566276,3
3,cross_class,01,01::003878696276,2
3,cross_class,01,01::003881836285,3
3,cross_class,01,01::003882876287,4
3,cross_class,01,01::003883316287,1
3,cross_class,01,01::003889146300,1
3,cross_class,01,01::003892176306,1
3,cross_class,01,01::003892496306,3
3,cross_class,01,01::003895156309,1
3,cross_class,01,01::003907046336,2
3,cross_class,01,01::003908866342,2
3,cross_class,01,01::003909746343,5
3,cross_class,01,01::003909786343,1
3,cross_class,01,01::003910006343,1
3,cross_class,01,01::003910296343,3
3,cross_class,01,01::003910386343,2
3,cross_class,01,01::003910396343,1
3,cross_class,01,01::003910816343,1
3,cross_class,01,01::003911146343,1
3,cross_class,01,01::003911176343,1
3,cross_class,01,01::003911206343,2
3,cross_class,01,01::003915986353,3
3,cross_class,01,01::003915996353,1
3,cross_class,01,01::003916136353,2
3,cross_class,01,01::003921666366,2
3,cross_class,01,01::003929586388,2
3,cross_class,01,01::003931836398,3
3,cross_class,01,01::003933186402,1
3,cross_class,01,01::003933456402,2
3,cross_class,01,01::003934246405,1
3,cross_class,01,01::003935156408,1
3,cross_class,01,01::003935196408,4
3,cross_class,01,01::003935286408,6
3,cross_class,01,01::003935296408,2
3,cross_class,01,01::003935326408,3
3,cross_class,01,01::003935436408,1
3,cross_class,01,01::003935486408,1
3,cross_class,01,01::003935596408,1
3,cross_class,01,01::003935776408,3
3,cross_class,01,01::003937266412,1
3,cross_class,01,01::003937806411,1
3,cross_class,01,01::003939816416,4
3,cross_class,01,01::003939876416,4
3,cross_class,01,01::003939916416,1
3,cross_class,01,01::003939946416,1
3,cross_class,01,01::003940016416,1
3,cross_class,01,01::003940336416,1
3,cross_class,01,01::003940346416,1
3,cross_class,01,01::003941886420,1
3,cross_class,01,01::003942116420,2
3,cross_class,01,01::003943576429,1
3,cross_class,01,01::003943636429,1
3,cross_class,01,01::003943696429,1
3,cross_class,01,01::003943776429,2
3,cross_class,01,01::003943806429,2
3,cross_class,01,01::003943846429,1
3,cross_class,01,01::003943896429,1
3,cross_class,01,01::003944036429,1
3,cross_class,01,01::003944126429,1
3,cross_class,01,01::003949546445,2
3,cross_class,01,01::003955736462,1
3,cross_class,01,01::003955756462,4
3,cross_class,01,01::003955766462,1
3,cross_class,01,01::003958286470,2
3,cross_class,01,01::003958406470,2
3,cross_class,01,01::003962056475,5
3,cross_class,01,01::003962076475,1
3,cross_class,01,01::003962166475,1
3,cross_class,01,01::003962246475,1
3,cross_class,01,01::003968056494,1
3,cross_class,01,01::004078986695,2
3,cross_class,01,01::004079006695,3
3,cross_class,01,01::004079996696,2
3,cross_class,01,01::004085696713,1
3,cross_class,01,01::004085866713,1
3,cross_class,01,01::004085946713,1
3,cross_class,01,01::004086216713,2
3,cross_class,01,01::004086236713,2
3,cross_class,01,01::004086346713,3
3,cross_class,01,01::004089536717,2
3,cross_class,01,01::004093116723,2
3,cross_class,01,01::004093306722,2
3,cross_class,01,01::004093866722,5
3,cross_class,01,01::004094816724,1
3,cross_class,01,01::004094916724,1
3,cross_class,01,01::004094946724,1
3,cross_class,01,01::004094966724,2
3,cross_class,01,01::004095006724,6
3,cross_class,01,01::004095106724,1
3,cross_class,01,01::004096006724,2
3,cross_class,01,01::004096816724,1
3,cross_class,01,01::004096846724,1
3,cross_class,01,01::004099076725,2
3,cross_class,01,01::004099146725,3
3,cross_class,01,01::004099166725,1
3,cross_class,01,01::004099306726,1
3,cross_class,01,01::004099376726,1
3,cross_class,01,01::004099396726,2
3,cross_class,01,01::004099416725,1
3,cross_class,01,01::004099446726,2
3,cross_class,01,01::004099766725,1
3,cross_class,01,01::004100066726,2
3,cross_class,01,01::004100366726,3
3,cross_class,01,01::004100456725,1
3,cross_class,01,01::004100836726,2
3,cross_class,01,01::004100976725,1
3,cross_class,01,01::004101106726,2
3,cross_class,01,01::004101196725,5
3,cross_class,01,01::004102176728,4
3,cross_class,01,01::004105516731,2
3,cross_class,01,01::004105606731,1
3,cross_class,01,01::004106016731,2
3,cross_class,01,01::004106216731,4
3,cross_class,01,01::004115926748,1
3,cross_class,01,01::004116136748,3
3,cross_class,01,01::004116236748,7
3,cross_class,01,01::004116426748,2
3,cross_class,01,01::004117026748,1
3,cross_class,01,01::004117036748,1
3,cross_class,01,01::004120146751,1
3,cross_class,01,01::004120166751,1
3,cross_class,01,01::004121626751,1
3,cross_class,01,01::004125966756,2
3,cross_class,01,01::004126126756,4
3,cross_class,01,01::004126446756,1
3,cross_class,01,01::004126716756,3
3,cross_class,01,01::004127356756,2
3,cross_class,01,01::004131956766,1
3,cross_class,01,01::004132006766,2
3,cross_class,01,01::004132046766,1
3,cross_class,01,01::004133536771,5
3,cross_class,01,01::004133706771,9
3,cross_class,01,01::004133756772,1
3,cross_class,01,01::004133766771,5
3,cross_class,01,01::004133876771,6
3,cross_class,01,01::004133886771,3
3,cross_class,01,01::004133936771,3
3,cross_class,01,01::004134016771,2
3,cross_class,01,01::004134376772,2
3,cross_class,01,01::004135696774,7
3,cross_class,01,01::004135716774,4
3,cross_class,01,01::004135976774,2
3,cross_class,01,01::004136286774,3
3,cross_class,01,01::004137146776,2
3,cross_class,01,01::004138246778,2
3,cross_class,01,01::004138276778,4
3,cross_class,01,01::004138546778,1
3,cross_class,01,01::004138606778,1
3,cross_class,01,01::004147586796,4
3,cross_class,01,01::004147646796,1
3,cross_class,01,01::004156396808,1
3,cross_class,01,01::004156866808,1
3,cross_class,01,01::004156946808,3
3,cross_class,01,01::004160866811,1
3,cross_class,01,01::004161176811,2
3,cross_class,01,01::004165126815,1
3,cross_class,01,01::004172986828,2
3,cross_class,01,01::004173216828,3
3,cross_class,01,01::004175596832,1
3,cross_class,01,01::004176246832,2
3,cross_class,01,01::004176546832,1
3,cross_class,01,01::004176796832,4
3,cross_class,01,01::004179826835,2
3,cross_class,01,01::004185526842,2
3,cross_class,01,01::004185716842,2
3,cross_class,01,01::004185756842,1
3,cross_class,01,01::004186006842,3
3,cross_class,01,01::004186036842,1
3,cross_class,01,01::004188786845,2
3,cross_class,01,01::004188816845,2
3,cross_class,01,01::004188926845,1
3,cross_class,01,01::004192696854,1
3,cross_class,01,01::004193066854,3
3,cross_class,01,01::004194656858,1
3,cross_class,01,01::004195616859,1
3,cross_class,01,01::004195826859,2
3,cross_class,01,01::004196006859,1
3,cross_class,01,01::004196586862,1
3,cross_class,01,01::004196746862,2
3,cross_class,01,01::004204786877,1
3,cross_class,01,01::004210976888,1
3,cross_class,01,01::004214506890,1
3,cross_class,01,01::004220196901,2
3,cross_class,01,01::004222786906,1
3,cross_class,01,01::004227936913,1
3,cross_class,01,01::004230986916,2
3,cross_class,01,01::004235566929,1
3,cross_class,01,01::004236466931,1
3,cross_class,01,01::004244646944,3
3,cross_class,01,01::004244656944,1
3,cross_class,01,01::004247136949,1
3,cross_class,01,01::004247156949,2
3,cross_class,01,01::004247456949,1
3,cross_class,01,01::004260156960,2
3,cross_class,01,01::004260346960,2
3,cross_class,01,01::004260646960,3
3,cross_class,01,01::004260946960,6
3,cross_class,01,01::004261196960,2
3,cross_class,01,01::004265026967,1
3,cross_class,01,01::004273376975,2
3,cross_class,01,01::004276096976,1
3,cross_class,01,01::004276246976,2
3,cross_class,01,01::004276976978,1
3,cross_class,01,01::004280356983,1
3,cross_class,01,01::004282606990,2
3,cross_class,01,01::004286237003,2
3,cross_class,01,01::004286367003,1
3,cross_class,01,01::004286377003,1
3,cross_class,01,01::004286397003,2
3,cross_class,01,01::004286487003,1
3,cross_class,01,01::004286577004,2
3,cross_class,01,01::004286607003,2
3,cross_class,01,01::004286887004,4
3,cross_class,01,01::004287057003,1
3,cross_class,01,01::004292637007,1
3,cross_class,01,01::004295787022,6
3,cross_class,01,01::004296357022,3
3,cross_class,01,01::004300147030,2
3,cross_class,01,01::004300287031,1
3,cross_class,01,01::004300517030,2
3,cross_class,01,01::004300537030,2
3,cross_class,01,01::004305587033,1
3,cross_class,01,01::004309877035,1
3,cross_class,01,01::004313347037,1
3,cross_class,01,01::004313577038,5
3,cross_class,01,01::004313707038,3
3,cross_class,01,01::004314567038,1
3,cross_class,01,01::004328997042,1
3,cross_class,01,01::004329757042,4
3,cross_class,01,01::004332757046,1
3,cross_class,01,01::004332897046,1
3,cross_class,01,01::004333867049,1
3,cross_class,01,01::004334087049,2
3,cross_class,01,01::004342647065,2
3,cross_class,01,01::004347797077,1
3,cross_class,01,01::004348217078,6
3,cross_class,01,01::004348947078,3
3,cross_class,01,01::004349157078,4
3,cross_class,01,01::004355187091,1
3,cross_class,01,01::004358727102,2
3,cross_class,01,01::004360917106,1
3,cross_class,01,01::004361777106,1
3,cross_class,01,01::004368327107,2
3,cross_class,01,01::004370847107,1
3,cross_class,01,01::004372057107,6
3,cross_class,01,01::004372337107,1
3,cross_class,01,01::004375717108,2
3,cross_class,01,01::004379957113,4
3,cross_class,01,01::004380107113,1
3,cross_class,01,01::004380457113,1
3,cross_class,01,01::004382227116,2
3,cross_class,01,01::004399687131,1
3,cross_class,01,01::004402717136,3
3,cross_class,01,01::004409747148,1
3,cross_class,01,01::004410147148,1
3,cross_class,01,01::004410207148,1
3,cross_class,01,01::004413847149,1
3,cross_class,01,01::004413887149,1
3,cross_class,01,01::004414407149,1
3,cross_class,01,01::004419187161,1
3,cross_class,01,01::004421627170,1
3,cross_class,01,01::004424777181,2
3,cross_class,01,01::004426337184,1
3,cross_class,01,01::004426387184,1
3,cross_class,01,01::004428587188,1
3,cross_class,01,01::004428687188,2
3,cross_class,01,01::004429187188,3
3,cross_class,01,01::004429477189,1
3,cross_class,01,01::004429487188,2
3,cross_class,01,01::004429907190,2
3,cross_class,01,01::004432127191,1
3,cross_class,01,01::004436407192,1
3,cross_class,01,01::004439847195,1
3,cross_class,01,01::004455317220,4
3,cross_class,01,01::004457917223,1
3,cross_class,01,01::004460927244,1
3,cross_class,01,01::004461357244,2
3,cross_class,01,01::004461657245,3
3,cross_class,01,01::004461707244,11
3,cross_class,01,01::004461827244,7
3,cross_class,01,01::004461897244,7
3,cross_class,01,01::004461947244,1
3,cross_class,01,01::004461967244,1
3,cross_class,01,01::004465067252,2
3,cross_class,01,01::004465247252,1
3,cross_class,01,01::004465317252,1
3,cross_class,01,01::004465437252,1
3,cross_class,01,01::004474387254,1
3,cross_class,01,01::004474607255,3
3,cross_class,01,01::004474617255,1
3,cross_class,01,01::004474787255,1
3,cross_class,01,01::004475027254,1
3,cross_class,01,01::004475097254,2
3,cross_class,01,01::004475337254,1
3,cross_class,01,01::004477007256,1
3,cross_class,01,01::004480657258,1
3,cross_class,01,01::004496527272,3
3,cross_class,01,01::004497247273,1
3,cross_class,01,01::004497457273,1
3,cross_class,01,01::004497517273,3
3,cross_class,01,01::004497727273,1
3,cross_class,01,01::004497737273,5
3,cross_class,01,01::004500047280,3
3,cross_class,01,01::004502227285,1
3,cross_class,01,01::004502717286,2
3,cross_class,01,01::004502777286,1
3,cross_class,01,01::004502957286,1
3,cross_class,01,01::004503207286,2
3,cross_class,01,01::004503557286,3
3,cross_class,01,01::004506097288,1
3,cross_class,01,01::004516337319,2
3,cross_class,01,01::004520987324,1
3,cross_class,01,01::004521227324,1
3,cross_class,01,01::004521297324,3
3,cross_class,01,01::004521357324,5
3,cross_class,01,01::004521457324,8
3,cross_class,01,01::004521467324,1
3,cross_class,01,01::004521597324,3
3,cross_class,01,01::004521617324,2
3,cross_class,01,01::004521737324,3
3,cross_class,01,01::004521787324,4
3,cross_class,01,01::004527107339,1
3,cross_class,01,01::004539697360,1
3,cross_class,01,01::004540067360,1
3,cross_class,01,01::004540097360,3
3,cross_class,01,01::004540197360,2
3,cross_class,01,01::004543547366,1
3,cross_class,01,01::004543587366,1
3,cross_class,01,01::004543807366,3
3,cross_class,01,01::004543847367,3
3,cross_class,01,01::004543997366,2
3,cross_class,01,01::004544027366,6
3,cross_class,01,01::004544287366,1
3,cross_class,01,01::004544387366,1
3,cross_class,01,01::004544407366,1
3,cross_class,01,01::004548397375,1
3,cross_class,01,01::004548967375,1
3,cross_class,01,01::004550567377,1
3,cross_class,01,01::004551007377,1
3,cross_class,01,01::004559087385,4
3,cross_class,01,01::004568127401,1
3,cross_class,01,01::004568297401,4
3,cross_class,01,01::004568537401,2
3,cross_class,01,01::004568607401,1
3,cross_class,01,01::004571627407,4
3,cross_class,01,01::004571857407,1
3,cross_class,01,01::004573557411,2
3,cross_class,01,01::004577627417,1
3,cross_class,01,01::004577937417,1
3,cross_class,01,01::004585847430,3
3,cross_class,01,01::004588527436,1
3,cross_class,01,01::004592767449,1
3,cross_class,01,01::004594677451,2
3,cross_class,01,01::004595347451,2
3,cross_class,01,01::004598067455,1
3,cross_class,01,01::004598327455,5
3,cross_class,01,01::004598817455,1
3,cross_class,01,01::004599077455,2
3,cross_class,01,01::004599137455,3
3,cross_class,01,01::004599267455,3
3,cross_class,01,01::004599327455,1
3,cross_class,01,01::004599497455,1
3,cross_class,01,01::004599867455,5
3,cross_class,01,01::004600307455,2
3,cross_class,01,01::004653753557,1
3,cross_class,01,01::004656253558,1
3,cross_class,01,01::004657983558,2
3,cross_class,01,01::004746313559,2
3,cross_class,01,01::357683553401,1
3,cross_class,01,01::379083607501,1
3,cross_class,01,01::394214642001,1
3,cross_class,01,01::416078681101,1
3,cross_class,01,01::422726691301,4
3,cross_class,01,01::454043736001,1
3,cross_class,01,01::460110745501,1
3,cross_class,02,02::000007479596,2
3,cross_class,02,02::000013130001,8
3,cross_class,02,02::000013250001,9
3,cross_class,02,02::000013740001,9
3,cross_class,02,02::000013920001,13
3,cross_class,02,02::000018929596,5
3,cross_class,02,02::000019520001,4
3,cross_class,02,02::000026170001,4
3,cross_class,02,02::000026570001,2
3,cross_class,02,02::000026760001,43
3,cross_class,02,02::000026830001,8
3,cross_class,02,02::000027330001,1
3,cross_class,02,02::000027380001,4
3,cross_class,02,02::000027430001,3
3,cross_class,02,02::000027440001,10
3,cross_class,02,02::000028739596,1
3,cross_class,02,02::000030589596,14
3,cross_class,02,02::000033839596,4
3,cross_class,02,02::000033960001,8
3,cross_class,02,02::000034000001,2
3,cross_class,02,02::000034029596,5
3,cross_class,02,02::000034530001,2
3,cross_class,02,02::000037299596,11
3,cross_class,02,02::000040989596,2
3,cross_class,02,02::000043299596,6
3,cross_class,02,02::000044319596,11
3,cross_class,02,02::000046909596,10
3,cross_class,02,02::000055059596,5
3,cross_class,02,02::000055239596,6
3,cross_class,02,02::000059489596,8
3,cross_class,02,02::000061619596,5
3,cross_class,02,02::000063679596,9
3,cross_class,02,02::000066819596,18
3,cross_class,02,02::000069109596,2
3,cross_class,02,02::000590959702,4
3,cross_class,02,02::002664000102,5
3,cross_class,02,02::003381005211,1
3,cross_class,02,02::003381015211,1
3,cross_class,02,02::003384345218,2
3,cross_class,02,02::003388395223,3
3,cross_class,02,02::003388955223,3
3,cross_class,02,02::003388975223,4
3,cross_class,02,02::003397925232,2
3,cross_class,02,02::003398865232,2
3,cross_class,02,02::003399505232,3
3,cross_class,02,02::003399855232,9
3,cross_class,02,02::003399865232,17
3,cross_class,02,02::003405245240,1
3,cross_class,02,02::003405335240,5
3,cross_class,02,02::003430785291,1
3,cross_class,02,02::003430835291,1
3,cross_class,02,02::003431035291,2
3,cross_class,02,02::003431075291,7
3,cross_class,02,02::003432105292,2
3,cross_class,02,02::003432285292,2
3,cross_class,02,02::003444875304,3
3,cross_class,02,02::003447195305,1
3,cross_class,02,02::003447245305,1
3,cross_class,02,02::003447555305,1
3,cross_class,02,02::003447945305,3
3,cross_class,02,02::003459005316,4
3,cross_class,02,02::003461895325,1
3,cross_class,02,02::003461925325,2
3,cross_class,02,02::003461935325,18
3,cross_class,02,02::003461975325,2
3,cross_class,02,02::003462015325,3
3,cross_class,02,02::003462315325,1
3,cross_class,02,02::003462395325,1
3,cross_class,02,02::003462485325,4
3,cross_class,02,02::003470375337,3
3,cross_class,02,02::003470675337,2
3,cross_class,02,02::003472145339,1
3,cross_class,02,02::003474095342,6
3,cross_class,02,02::003474185342,1
3,cross_class,02,02::003477065346,6
3,cross_class,02,02::003483755358,12
3,cross_class,02,02::003486225364,4
3,cross_class,02,02::003487015364,5
3,cross_class,02,02::003494775372,5
3,cross_class,02,02::003494805372,2
3,cross_class,02,02::003495355372,5
3,cross_class,02,02::003495395372,3
3,cross_class,02,02::003495555372,4
3,cross_class,02,02::003495765372,1
3,cross_class,02,02::003505355383,3
3,cross_class,02,02::003505555383,4
3,cross_class,02,02::003508705390,7
3,cross_class,02,02::003516615415,3
3,cross_class,02,02::003517545415,2
3,cross_class,02,02::003524135417,1
3,cross_class,02,02::003524355417,8
3,cross_class,02,02::003526665419,8
3,cross_class,02,02::003526715419,3
3,cross_class,02,02::003537155434,1
3,cross_class,02,02::003537435434,2
3,cross_class,02,02::003542545448,1
3,cross_class,02,02::003542965448,12
3,cross_class,02,02::003549735470,1
3,cross_class,02,02::003561125496,8
3,cross_class,02,02::003568095517,3
3,cross_class,02,02::003568265517,2
3,cross_class,02,02::003568295517,2
3,cross_class,02,02::003576865534,12
3,cross_class,02,02::003576905534,5
3,cross_class,02,02::003577435534,3
3,cross_class,02,02::003577645534,1
3,cross_class,02,02::003581755544,2
3,cross_class,02,02::003582215544,1
3,cross_class,02,02::003582265544,2
3,cross_class,02,02::003586415569,2
3,cross_class,02,02::003586655569,1
3,cross_class,02,02::003586835569,3
3,cross_class,02,02::003604995610,1
3,cross_class,02,02::003609025618,3
3,cross_class,02,02::003617665632,4
3,cross_class,02,02::003617675632,3
3,cross_class,02,02::003617835632,9
3,cross_class,02,02::003617875631,2
3,cross_class,02,02::003617895632,3
3,cross_class,02,02::003618005632,3
3,cross_class,02,02::003620695639,3
3,cross_class,02,02::003641905707,2
3,cross_class,02,02::003642235707,2
3,cross_class,02,02::003642265707,2
3,cross_class,02,02::003651355728,1
3,cross_class,02,02::003651395728,1
3,cross_class,02,02::003651475728,3
3,cross_class,02,02::003651735728,2
3,cross_class,02,02::003651855728,1
3,cross_class,02,02::003651875728,1
3,cross_class,02,02::003672815773,4
3,cross_class,02,02::003672875773,1
3,cross_class,02,02::003673715773,3
3,cross_class,02,02::003674155773,3
3,cross_class,02,02::003674495773,3
3,cross_class,02,02::003675045773,1
3,cross_class,02,02::003675125773,2
3,cross_class,02,02::003681545782,3
3,cross_class,02,02::003685885790,1
3,cross_class,02,02::003685945790,2
3,cross_class,02,02::003686215790,2
3,cross_class,02,02::003705485838,9
3,cross_class,02,02::003705515838,4
3,cross_class,02,02::003705565838,4
3,cross_class,02,02::003705815838,1
3,cross_class,02,02::003706045838,3
3,cross_class,02,02::003708245845,4
3,cross_class,02,02::003708865845,7
3,cross_class,02,02::003713365850,1
3,cross_class,02,02::003714675855,3
3,cross_class,02,02::003714975855,2
3,cross_class,02,02::003715495857,4
3,cross_class,02,02::003722085870,3
3,cross_class,02,02::003722275870,7
3,cross_class,02,02::003722895870,3
3,cross_class,02,02::003722925870,2
3,cross_class,02,02::003725175873,4
3,cross_class,02,02::003725385873,7
3,cross_class,02,02::003725485873,3
3,cross_class,02,02::003732085882,2
3,cross_class,02,02::003732375882,1
3,cross_class,02,02::003739245908,4
3,cross_class,02,02::003739305908,1
3,cross_class,02,02::003739375908,3
3,cross_class,02,02::003739415908,1
3,cross_class,02,02::003755315976,14
3,cross_class,02,02::003755405976,1
3,cross_class,02,02::003756005976,4
3,cross_class,02,02::003756035976,1
3,cross_class,02,02::003756295976,7
3,cross_class,02,02::003756325976,1
3,cross_class,02,02::003756695977,2
3,cross_class,02,02::003764655997,1
3,cross_class,02,02::003771946012,2
3,cross_class,02,02::003772556012,1
3,cross_class,02,02::003775716025,5
3,cross_class,02,02::003775926025,1
3,cross_class,02,02::003776506025,4
3,cross_class,02,02::003784356052,1
3,cross_class,02,02::003784416052,1
3,cross_class,02,02::003784986052,2
3,cross_class,02,02::003785056052,3
3,cross_class,02,02::003788956066,8
3,cross_class,02,02::003788976066,4
3,cross_class,02,02::003789426070,2
3,cross_class,02,02::003790726075,10
3,cross_class,02,02::003790766075,6
3,cross_class,02,02::003790776075,1
3,cross_class,02,02::003790876075,4
3,cross_class,02,02::003796546085,2
3,cross_class,02,02::003805496105,5
3,cross_class,02,02::003805876105,2
3,cross_class,02,02::003819406128,4
3,cross_class,02,02::003819496128,3
3,cross_class,02,02::003819606128,2
3,cross_class,02,02::003826666157,1
3,cross_class,02,02::003839226184,1
3,cross_class,02,02::003839266184,2
3,cross_class,02,02::003839336184,5
3,cross_class,02,02::003845016197,4
3,cross_class,02,02::003845316197,2
3,cross_class,02,02::003845946197,1
3,cross_class,02,02::003878776276,2
3,cross_class,02,02::003894716309,2
3,cross_class,02,02::003905486331,4
3,cross_class,02,02::003905506331,3
3,cross_class,02,02::003917566356,3
3,cross_class,02,02::003919466360,2
3,cross_class,02,02::003921596366,5
3,cross_class,02,02::003925606379,1
3,cross_class,02,02::003926116379,2
3,cross_class,02,02::003926406379,1
3,cross_class,02,02::003929446388,3
3,cross_class,02,02::003929756388,2
3,cross_class,02,02::003929826388,4
3,cross_class,02,02::003961516475,3
3,cross_class,02,02::003966196489,6
3,cross_class,02,02::003968816494,3
3,cross_class,02,02::004093036722,9
3,cross_class,02,02::004093226723,2
3,cross_class,02,02::004093366722,2
3,cross_class,02,02::004094856723,2
3,cross_class,02,02::004110576741,1
3,cross_class,02,02::004116956748,1
3,cross_class,02,02::004117276748,1
3,cross_class,02,02::004146436796,3
3,cross_class,02,02::004146686796,3
3,cross_class,02,02::004147346798,9
3,cross_class,02,02::004147886796,2
3,cross_class,02,02::004148036796,1
3,cross_class,02,02::004148076798,1
3,cross_class,02,02::004148116796,6
3,cross_class,02,02::004148576796,2
3,cross_class,02,02::004155006805,3
3,cross_class,02,02::004160126811,6
3,cross_class,02,02::004160186811,1
3,cross_class,02,02::004160346812,1
3,cross_class,02,02::004161216811,2
3,cross_class,02,02::004161286811,4
3,cross_class,02,02::004165076815,2
3,cross_class,02,02::004179866835,2
3,cross_class,02,02::004199186865,2
3,cross_class,02,02::004199526865,1
3,cross_class,02,02::004199566865,2
3,cross_class,02,02::004200276866,4
3,cross_class,02,02::004200916866,3
3,cross_class,02,02::004200996866,1
3,cross_class,02,02::004201066866,3
3,cross_class,02,02::004210736888,2
3,cross_class,02,02::004211126888,10
3,cross_class,02,02::004211536888,6
3,cross_class,02,02::004214196890,4
3,cross_class,02,02::004216676893,1
3,cross_class,02,02::004223076906,1
3,cross_class,02,02::004227516914,1
3,cross_class,02,02::004232246918,4
3,cross_class,02,02::004264706967,6
3,cross_class,02,02::004264726967,3
3,cross_class,02,02::004264766967,2
3,cross_class,02,02::004269486972,1
3,cross_class,02,02::004272666975,6
3,cross_class,02,02::004273886975,6
3,cross_class,02,02::004275476976,3
3,cross_class,02,02::004275996976,2
3,cross_class,02,02::004286627004,5
3,cross_class,02,02::004288277004,1
3,cross_class,02,02::004300527031,3
3,cross_class,02,02::004339007060,4
3,cross_class,02,02::004342087064,3
3,cross_class,02,02::004347247078,4
3,cross_class,02,02::004348327078,1
3,cross_class,02,02::004354967091,2
3,cross_class,02,02::004355267091,5
3,cross_class,02,02::004355917094,3
3,cross_class,02,02::004360357105,6
3,cross_class,02,02::004383137117,3
3,cross_class,02,02::004388407119,3
3,cross_class,02,02::004409737147,1
3,cross_class,02,02::004413367149,5
3,cross_class,02,02::004413577149,6
3,cross_class,02,02::004413737149,2
3,cross_class,02,02::004413757149,8
3,cross_class,02,02::004413817149,10
3,cross_class,02,02::004413867149,2
3,cross_class,02,02::004413987149,1
3,cross_class,02,02::004414237149,1
3,cross_class,02,02::004414567149,4
3,cross_class,02,02::004414967150,1
3,cross_class,02,02::004427017186,3
3,cross_class,02,02::004427077186,13
3,cross_class,02,02::004427177186,1
3,cross_class,02,02::004427237186,1
3,cross_class,02,02::004427287186,2
3,cross_class,02,02::004427407186,6
3,cross_class,02,02::004427757186,2
3,cross_class,02,02::004430467189,3
3,cross_class,02,02::004432247191,7
3,cross_class,02,02::004432497191,1
3,cross_class,02,02::004432547191,7
3,cross_class,02,02::004432847191,4
3,cross_class,02,02::004433007191,5
3,cross_class,02,02::004433077191,2
3,cross_class,02,02::004433327191,10
3,cross_class,02,02::004438927194,3
3,cross_class,02,02::004439557195,3
3,cross_class,02,02::004439817195,2
3,cross_class,02,02::004442137196,2
3,cross_class,02,02::004461497245,2
3,cross_class,02,02::004461527245,1
3,cross_class,02,02::004490407262,2
3,cross_class,02,02::004501787285,3
3,cross_class,02,02::004502177285,1
3,cross_class,02,02::004502257285,4
3,cross_class,02,02::004502687286,2
3,cross_class,02,02::004503097286,3
3,cross_class,02,02::004519067323,1
3,cross_class,02,02::004519317323,1
3,cross_class,02,02::004524177333,7
3,cross_class,02,02::004526807339,2
3,cross_class,02,02::004526937339,2
3,cross_class,02,02::004540007360,4
3,cross_class,02,02::004543667366,1
3,cross_class,02,02::004547857374,7
3,cross_class,02,02::004547867374,4
3,cross_class,02,02::004557667383,2
3,cross_class,02,02::004561917388,1
3,cross_class,02,02::004563447390,1
3,cross_class,02,02::004563517390,1
3,cross_class,02,02::004574327412,2
3,cross_class,02,02::004574567412,2
3,cross_class,02,02::004583757425,2
3,cross_class,02,02::004583877425,1
3,cross_class,02,02::004592387447,1
3,cross_class,02,02::004592547447,3
3,cross_class,02,02::004599877454,4
3,cross_class,02,02::004653183557,2
3,cross_class,02,02::004653483557,3
3,cross_class,02,02::004661073561,2
3,cross_class,02,02::004661483561,2
3,cross_class,02,02::004662213561,1
3,cross_class,02,02::004662653561,3
3,cross_class,02,02::004706923564,4
3,cross_class,02,02::004707263564,3
3,cross_class,02,02::344736530502,1
3,cross_class,02,02::373883590802,3
3,cross_class,02,02::443205719102,2
3,cross_class,02,02::455992738602,4
3,cross_class,03,03::000002199596,25
3,cross_class,03,03::000004869596,10
3,cross_class,03,03::000010849596,1
3,cross_class,03,03::000012909596,5
3,cross_class,03,03::000013110001,13
3,cross_class,03,03::000013150001,17
3,cross_class,03,03::000013200001,4
3,cross_class,03,03::000013760001,1
3,cross_class,03,03::000019459596,17
3,cross_class,03,03::000022309596,9
3,cross_class,03,03::000025940001,9
3,cross_class,03,03::000025950001,9
3,cross_class,03,03::000026949596,5
3,cross_class,03,03::000027240001,5
3,cross_class,03,03::000027329596,16
3,cross_class,03,03::000027459596,1
3,cross_class,03,03::000027510001,10
3,cross_class,03,03::000027520001,4
3,cross_class,03,03::000027979596,3
3,cross_class,03,03::000030379596,1
3,cross_class,03,03::000033289596,8
3,cross_class,03,03::000033520001,4
3,cross_class,03,03::000033910001,17
3,cross_class,03,03::000033950001,6
3,cross_class,03,03::000034760001,22
3,cross_class,03,03::000034800001,10
3,cross_class,03,03::000034960001,4
3,cross_class,03,03::000035969596,27
3,cross_class,03,03::000036599596,2
3,cross_class,03,03::000036969596,14
3,cross_class,03,03::000038749596,26
3,cross_class,03,03::000039109596,28
3,cross_class,03,03::000039619596,2
3,cross_class,03,03::000045949596,19
3,cross_class,03,03::000049289596,1
3,cross_class,03,03::000049539596,7
3,cross_class,03,03::000050139596,6
3,cross_class,03,03::000051109596,14
3,cross_class,03,03::000055349596,4
3,cross_class,03,03::000069889596,3
3,cross_class,03,03::000069999596,10
3,cross_class,03,03::000071219596,2
3,cross_class,03,03::000071759596,25
3,cross_class,03,03::002611000103,8
3,cross_class,03,03::002626000103,2
3,cross_class,03,03::003363000103,13
3,cross_class,03,03::003388315223,4
3,cross_class,03,03::003427305288,2
3,cross_class,03,03::003427315288,3
3,cross_class,03,03::003427335288,3
3,cross_class,03,03::003427435288,14
3,cross_class,03,03::003427485288,3
3,cross_class,03,03::003427515288,2
3,cross_class,03,03::003427575288,1
3,cross_class,03,03::003427915288,1
3,cross_class,03,03::003431165291,2
3,cross_class,03,03::003444705304,1
3,cross_class,03,03::003444835304,2
3,cross_class,03,03::003444885304,4
3,cross_class,03,03::003445425304,1
3,cross_class,03,03::003445535304,9
3,cross_class,03,03::003445645304,3
3,cross_class,03,03::003446675305,4
3,cross_class,03,03::003446725305,3
3,cross_class,03,03::003448015305,2
3,cross_class,03,03::003448325305,27
3,cross_class,03,03::003448345305,5
3,cross_class,03,03::003448365305,2
3,cross_class,03,03::003473555342,4
3,cross_class,03,03::003473685342,2
3,cross_class,03,03::003473695342,8
3,cross_class,03,03::003473875342,10
3,cross_class,03,03::003486575364,4
3,cross_class,03,03::003494945372,5
3,cross_class,03,03::003515465414,4
3,cross_class,03,03::003515495414,6
3,cross_class,03,03::003515755415,7
3,cross_class,03,03::003516005414,1
3,cross_class,03,03::003516205414,6
3,cross_class,03,03::003516435414,10
3,cross_class,03,03::003524085417,1
3,cross_class,03,03::003525755417,6
3,cross_class,03,03::003526625419,7
3,cross_class,03,03::003542225448,3
3,cross_class,03,03::003542235448,1
3,cross_class,03,03::003542565448,5
3,cross_class,03,03::003548865463,7
3,cross_class,03,03::003548875463,14
3,cross_class,03,03::003562985500,2
3,cross_class,03,03::003563115500,1
3,cross_class,03,03::003563135500,3
3,cross_class,03,03::003577165534,4
3,cross_class,03,03::003596675595,1
3,cross_class,03,03::003596895595,1
3,cross_class,03,03::003597045595,2
3,cross_class,03,03::003597115595,1
3,cross_class,03,03::003597705595,1
3,cross_class,03,03::003597815595,1
3,cross_class,03,03::003608525615,2
3,cross_class,03,03::003608575615,2
3,cross_class,03,03::003608855615,3
3,cross_class,03,03::003620445639,4
3,cross_class,03,03::003620755639,7
3,cross_class,03,03::003621245639,4
3,cross_class,03,03::003641785707,10
3,cross_class,03,03::003641835707,5
3,cross_class,03,03::003641845707,5
3,cross_class,03,03::003645975716,1
3,cross_class,03,03::003645995716,3
3,cross_class,03,03::003646075716,2
3,cross_class,03,03::003651455728,7
3,cross_class,03,03::003651715728,2
3,cross_class,03,03::003666265765,6
3,cross_class,03,03::003666555765,3
3,cross_class,03,03::003679515782,2
3,cross_class,03,03::003679665782,5
3,cross_class,03,03::003681445782,7
3,cross_class,03,03::003705695838,7
3,cross_class,03,03::003706295838,2
3,cross_class,03,03::003708255845,7
3,cross_class,03,03::003708415845,2
3,cross_class,03,03::003708505845,2
3,cross_class,03,03::003708705845,8
3,cross_class,03,03::003717335859,1
3,cross_class,03,03::003717345859,3
3,cross_class,03,03::003717485859,10
3,cross_class,03,03::003720335869,1
3,cross_class,03,03::003723085870,2
3,cross_class,03,03::003724985873,3
3,cross_class,03,03::003725025873,5
3,cross_class,03,03::003725035873,6
3,cross_class,03,03::003725105873,2
3,cross_class,03,03::003726155874,2
3,cross_class,03,03::003726175873,1
3,cross_class,03,03::003756615977,2
3,cross_class,03,03::003764865997,5
3,cross_class,03,03::003774716022,1
3,cross_class,03,03::003775966025,1
3,cross_class,03,03::003776116025,1
3,cross_class,03,03::003776566025,3
3,cross_class,03,03::003784336052,1
3,cross_class,03,03::003805186105,3
3,cross_class,03,03::003805856105,4
3,cross_class,03,03::003809246114,5
3,cross_class,03,03::003809336114,4
3,cross_class,03,03::003809426114,4
3,cross_class,03,03::003826186157,2
3,cross_class,03,03::003826946157,1
3,cross_class,03,03::003826986157,3
3,cross_class,03,03::003827106157,3
3,cross_class,03,03::003839556184,6
3,cross_class,03,03::003839686184,1
3,cross_class,03,03::003839976184,3
3,cross_class,03,03::003871136248,1
3,cross_class,03,03::003871156248,1
3,cross_class,03,03::003871196248,2
3,cross_class,03,03::003871306248,9
3,cross_class,03,03::003871556248,1
3,cross_class,03,03::003873706251,2
3,cross_class,03,03::003876396270,2
3,cross_class,03,03::003888336299,1
3,cross_class,03,03::003889326299,1
3,cross_class,03,03::003895966309,1
3,cross_class,03,03::003920756366,1
3,cross_class,03,03::003920786366,4
3,cross_class,03,03::003921086366,1
3,cross_class,03,03::003921346366,2
3,cross_class,03,03::003921576366,1
3,cross_class,03,03::003921586366,2
3,cross_class,03,03::003921916366,1
3,cross_class,03,03::003921936366,1
3,cross_class,03,03::003925706379,3
3,cross_class,03,03::003925726379,6
3,cross_class,03,03::003926356379,2
3,cross_class,03,03::003926416379,1
3,cross_class,03,03::003926446379,1
3,cross_class,03,03::003926506379,1
3,cross_class,03,03::003961166475,3
3,cross_class,03,03::004115776748,2
3,cross_class,03,03::004116006748,1
3,cross_class,03,03::004133946772,2
3,cross_class,03,03::004147046796,1
3,cross_class,03,03::004154256805,2
3,cross_class,03,03::004154676805,2
3,cross_class,03,03::004154746805,4
3,cross_class,03,03::004154766805,2
3,cross_class,03,03::004154856805,5
3,cross_class,03,03::004154926805,3
3,cross_class,03,03::004154986805,1
3,cross_class,03,03::004160706812,5
3,cross_class,03,03::004160776812,2
3,cross_class,03,03::004161396812,2
3,cross_class,03,03::004196506862,2
3,cross_class,03,03::004196616862,1
3,cross_class,03,03::004196966862,2
3,cross_class,03,03::004200316867,6
3,cross_class,03,03::004200616867,11
3,cross_class,03,03::004200686867,1
3,cross_class,03,03::004201036867,6
3,cross_class,03,03::004201056867,1
3,cross_class,03,03::004213326890,11
3,cross_class,03,03::004213476890,3
3,cross_class,03,03::004213546890,1
3,cross_class,03,03::004213576890,7
3,cross_class,03,03::004213666890,13
3,cross_class,03,03::004213716890,2
3,cross_class,03,03::004213786890,15
3,cross_class,03,03::004213816890,11
3,cross_class,03,03::004213886890,2
3,cross_class,03,03::004214016890,4
3,cross_class,03,03::004214186890,1
3,cross_class,03,03::004214306890,9
3,cross_class,03,03::004214586890,4
3,cross_class,03,03::004214626890,6
3,cross_class,03,03::004214646890,3
3,cross_class,03,03::004222246906,4
3,cross_class,03,03::004222336906,1
3,cross_class,03,03::004222876906,2
3,cross_class,03,03::004222936906,4
3,cross_class,03,03::004223046906,3
3,cross_class,03,03::004223856906,2
3,cross_class,03,03::004226656913,4
3,cross_class,03,03::004227866913,4
3,cross_class,03,03::004232466918,1
3,cross_class,03,03::004265156967,2
3,cross_class,03,03::004265286967,1
3,cross_class,03,03::004266346970,3
3,cross_class,03,03::004266866970,2
3,cross_class,03,03::004270066972,8
3,cross_class,03,03::004270606972,4
3,cross_class,03,03::004272446975,12
3,cross_class,03,03::004272596975,5
3,cross_class,03,03::004272816975,2
3,cross_class,03,03::004272926975,1
3,cross_class,03,03::004273286975,2
3,cross_class,03,03::004273556975,2
3,cross_class,03,03::004277086978,10
3,cross_class,03,03::004286647004,3
3,cross_class,03,03::004287877004,2
3,cross_class,03,03::004287957004,1
3,cross_class,03,03::004288267004,4
3,cross_class,03,03::004288547004,1
3,cross_class,03,03::004288637004,6
3,cross_class,03,03::004310537035,1
3,cross_class,03,03::004313687038,2
3,cross_class,03,03::004313857038,3
3,cross_class,03,03::004314257038,2
3,cross_class,03,03::004314447038,7
3,cross_class,03,03::004329677042,2
3,cross_class,03,03::004341767064,2
3,cross_class,03,03::004342027064,1
3,cross_class,03,03::004342127064,3
3,cross_class,03,03::004342277064,3
3,cross_class,03,03::004342667064,3
3,cross_class,03,03::004354907091,3
3,cross_class,03,03::004355067091,1
3,cross_class,03,03::004355517094,2
3,cross_class,03,03::004355587094,1
3,cross_class,03,03::004360257105,6
3,cross_class,03,03::004382117116,3
3,cross_class,03,03::004388587119,3
3,cross_class,03,03::004388677119,6
3,cross_class,03,03::004388737119,5
3,cross_class,03,03::004388747119,2
3,cross_class,03,03::004388817119,4
3,cross_class,03,03::004388867119,9
3,cross_class,03,03::004410077147,4
3,cross_class,03,03::004410277147,7
3,cross_class,03,03::004437457192,1
3,cross_class,03,03::004439957195,2
3,cross_class,03,03::004444047197,7
3,cross_class,03,03::004470377254,2
3,cross_class,03,03::004472807254,4
3,cross_class,03,03::004472937254,1
3,cross_class,03,03::004474437254,3
3,cross_class,03,03::004474447254,1
3,cross_class,03,03::004479727258,1
3,cross_class,03,03::004480627258,1
3,cross_class,03,03::004490627261,6
3,cross_class,03,03::004490977262,3
3,cross_class,03,03::004491017262,2
3,cross_class,03,03::004501737285,7
3,cross_class,03,03::004501767285,2
3,cross_class,03,03::004501857285,1
3,cross_class,03,03::004502807286,1
3,cross_class,03,03::004517957321,17
3,cross_class,03,03::004519197323,1
3,cross_class,03,03::004519467323,4
3,cross_class,03,03::004519807323,3
3,cross_class,03,03::004524147333,5
3,cross_class,03,03::004524397333,1
3,cross_class,03,03::004536377356,6
3,cross_class,03,03::004540247360,2
3,cross_class,03,03::004540477360,4
3,cross_class,03,03::004543317366,2
3,cross_class,03,03::004543337366,2
3,cross_class,03,03::004543897366,3
3,cross_class,03,03::004544157366,1
3,cross_class,03,03::004557887383,9
3,cross_class,03,03::004557907383,6
3,cross_class,03,03::004557987383,1
3,cross_class,03,03::004559447386,8
3,cross_class,03,03::004559457386,6
3,cross_class,03,03::004559967386,4
3,cross_class,03,03::004563167390,7
3,cross_class,03,03::004563827390,4
3,cross_class,03,03::004563917390,1
3,cross_class,03,03::004591547447,2
3,cross_class,03,03::004591997447,6
3,cross_class,03,03::004592487447,2
3,cross_class,03,03::004592517447,1
3,cross_class,03,03::004592647447,4
3,cross_class,03,03::004597817454,4
3,cross_class,03,03::004598117454,1
3,cross_class,03,03::004598837455,1
3,cross_class,03,03::004598857454,1
3,cross_class,03,03::004599097454,1
3,cross_class,03,03::004599307455,3
3,cross_class,03,03::004599567455,1
3,cross_class,03,03::004599587454,3
3,cross_class,03,03::004599747454,8
3,cross_class,03,03::004599847454,4
3,cross_class,03,03::004600737455,10
3,cross_class,03,03::004601247455,3
3,cross_class,03,03::004653273557,2
3,cross_class,03,03::004656483558,3
3,cross_class,03,03::004656953558,11
3,cross_class,03,03::004657833558,1
3,cross_class,03,03::004658043558,1
3,cross_class,03,03::004658323558,1
3,cross_class,03,03::004661883561,1
3,cross_class,03,03::004664303562,2
3,cross_class,03,03::004712563565,1
3,cross_class,03,03::004713953565,1
3,cross_class,03,03::344736530503,2
3,cross_class,03,03::357683553403,2
3,cross_class,03,03::380994611403,1
3,cross_class,03,03::388928629903,1
3,cross_class,03,03::422344690603,1
3,cross_class,03,03::422676691303,3
3,cross_class,03,03::443757719203,1
3,cross_class,03,03::447306725403,5
3,cross_class,03,03::453570735603,2
3,cross_class,03,03::455729738303,7
3,cross_class,03,03::465338355703,1
3,cross_class,04,04::000001969599,63
3,cross_class,04,04::000003139599,7
3,cross_class,04,04::000003629599,1
3,cross_class,04,04::000004859599,47
3,cross_class,04,04::000005849599,72
3,cross_class,04,04::000007929599,10
3,cross_class,04,04::000008759599,5
3,cross_class,04,04::000010919599,12
3,cross_class,04,04::000011529599,33
3,cross_class,04,04::000012719599,41
3,cross_class,04,04::000013809599,4
3,cross_class,04,04::000013999599,4
3,cross_class,04,04::000014509599,1
3,cross_class,04,04::000014759599,16
3,cross_class,04,04::000015359599,37
3,cross_class,04,04::000015999599,8
3,cross_class,04,04::000016429599,11
3,cross_class,04,04::000016619599,14
3,cross_class,04,04::000016949599,8
3,cross_class,04,04::000017100001,3
3,cross_class,04,04::000017379599,27
3,cross_class,04,04::000018519599,48
3,cross_class,04,04::000019749599,65
3,cross_class,04,04::000021189599,8
3,cross_class,04,04::000021539599,25
3,cross_class,04,04::000022119599,11
3,cross_class,04,04::000022289599,13
3,cross_class,04,04::000031040001,4
3,cross_class,04,04::000031270001,5
3,cross_class,04,04::000034619598,3
3,cross_class,04,04::000052439598,43
3,cross_class,04,04::000066939598,17
3,cross_class,04,04::000144589598,21
3,cross_class,04,04::000172339598,2
3,cross_class,04,04::000174389598,14
3,cross_class,04,04::003399615233,5
3,cross_class,04,04::003414765267,3
3,cross_class,04,04::003417035270,6
3,cross_class,04,04::003419825275,5
3,cross_class,04,04::003421225277,5
3,cross_class,04,04::003421495277,5
3,cross_class,04,04::003421685277,10
3,cross_class,04,04::003421745277,12
3,cross_class,04,04::003421825277,12
3,cross_class,04,04::003421845277,11
3,cross_class,04,04::003422025277,9
3,cross_class,04,04::003422045277,8
3,cross_class,04,04::003440935299,6
3,cross_class,04,04::003458505314,2
3,cross_class,04,04::003480535354,8
3,cross_class,04,04::003539605441,2
3,cross_class,04,04::003539655441,3
3,cross_class,04,04::003539845441,5
3,cross_class,04,04::003539875441,2
3,cross_class,04,04::003539935441,4
3,cross_class,04,04::003540005441,6
3,cross_class,04,04::003554485480,3
3,cross_class,04,04::003554545480,1
3,cross_class,04,04::003554595480,19
3,cross_class,04,04::003554615480,9
3,cross_class,04,04::003554735480,21
3,cross_class,04,04::003554955480,2
3,cross_class,04,04::003555145480,4
3,cross_class,04,04::003555185480,4
3,cross_class,04,04::003555195480,1
3,cross_class,04,04::003555245480,6
3,cross_class,04,04::003575535531,1
3,cross_class,04,04::003585025556,2
3,cross_class,04,04::003585065556,2
3,cross_class,04,04::003585125556,3
3,cross_class,04,04::003585175556,7
3,cross_class,04,04::003585215556,4
3,cross_class,04,04::003585265556,1
3,cross_class,04,04::003585785560,1
3,cross_class,04,04::003591205585,1
3,cross_class,04,04::003633945672,4
3,cross_class,04,04::003636285685,2
3,cross_class,04,04::003636375685,13
3,cross_class,04,04::003663715762,1
3,cross_class,04,04::003663735762,3
3,cross_class,04,04::003663825762,1
3,cross_class,04,04::003663845762,6
3,cross_class,04,04::003663885762,1
3,cross_class,04,04::003696835808,6
3,cross_class,04,04::003735945895,2
3,cross_class,04,04::003742995920,3
3,cross_class,04,04::003754215970,1
3,cross_class,04,04::003759175985,11
3,cross_class,04,04::003759325985,1
3,cross_class,04,04::003759425985,2
3,cross_class,04,04::003759525985,3
3,cross_class,04,04::003759805985,8
3,cross_class,04,04::003759875985,4
3,cross_class,04,04::003760105985,3
3,cross_class,04,04::003771136010,2
3,cross_class,04,04::003771266010,2
3,cross_class,04,04::003771336010,3
3,cross_class,04,04::003773906016,1
3,cross_class,04,04::003774036016,1
3,cross_class,04,04::003782776044,2
3,cross_class,04,04::003790326073,4
3,cross_class,04,04::003854146218,4
3,cross_class,04,04::003854386218,1
3,cross_class,04,04::003856616226,2
3,cross_class,04,04::003856846226,4
3,cross_class,04,04::003856976226,2
3,cross_class,04,04::003875906262,4
3,cross_class,04,04::003877906273,7
3,cross_class,04,04::003894176308,1
3,cross_class,04,04::003903406329,3
3,cross_class,04,04::003903716329,1
3,cross_class,04,04::003903996329,3
3,cross_class,04,04::003911166343,5
3,cross_class,04,04::003920446365,3
3,cross_class,04,04::003930896390,4
3,cross_class,04,04::004086076713,3
3,cross_class,04,04::004086156713,1
3,cross_class,04,04::004086186713,1
3,cross_class,04,04::004086196713,9
3,cross_class,04,04::004101326728,9
3,cross_class,04,04::004101426728,3
3,cross_class,04,04::004101486728,10
3,cross_class,04,04::004101676728,1
3,cross_class,04,04::004101876728,2
3,cross_class,04,04::004101896728,3
3,cross_class,04,04::004102096728,1
3,cross_class,04,04::004122396752,3
3,cross_class,04,04::004131946766,1
3,cross_class,04,04::004133346769,1
3,cross_class,04,04::004133356769,1
3,cross_class,04,04::004142096790,4
3,cross_class,04,04::004168576821,5
3,cross_class,04,04::004173046828,6
3,cross_class,04,04::004182446838,1
3,cross_class,04,04::004182576838,2
3,cross_class,04,04::004182586838,6
3,cross_class,04,04::004182746838,8
3,cross_class,04,04::004182766838,4
3,cross_class,04,04::004182806838,3
3,cross_class,04,04::004182926838,2
3,cross_class,04,04::004182946838,1
3,cross_class,04,04::004182966838,4
3,cross_class,04,04::004182996838,2
3,cross_class,04,04::004189046845,2
3,cross_class,04,04::004193206854,1
3,cross_class,04,04::004193926855,6
3,cross_class,04,04::004198846864,2
3,cross_class,04,04::004204586876,5
3,cross_class,04,04::004204616876,1
3,cross_class,04,04::004204626876,2
3,cross_class,04,04::004204696876,6
3,cross_class,04,04::004205096876,1
3,cross_class,04,04::004205396876,1
3,cross_class,04,04::004205406876,1
3,cross_class,04,04::004205566876,5
3,cross_class,04,04::004206456878,3
3,cross_class,04,04::004206516878,3
3,cross_class,04,04::004206936879,1
3,cross_class,04,04::004206956879,3
3,cross_class,04,04::004207036879,5
3,cross_class,04,04::004208686881,3
3,cross_class,04,04::004208716881,10
3,cross_class,04,04::004208766881,8
3,cross_class,04,04::004208826881,1
3,cross_class,04,04::004208886881,5
3,cross_class,04,04::004208936881,5
3,cross_class,04,04::004208956881,1
3,cross_class,04,04::004219066899,1
3,cross_class,04,04::004236826932,3
3,cross_class,04,04::004236876932,2
3,cross_class,04,04::004236896932,27
3,cross_class,04,04::004236916932,6
3,cross_class,04,04::004236976932,6
3,cross_class,04,04::004236986933,1
3,cross_class,04,04::004237006933,2
3,cross_class,04,04::004237136932,2
3,cross_class,04,04::004237146932,2
3,cross_class,04,04::004237156933,1
3,cross_class,04,04::004237226932,21
3,cross_class,04,04::004237276932,12
3,cross_class,04,04::004237496932,3
3,cross_class,04,04::004237666932,4
3,cross_class,04,04::004237786934,3
3,cross_class,04,04::004237826932,4
3,cross_class,04,04::004237946932,5
3,cross_class,04,04::004237986932,11
3,cross_class,04,04::004238016932,3
3,cross_class,04,04::004240206936,2
3,cross_class,04,04::004240336936,2
3,cross_class,04,04::004240516937,3
3,cross_class,04,04::004240716937,1
3,cross_class,04,04::004241306938,2
3,cross_class,04,04::004241446938,1
3,cross_class,04,04::004241526938,6
3,cross_class,04,04::004241536938,2
3,cross_class,04,04::004241546938,5
3,cross_class,04,04::004241576938,5
3,cross_class,04,04::004241646938,1
3,cross_class,04,04::004247216949,4
3,cross_class,04,04::004247386949,10
3,cross_class,04,04::004260136960,4
3,cross_class,04,04::004283306992,1
3,cross_class,04,04::004283476992,6
3,cross_class,04,04::004283546992,3
3,cross_class,04,04::004283576992,15
3,cross_class,04,04::004283636992,3
3,cross_class,04,04::004283646992,2
3,cross_class,04,04::004283746992,6
3,cross_class,04,04::004283766992,1
3,cross_class,04,04::004283806992,5
3,cross_class,04,04::004283816992,1
3,cross_class,04,04::004283956992,1
3,cross_class,04,04::004284096992,1
3,cross_class,04,04::004285947001,4
3,cross_class,04,04::004285967001,1
3,cross_class,04,04::004286057001,1
3,cross_class,04,04::004286987003,4
3,cross_class,04,04::004295547022,2
3,cross_class,04,04::004295557022,2
3,cross_class,04,04::004299917030,4
3,cross_class,04,04::004312497037,2
3,cross_class,04,04::004312827037,2
3,cross_class,04,04::004312957037,9
3,cross_class,04,04::004313397037,11
3,cross_class,04,04::004337107054,2
3,cross_class,04,04::004337287054,1
3,cross_class,04,04::004338417059,1
3,cross_class,04,04::004339517061,3
3,cross_class,04,04::004339597061,1
3,cross_class,04,04::004339717061,1
3,cross_class,04,04::004339727061,3
3,cross_class,04,04::004339987061,1
3,cross_class,04,04::004340257061,2
3,cross_class,04,04::004340777063,3
3,cross_class,04,04::004340897063,2
3,cross_class,04,04::004341117063,2
3,cross_class,04,04::004341257063,5
3,cross_class,04,04::004341507063,4
3,cross_class,04,04::004373377109,2
3,cross_class,04,04::004396907126,2
3,cross_class,04,04::004397547126,4
3,cross_class,04,04::004397607126,1
3,cross_class,04,04::004397647126,1
3,cross_class,04,04::004397737126,2
3,cross_class,04,04::004397867126,1
3,cross_class,04,04::004401677134,2
3,cross_class,04,04::004401767134,3
3,cross_class,04,04::004401777134,3
3,cross_class,04,04::004401827134,3
3,cross_class,04,04::004402237134,3
3,cross_class,04,04::004402287134,2
3,cross_class,04,04::004402877137,1
3,cross_class,04,04::004403087137,15
3,cross_class,04,04::004403197137,1
3,cross_class,04,04::004403287137,4
3,cross_class,04,04::004406437141,1
3,cross_class,04,04::004406567141,2
3,cross_class,04,04::004406627141,1
3,cross_class,04,04::004429367188,1
3,cross_class,04,04::004448337200,4
3,cross_class,04,04::004449597202,1
3,cross_class,04,04::004449657202,6
3,cross_class,04,04::004449677202,4
3,cross_class,04,04::004449687202,2
3,cross_class,04,04::004449707202,1
3,cross_class,04,04::004449837202,4
3,cross_class,04,04::004449927202,1
3,cross_class,04,04::004452067210,1
3,cross_class,04,04::004454387217,8
3,cross_class,04,04::004454407217,2
3,cross_class,04,04::004495977271,1
3,cross_class,04,04::004496167271,7
3,cross_class,04,04::004497717273,4
3,cross_class,04,04::004498947275,1
3,cross_class,04,04::004506637290,5
3,cross_class,04,04::004506817290,1
3,cross_class,04,04::004506847290,3
3,cross_class,04,04::004525097335,5
3,cross_class,04,04::004525177335,1
3,cross_class,04,04::004525217335,2
3,cross_class,04,04::004525227335,4
3,cross_class,04,04::004525247335,9
3,cross_class,04,04::004525297335,1
3,cross_class,04,04::004525587335,2
3,cross_class,04,04::004567957400,6
3,cross_class,04,04::004569577403,2
3,cross_class,04,04::004569957403,7
3,cross_class,04,04::004569977403,1
3,cross_class,04,04::004577437417,11
3,cross_class,04,04::004577757417,10
3,cross_class,04,04::004589027441,1
3,cross_class,04,04::004589187441,3
3,cross_class,04,04::004594127451,4
3,cross_class,04,04::004604407458,2
3,cross_class,04,04::004604467458,5
3,cross_class,04,04::004604697458,10
3,cross_class,04,04::004604977458,3
3,cross_class,04,04::004605127458,9
3,cross_class,05,05::003390165224,3
3,cross_class,05,05::003405395239,8
3,cross_class,05,05::003424705280,15
3,cross_class,05,05::003435075294,1
3,cross_class,05,05::003435245294,6
3,cross_class,05,05::003435275294,2
3,cross_class,05,05::003435375294,4
3,cross_class,05,05::003435565294,9
3,cross_class,05,05::003435645294,2
3,cross_class,05,05::003435845294,5
3,cross_class,05,05::003461225323,39
3,cross_class,05,05::003461285323,3
3,cross_class,05,05::003461315323,3
3,cross_class,05,05::003461525323,2
3,cross_class,05,05::003461565323,2
3,cross_class,05,05::003481615355,20
3,cross_class,05,05::003481735355,2
3,cross_class,05,05::003481755355,5
3,cross_class,05,05::003481835355,24
3,cross_class,05,05::003481855355,2
3,cross_class,05,05::003481885355,2
3,cross_class,05,05::003481895355,1
3,cross_class,05,05::003481975355,6
3,cross_class,05,05::003484075359,3
3,cross_class,05,05::003484095359,4
3,cross_class,05,05::003484105359,5
3,cross_class,05,05::003484185359,10
3,cross_class,05,05::003484405359,1
3,cross_class,05,05::003484425359,6
3,cross_class,05,05::003502965380,21
3,cross_class,05,05::003511395406,3
3,cross_class,05,05::003533775426,2
3,cross_class,05,05::003533955426,9
3,cross_class,05,05::003571445521,7
3,cross_class,05,05::003571465521,1
3,cross_class,05,05::003571485521,4
3,cross_class,05,05::003571615521,4
3,cross_class,05,05::003571655521,1
3,cross_class,05,05::003571945521,1
3,cross_class,05,05::003571955521,2
3,cross_class,05,05::003572045521,5
3,cross_class,05,05::003572205521,6
3,cross_class,05,05::003572265521,4
3,cross_class,05,05::003588985576,1
3,cross_class,05,05::003590225584,3
3,cross_class,05,05::003590245584,25
3,cross_class,05,05::003590285584,7
3,cross_class,05,05::003590295584,8
3,cross_class,05,05::003590305584,17
3,cross_class,05,05::003590315584,6
3,cross_class,05,05::003590355584,6
3,cross_class,05,05::003590605584,1
3,cross_class,05,05::003629885659,1
3,cross_class,05,05::003631525663,47
3,cross_class,05,05::003676215776,4
3,cross_class,05,05::003692265800,1
3,cross_class,05,05::003698665825,8
3,cross_class,05,05::003752825961,1
3,cross_class,05,05::003752845961,2
3,cross_class,05,05::003753075961,10
3,cross_class,05,05::003753145961,1
3,cross_class,05,05::003762455989,5
3,cross_class,05,05::003762475989,6
3,cross_class,05,05::003783956047,2
3,cross_class,05,05::003796236083,2
3,cross_class,05,05::003796346083,2
3,cross_class,05,05::003796486083,2
3,cross_class,05,05::003800676101,16
3,cross_class,05,05::003800766101,3
3,cross_class,05,05::003800856101,1
3,cross_class,05,05::003801516101,3
3,cross_class,05,05::003801596101,3
3,cross_class,05,05::003801646101,7
3,cross_class,05,05::003869396241,6
3,cross_class,05,05::003869496241,6
3,cross_class,05,05::003869526241,20
3,cross_class,05,05::003869546241,5
3,cross_class,05,05::003882056286,4
3,cross_class,05,05::003903036328,39
3,cross_class,05,05::003903336328,6
3,cross_class,05,05::003903486328,1
3,cross_class,05,05::003924076368,8
3,cross_class,05,05::003924126368,2
3,cross_class,05,05::003924186368,4
3,cross_class,05,05::003924256368,8
3,cross_class,05,05::003924326368,4
3,cross_class,05,05::003924406368,4
3,cross_class,05,05::003941876420,15
3,cross_class,05,05::003941926420,22
3,cross_class,05,05::003941976420,7
3,cross_class,05,05::003949556446,6
3,cross_class,05,05::003949676446,6
3,cross_class,05,05::003955076461,2
3,cross_class,05,05::004084476706,5
3,cross_class,05,05::004191526853,10
3,cross_class,05,05::004191626853,4
3,cross_class,05,05::004217946897,2
3,cross_class,05,05::004262556961,3
3,cross_class,05,05::004262666961,26
3,cross_class,05,05::004262996961,2
3,cross_class,05,05::004263256961,2
3,cross_class,05,05::004263286961,23
3,cross_class,05,05::004263366961,12
3,cross_class,05,05::004263456961,7
3,cross_class,05,05::004263466961,3
3,cross_class,05,05::004263496961,2
3,cross_class,05,05::004283376991,2
3,cross_class,05,05::004293467013,1
3,cross_class,05,05::004311157036,6
3,cross_class,05,05::004342437065,3
3,cross_class,05,05::004342487065,1
3,cross_class,05,05::004343217065,6
3,cross_class,05,05::004345537073,5
3,cross_class,05,05::004345597073,5
3,cross_class,05,05::004346457075,2
3,cross_class,05,05::004353767082,3
3,cross_class,05,05::004353867082,7
3,cross_class,05,05::004354677087,3
3,cross_class,05,05::004372977108,4
3,cross_class,05,05::004373027108,3
3,cross_class,05,05::004373137108,6
3,cross_class,05,05::004373187108,6
3,cross_class,05,05::004373287108,5
3,cross_class,05,05::004373307108,3
3,cross_class,05,05::004373327108,5
3,cross_class,05,05::004373457108,3
3,cross_class,05,05::004374277108,2
3,cross_class,05,05::004374387108,3
3,cross_class,05,05::004374527108,8
3,cross_class,05,05::004375817108,1
3,cross_class,05,05::004376457108,11
3,cross_class,05,05::004476387256,1
3,cross_class,05,05::004476507256,1
3,cross_class,05,05::004476787256,1
3,cross_class,05,05::004476967256,1
3,cross_class,05,05::004496507272,4
3,cross_class,05,05::004496517272,1
3,cross_class,05,05::004496547272,17
3,cross_class,05,05::004496597272,1
3,cross_class,05,05::004496757272,3
3,cross_class,05,05::004515297318,4
3,cross_class,05,05::004515357318,14
3,cross_class,05,05::004515417318,3
3,cross_class,05,05::004515447318,1
3,cross_class,05,05::004515547318,2
3,cross_class,05,05::004531217347,3
3,cross_class,05,05::004531277347,1
3,cross_class,05,05::004547477373,5
3,cross_class,05,05::004570877405,71
3,cross_class,05,05::004571207405,1
3,cross_class,05,05::004572807409,1
3,cross_class,05,05::004585357429,1
3,cross_class,05,05::348420535905,8
3,cross_class,05,05::435464708705,22
3,cross_class,06,06::000004710001,17
3,cross_class,06,06::000004740001,4
3,cross_class,06,06::000023979597,26
3,cross_class,06,06::003461275323,3
3,cross_class,06,06::003540185442,1
3,cross_class,06,06::003549545469,15
3,cross_class,06,06::003549575469,3
3,cross_class,06,06::003549635469,2
3,cross_class,06,06::003579375536,1
3,cross_class,06,06::003682685784,1
3,cross_class,06,06::003692245800,1
3,cross_class,06,06::003693975805,1
3,cross_class,06,06::003776726026,1
3,cross_class,06,06::003803636104,2
3,cross_class,06,06::004083106702,1
3,cross_class,06,06::004421547170,2
3,cross_class,06,06::004495287268,1
3,cross_class,06,06::004531207347,1
3,cross_class,06,06::004575827413,3
3,cross_class,07,07::000000109596,12
3,cross_class,07,07::000002989596,6
3,cross_class,07,07::000004759596,3
3,cross_class,07,07::000005219596,3
3,cross_class,07,07::000005489596,4
3,cross_class,07,07::000006519596,6
3,cross_class,07,07::000008059596,57
3,cross_class,07,07::000013310001,34
3,cross_class,07,07::000027400001,6
3,cross_class,07,07::000057749596,14
3,cross_class,07,07::000065789596,120
3,cross_class,07,07::001343000107,33
3,cross_class,07,07::003445105304,3
3,cross_class,07,07::003642165707,5
3,cross_class,07,07::003735255892,1
3,cross_class,07,07::004269456972,7
3,cross_class,07,07::004269506972,1
3,cross_class,07,07::004269586972,2
3,cross_class,07,07::004270436972,5
3,cross_class,07,07::004342037064,1
3,cross_class,07,07::004535467356,1
3,cross_class,08,08::000005919596,3
3,cross_class,08,08::000009299597,2
3,cross_class,08,08::000026310001,15
3,cross_class,08,08::000026470001,4
3,cross_class,08,08::000026930001,6
3,cross_class,08,08::000027190001,9
3,cross_class,08,08::000027230001,18
3,cross_class,08,08::000033940001,5
3,cross_class,08,08::000034240001,11
3,cross_class,08,08::000040059596,9
3,cross_class,08,08::001348000108,1
3,cross_class,08,08::002730000108,2
3,cross_class,08,08::003385105218,5
3,cross_class,08,08::003418315273,9
3,cross_class,08,08::003445385304,4
3,cross_class,08,08::003462545325,3
3,cross_class,08,08::003467675331,2
3,cross_class,08,08::003817186126,2
3,cross_class,08,08::004583837425,4
3,cross_class,08,08::004653103557,2
3,cross_class,08,08::422344690608,2
3,cross_class,09,09::003381265211,9
3,cross_class,09,09::003431335291,5
3,cross_class,09,09::003527035419,1
3,cross_class,09,09::003527495419,4
3,cross_class,09,09::003541345448,5
3,cross_class,09,09::003541755448,5
3,cross_class,09,09::003542955448,4
3,cross_class,09,09::003620705639,4
3,cross_class,09,09::003709125845,6
3,cross_class,09,09::003790936075,22
3,cross_class,09,09::003826506157,1
3,cross_class,09,09::003917816356,5
3,cross_class,09,09::004093696723,4
3,cross_class,09,09::004094076722,1
3,cross_class,09,09::004328907042,11
3,cross_class,09,09::004413277149,7
3,cross_class,09,09::004543267366,4
3,cross_class,09,09::379083607509,2
3,cross_class,10,10::003478665350,3
3,cross_class,10,10::003478935350,3
3,cross_class,10,10::003778306032,4
3,cross_class,10,10::003953286451,26
3,cross_class,10,10::003953316451,7
3,cross_class,10,10::003953366451,6
3,cross_class,10,10::004137456776,10
3,cross_class,10,10::004203496872,2
3,cross_class,10,10::004203506872,5
3,cross_class,10,10::004402197135,8
3,cross_class,10,10::004402227135,2
3,cross_class,10,10::004402247135,9
3,cross_class,10,10::004402377135,16
3,cross_class,10,10::004402417135,2
3,cross_class,10,10::004492977264,1
3,cross_class,11,11::000001329595,2
3,cross_class,11,11::000011519592,17
3,cross_class,11,11::000017959594,9
3,cross_class,11,11::003389135223,2
3,cross_class,11,11::003428105288,5
3,cross_class,11,11::003533865426,4
3,cross_class,11,11::003747815941,3
3,cross_class,11,11::003973146503,1
3,cross_class,11,11::003973296503,1
3,cross_class,12,12::003589995584,3
3,cross_class,12,12::003698315825,12
3,cross_class,12,12::003698325825,4
3,cross_class,12,12::003752795961,7
3,cross_class,12,12::004124506755,2
3,cross_class,12,12::004193556855,6
3,cross_class,12,12::004567327399,1
3,cross_class,13,13::000002919597,17
3,cross_class,13,13::000003939597,14
3,cross_class,13,13::000019459597,3
3,cross_class,13,13::000023190001,16
3,cross_class,13,13::003486405363,7
3,cross_class,13,13::003547685460,2
3,cross_class,13,13::003678515781,1
3,cross_class,13,13::003801046102,2
3,cross_class,13,13::003909056342,3
3,cross_class,14,14::000003589596,11
3,cross_class,14,14::000005479596,6
3,cross_class,14,14::000026550001,15
3,cross_class,14,14::000051379596,2
3,cross_class,14,14::003404000114,4
3,cross_class,14,14::003405535240,1
3,cross_class,14,14::003645685716,2
3,cross_class,15,15::002199000115,5
3,cross_class,15,15::003486035363,4
3,cross_class,15,15::004204116874,5
3,cross_class,15,15::004204226874,2
3,cross_class,15,15::004204256874,1
3,cross_class,16,16::000010169594,15
3,cross_class,16,16::000013609594,17
3,cross_class,16,16::000015529594,3
3,cross_class,16,16::000015909594,10
3,cross_class,16,16::000016299594,3
